{"level":"info","message":"Fetching live traffic data for 28.6139,72.8777 with radius 5km","timestamp":"2025-09-04T07:15:02.241Z"}
{"level":"warn","message":"Retry attempt 1 failed, retrying in 2000ms","timestamp":"2025-09-04T07:15:05.987Z"}
{"level":"warn","message":"Retry attempt 1 failed, retrying in 2000ms","timestamp":"2025-09-04T07:15:05.991Z"}
{"level":"warn","message":"Retry attempt 2 failed, retrying in 4000ms","timestamp":"2025-09-04T07:15:10.666Z"}
{"level":"warn","message":"Retry attempt 2 failed, retrying in 4000ms","timestamp":"2025-09-04T07:15:10.680Z"}
{"level":"warn","message":"Traffic flow data request failed:","timestamp":"2025-09-04T07:15:10.874Z"}
{"level":"warn","message":"Traffic incidents data request failed:","timestamp":"2025-09-04T07:15:10.875Z"}
{"level":"error","message":"Error storing traffic incidents in database:","timestamp":"2025-09-04T07:15:10.886Z"}
{"level":"info","message":"Returning cached live traffic data for 28.6139,72.8777","timestamp":"2025-09-04T07:15:10.940Z"}
{"level":"info","message":"Fetching live traffic data for 28.6139,72.8777 with radius 5km","timestamp":"2025-09-04T07:20:55.762Z"}
{"level":"warn","message":"Retry attempt 1 failed, retrying in 2000ms","timestamp":"2025-09-04T07:20:58.472Z"}
{"level":"warn","message":"Retry attempt 1 failed, retrying in 2000ms","timestamp":"2025-09-04T07:20:58.474Z"}
{"level":"warn","message":"Retry attempt 2 failed, retrying in 4000ms","timestamp":"2025-09-04T07:21:02.673Z"}
{"level":"warn","message":"Retry attempt 2 failed, retrying in 4000ms","timestamp":"2025-09-04T07:21:02.674Z"}
{"level":"warn","message":"Traffic flow data request failed:","timestamp":"2025-09-04T07:21:02.889Z"}
{"level":"warn","message":"Traffic incidents data request failed:","timestamp":"2025-09-04T07:21:02.890Z"}
{"level":"error","message":"Error storing traffic incidents in database:","timestamp":"2025-09-04T07:21:02.904Z"}
{"level":"info","message":"Returning cached live traffic data for 28.6139,72.8777","timestamp":"2025-09-04T07:21:02.970Z"}
{"level":"info","message":"Returning cached live traffic data for 28.6139,72.8777","timestamp":"2025-09-04T07:22:00.978Z"}
{"level":"info","message":"Returning cached live traffic data for 28.6139,72.8777","timestamp":"2025-09-04T07:24:42.834Z"}
{"level":"info","message":"Fetching live traffic data for 28.6139,72.8777 with radius 5km","timestamp":"2025-09-04T07:25:16.061Z"}
{"level":"warn","message":"Retry attempt 1 failed, retrying in 2000ms","timestamp":"2025-09-04T07:25:18.417Z"}
{"level":"warn","message":"Retry attempt 1 failed, retrying in 2000ms","timestamp":"2025-09-04T07:25:18.900Z"}
{"level":"warn","message":"Retry attempt 2 failed, retrying in 4000ms","timestamp":"2025-09-04T07:25:22.624Z"}
{"level":"warn","message":"Retry attempt 2 failed, retrying in 4000ms","timestamp":"2025-09-04T07:25:23.110Z"}
{"level":"warn","message":"Traffic flow data request failed:","timestamp":"2025-09-04T07:25:23.426Z"}
{"level":"warn","message":"Traffic incidents data request failed:","timestamp":"2025-09-04T07:25:23.427Z"}
{"level":"error","message":"Error storing traffic incidents in database:","timestamp":"2025-09-04T07:25:23.440Z"}
{"level":"info","message":"Returning cached live traffic data for 28.6139,72.8777","timestamp":"2025-09-04T07:25:23.701Z"}
{"level":"error","message":"Traffic API token verification failed:","timestamp":"2025-09-04T11:27:16.588Z"}
{"level":"info","message":"Fetching live traffic data for 19.076,72.8777 with radius 5km","timestamp":"2025-09-04T11:50:28.057Z"}
{"level":"warn","message":"Retry attempt 1 failed, retrying in 2000ms","timestamp":"2025-09-04T11:50:30.908Z"}
{"level":"warn","message":"Retry attempt 1 failed, retrying in 2000ms","timestamp":"2025-09-04T11:50:31.002Z"}
{"level":"warn","message":"Retry attempt 2 failed, retrying in 4000ms","timestamp":"2025-09-04T11:50:35.134Z"}
{"level":"warn","message":"Retry attempt 2 failed, retrying in 4000ms","timestamp":"2025-09-04T11:50:35.238Z"}
{"level":"warn","message":"Traffic flow data request failed:","timestamp":"2025-09-04T11:50:35.472Z"}
{"level":"warn","message":"Traffic incidents data request failed:","timestamp":"2025-09-04T11:50:35.472Z"}
{"level":"error","message":"Error storing traffic incidents in database:","timestamp":"2025-09-04T11:50:35.482Z"}
{"level":"info","message":"Generating high-accuracy traffic prediction for 19.076,72.8777","timestamp":"2025-09-04T11:50:35.486Z"}
{"level":"warn","message":"Real-time traffic data unavailable:","timestamp":"2025-09-04T11:50:35.755Z"}
{"level":"warn","message":"Retry attempt 1 failed, retrying in 2000ms","timestamp":"2025-09-04T11:50:37.762Z"}
{"level":"warn","message":"Retry attempt 2 failed, retrying in 4000ms","timestamp":"2025-09-04T11:50:41.769Z"}
{"level":"error","message":"ML prediction service failed or below accuracy threshold:","timestamp":"2025-09-04T11:50:41.773Z"}
{"level":"info","message":"Fetching live traffic data for 19.076,72.8777 with radius 5km","timestamp":"2025-09-04T11:58:52.536Z"}
{"level":"warn","message":"Retry attempt 1 failed, retrying in 2000ms","timestamp":"2025-09-04T11:58:55.375Z"}
{"level":"warn","message":"Retry attempt 1 failed, retrying in 2000ms","timestamp":"2025-09-04T11:58:55.412Z"}
{"level":"warn","message":"Retry attempt 2 failed, retrying in 4000ms","timestamp":"2025-09-04T11:58:59.616Z"}
{"level":"warn","message":"Retry attempt 2 failed, retrying in 4000ms","timestamp":"2025-09-04T11:58:59.638Z"}
{"level":"warn","message":"Traffic flow data request failed:","timestamp":"2025-09-04T11:58:59.860Z"}
{"level":"warn","message":"Traffic incidents data request failed:","timestamp":"2025-09-04T11:58:59.860Z"}
{"level":"error","message":"Error storing traffic incidents in database:","timestamp":"2025-09-04T11:58:59.871Z"}
{"level":"info","message":"Generating high-accuracy traffic prediction for 19.076,72.8777","timestamp":"2025-09-04T11:58:59.874Z"}
{"level":"warn","message":"Real-time traffic data unavailable:","timestamp":"2025-09-04T11:59:00.199Z"}
{"level":"warn","message":"Retry attempt 1 failed, retrying in 2000ms","timestamp":"2025-09-04T11:59:02.211Z"}
{"level":"warn","message":"Retry attempt 2 failed, retrying in 4000ms","timestamp":"2025-09-04T11:59:06.216Z"}
{"level":"error","message":"ML prediction service failed or below accuracy threshold:","timestamp":"2025-09-04T11:59:06.221Z"}
{"level":"info","message":"Fetching live traffic data for 19.076,72.8777 with radius 5km","timestamp":"2025-09-04T12:00:35.245Z"}
{"level":"warn","message":"Retry attempt 1 failed, retrying in 2000ms","timestamp":"2025-09-04T12:00:38.073Z"}
{"level":"warn","message":"Retry attempt 1 failed, retrying in 2000ms","timestamp":"2025-09-04T12:00:38.102Z"}
{"level":"warn","message":"Retry attempt 2 failed, retrying in 4000ms","timestamp":"2025-09-04T12:00:42.308Z"}
{"level":"warn","message":"Retry attempt 2 failed, retrying in 4000ms","timestamp":"2025-09-04T12:00:42.319Z"}
{"level":"warn","message":"Traffic flow data request failed:","timestamp":"2025-09-04T12:00:42.602Z"}
{"level":"warn","message":"Traffic incidents data request failed:","timestamp":"2025-09-04T12:00:42.602Z"}
{"level":"error","message":"Error storing traffic incidents in database:","timestamp":"2025-09-04T12:00:42.617Z"}
{"level":"info","message":"Generating high-accuracy traffic prediction for 19.076,72.8777","timestamp":"2025-09-04T12:00:42.622Z"}
{"level":"warn","message":"Real-time traffic data unavailable:","timestamp":"2025-09-04T12:00:42.905Z"}
{"level":"warn","message":"Retry attempt 1 failed, retrying in 2000ms","timestamp":"2025-09-04T12:00:44.911Z"}
{"level":"warn","message":"Retry attempt 2 failed, retrying in 4000ms","timestamp":"2025-09-04T12:00:48.916Z"}
{"level":"error","message":"ML prediction service failed or below accuracy threshold:","timestamp":"2025-09-04T12:00:48.921Z"}
{"level":"info","message":"Fetching live traffic data for 19.076,72.8777 with radius 5km","timestamp":"2025-09-04T12:02:36.574Z"}
{"level":"warn","message":"Retry attempt 1 failed, retrying in 2000ms","timestamp":"2025-09-04T12:02:40.674Z"}
{"level":"warn","message":"Retry attempt 1 failed, retrying in 2000ms","timestamp":"2025-09-04T12:02:40.677Z"}
{"level":"warn","message":"Retry attempt 2 failed, retrying in 4000ms","timestamp":"2025-09-04T12:02:45.117Z"}
{"level":"warn","message":"Retry attempt 2 failed, retrying in 4000ms","timestamp":"2025-09-04T12:02:45.140Z"}
{"level":"warn","message":"Traffic flow data request failed:","timestamp":"2025-09-04T12:02:45.383Z"}
{"level":"warn","message":"Traffic incidents data request failed:","timestamp":"2025-09-04T12:02:45.383Z"}
{"level":"error","message":"Error storing traffic incidents in database:","timestamp":"2025-09-04T12:02:45.390Z"}
{"level":"info","message":"Generating high-accuracy traffic prediction for 19.076,72.8777","timestamp":"2025-09-04T12:02:45.394Z"}
{"level":"warn","message":"Real-time traffic data unavailable:","timestamp":"2025-09-04T12:02:45.611Z"}
{"level":"warn","message":"Retry attempt 1 failed, retrying in 2000ms","timestamp":"2025-09-04T12:02:47.620Z"}
{"level":"warn","message":"Retry attempt 2 failed, retrying in 4000ms","timestamp":"2025-09-04T12:02:51.621Z"}
{"level":"error","message":"ML prediction service failed or below accuracy threshold:","timestamp":"2025-09-04T12:02:51.623Z"}
{"level":"info","message":"Fetching live traffic data for 19.076,72.8777 with radius 5km","timestamp":"2025-09-04T12:14:46.795Z"}
{"level":"warn","message":"Retry attempt 1 failed, retrying in 2000ms","timestamp":"2025-09-04T12:14:49.555Z"}
{"level":"warn","message":"Retry attempt 1 failed, retrying in 2000ms","timestamp":"2025-09-04T12:14:49.607Z"}
{"level":"warn","message":"Retry attempt 2 failed, retrying in 4000ms","timestamp":"2025-09-04T12:14:53.778Z"}
{"level":"warn","message":"Retry attempt 2 failed, retrying in 4000ms","timestamp":"2025-09-04T12:14:53.843Z"}
{"level":"warn","message":"Traffic flow data request failed:","timestamp":"2025-09-04T12:14:54.105Z"}
{"level":"warn","message":"Traffic incidents data request failed:","timestamp":"2025-09-04T12:14:54.106Z"}
{"level":"error","message":"Error storing traffic incidents in database:","timestamp":"2025-09-04T12:14:54.120Z"}
{"level":"info","message":"Generating high-accuracy traffic prediction for 19.076,72.8777","timestamp":"2025-09-04T12:14:54.127Z"}
{"level":"warn","message":"Real-time traffic data unavailable:","timestamp":"2025-09-04T12:14:54.387Z"}
{"level":"warn","message":"Retry attempt 1 failed, retrying in 2000ms","timestamp":"2025-09-04T12:14:56.408Z"}
{"level":"warn","message":"Retry attempt 2 failed, retrying in 4000ms","timestamp":"2025-09-04T12:15:00.412Z"}
{"level":"error","message":"ML prediction service failed or below accuracy threshold:","timestamp":"2025-09-04T12:15:00.414Z"}
{"level":"info","message":"Fetching live traffic data for mumbai (19.076, 72.8777)","timestamp":"2025-09-04T17:23:22.264Z"}
{"level":"warn","message":"Retry attempt 1 failed, retrying in 2000ms","timestamp":"2025-09-04T17:23:24.924Z"}
{"level":"warn","message":"Retry attempt 1 failed, retrying in 2000ms","timestamp":"2025-09-04T17:23:24.926Z"}
{"level":"warn","message":"Retry attempt 2 failed, retrying in 4000ms","timestamp":"2025-09-04T17:23:29.149Z"}
{"level":"warn","message":"Retry attempt 2 failed, retrying in 4000ms","timestamp":"2025-09-04T17:23:29.160Z"}
{"level":"error","message":"Error storing traffic incidents in database:","timestamp":"2025-09-04T17:23:29.391Z"}
{"level":"info","message":"Returning cached live traffic data for mumbai","timestamp":"2025-09-04T17:23:29.393Z"}
{"level":"info","message":"Returning cached live traffic data for mumbai","timestamp":"2025-09-04T17:23:29.395Z"}
{"level":"info","message":"Returning cached live traffic data for mumbai","timestamp":"2025-09-04T17:23:29.397Z"}
{"level":"info","message":"Returning cached live traffic data for mumbai","timestamp":"2025-09-04T17:23:29.399Z"}
{"level":"info","message":"Generating high-accuracy traffic prediction for mumbai (19.076, 72.8777)","timestamp":"2025-09-04T17:23:32.514Z"}
{"level":"warn","message":"Real-time traffic data unavailable for mumbai:","timestamp":"2025-09-04T17:23:32.721Z"}
{"level":"error","message":"Error generating traffic prediction for mumbai:","timestamp":"2025-09-04T17:23:32.721Z"}
{"level":"info","message":"Generating high-accuracy traffic prediction for mumbai (19.076, 72.8777)","timestamp":"2025-09-04T17:23:32.722Z"}
{"level":"warn","message":"Real-time traffic data unavailable for mumbai:","timestamp":"2025-09-04T17:23:32.960Z"}
{"level":"error","message":"Error generating traffic prediction for mumbai:","timestamp":"2025-09-04T17:23:32.960Z"}
{"level":"info","message":"Generating high-accuracy traffic prediction for mumbai (19.076, 72.8777)","timestamp":"2025-09-04T17:23:37.179Z"}
{"level":"warn","message":"Real-time traffic data unavailable for mumbai:","timestamp":"2025-09-04T17:23:37.486Z"}
{"level":"error","message":"Error generating traffic prediction for mumbai:","timestamp":"2025-09-04T17:23:37.487Z"}
{"level":"info","message":"Generating high-accuracy traffic prediction for mumbai (19.076, 72.8777)","timestamp":"2025-09-04T17:23:37.531Z"}
{"level":"warn","message":"Real-time traffic data unavailable for mumbai:","timestamp":"2025-09-04T17:23:37.859Z"}
{"level":"error","message":"Error generating traffic prediction for mumbai:","timestamp":"2025-09-04T17:23:37.860Z"}
{"level":"info","message":"Generating high-accuracy traffic prediction for mumbai (19.076, 72.8777)","timestamp":"2025-09-04T17:23:42.503Z"}
{"level":"warn","message":"Real-time traffic data unavailable for mumbai:","timestamp":"2025-09-04T17:23:42.793Z"}
{"level":"error","message":"Error generating traffic prediction for mumbai:","timestamp":"2025-09-04T17:23:42.793Z"}
{"level":"info","message":"Generating high-accuracy traffic prediction for mumbai (19.076, 72.8777)","timestamp":"2025-09-04T17:23:47.494Z"}
{"level":"warn","message":"Real-time traffic data unavailable for mumbai:","timestamp":"2025-09-04T17:23:47.699Z"}
{"level":"error","message":"Error generating traffic prediction for mumbai:","timestamp":"2025-09-04T17:23:47.699Z"}
{"level":"info","message":"Generating high-accuracy traffic prediction for mumbai (19.076, 72.8777)","timestamp":"2025-09-04T17:23:50.459Z"}
{"level":"warn","message":"Real-time traffic data unavailable for mumbai:","timestamp":"2025-09-04T17:23:50.668Z"}
{"level":"error","message":"Error generating traffic prediction for mumbai:","timestamp":"2025-09-04T17:23:50.668Z"}
{"level":"info","message":"Generating high-accuracy traffic prediction for mumbai (19.076, 72.8777)","timestamp":"2025-09-04T17:23:51.659Z"}
{"level":"warn","message":"Real-time traffic data unavailable for mumbai:","timestamp":"2025-09-04T17:23:51.906Z"}
{"level":"error","message":"Error generating traffic prediction for mumbai:","timestamp":"2025-09-04T17:23:51.907Z"}
{"level":"info","message":"Generating high-accuracy traffic prediction for mumbai (19.076, 72.8777)","timestamp":"2025-09-04T17:23:52.491Z"}
{"level":"warn","message":"Real-time traffic data unavailable for mumbai:","timestamp":"2025-09-04T17:23:52.700Z"}
{"level":"error","message":"Error generating traffic prediction for mumbai:","timestamp":"2025-09-04T17:23:52.700Z"}
{"level":"info","message":"Generating high-accuracy traffic prediction for mumbai (19.076, 72.8777)","timestamp":"2025-09-04T17:23:57.491Z"}
{"level":"warn","message":"Real-time traffic data unavailable for mumbai:","timestamp":"2025-09-04T17:23:57.695Z"}
{"level":"error","message":"Error generating traffic prediction for mumbai:","timestamp":"2025-09-04T17:23:57.695Z"}
{"level":"info","message":"Fetching historical traffic data for mumbai","timestamp":"2025-09-04T17:23:59.999Z"}
{"level":"error","message":"Error fetching historical traffic data for mumbai:","timestamp":"2025-09-04T17:24:00.008Z"}
{"level":"info","message":"Fetching historical traffic data for mumbai","timestamp":"2025-09-04T17:24:00.011Z"}
{"level":"error","message":"Error fetching historical traffic data for mumbai:","timestamp":"2025-09-04T17:24:00.015Z"}
{"level":"info","message":"Fetching historical traffic data for mumbai","timestamp":"2025-09-04T17:24:01.754Z"}
{"level":"error","message":"Error fetching historical traffic data for mumbai:","timestamp":"2025-09-04T17:24:01.756Z"}
{"level":"info","message":"Fetching historical traffic data for mumbai","timestamp":"2025-09-04T17:24:02.819Z"}
{"level":"error","message":"Error fetching historical traffic data for mumbai:","timestamp":"2025-09-04T17:24:02.821Z"}
{"level":"info","message":"Fetching historical traffic data for mumbai","timestamp":"2025-09-04T17:24:03.028Z"}
{"level":"error","message":"Error fetching historical traffic data for mumbai:","timestamp":"2025-09-04T17:24:03.030Z"}
{"level":"info","message":"Fetching historical traffic data for mumbai","timestamp":"2025-09-04T17:24:03.318Z"}
{"level":"error","message":"Error fetching historical traffic data for mumbai:","timestamp":"2025-09-04T17:24:03.325Z"}
{"level":"info","message":"Fetching historical traffic data for mumbai","timestamp":"2025-09-04T17:24:03.422Z"}
{"level":"error","message":"Error fetching historical traffic data for mumbai:","timestamp":"2025-09-04T17:24:03.428Z"}
{"level":"info","message":"Fetching historical traffic data for mumbai","timestamp":"2025-09-04T17:24:03.618Z"}
{"level":"error","message":"Error fetching historical traffic data for mumbai:","timestamp":"2025-09-04T17:24:03.620Z"}
{"level":"info","message":"Fetching historical traffic data for mumbai","timestamp":"2025-09-04T17:24:03.801Z"}
{"level":"error","message":"Error fetching historical traffic data for mumbai:","timestamp":"2025-09-04T17:24:03.802Z"}
{"level":"info","message":"Fetching historical traffic data for mumbai","timestamp":"2025-09-04T17:24:04.006Z"}
{"level":"error","message":"Error fetching historical traffic data for mumbai:","timestamp":"2025-09-04T17:24:04.007Z"}
{"level":"info","message":"Fetching historical traffic data for mumbai","timestamp":"2025-09-04T17:24:04.205Z"}
{"level":"error","message":"Error fetching historical traffic data for mumbai:","timestamp":"2025-09-04T17:24:04.206Z"}
{"level":"info","message":"Fetching historical traffic data for mumbai","timestamp":"2025-09-04T17:24:04.467Z"}
{"level":"error","message":"Error fetching historical traffic data for mumbai:","timestamp":"2025-09-04T17:24:04.469Z"}
{"level":"info","message":"Fetching historical traffic data for mumbai","timestamp":"2025-09-04T17:24:04.702Z"}
{"level":"error","message":"Error fetching historical traffic data for mumbai:","timestamp":"2025-09-04T17:24:04.704Z"}
{"level":"info","message":"Fetching historical traffic data for mumbai","timestamp":"2025-09-04T17:24:04.853Z"}
{"level":"error","message":"Error fetching historical traffic data for mumbai:","timestamp":"2025-09-04T17:24:04.856Z"}
{"level":"info","message":"Fetching historical traffic data for mumbai","timestamp":"2025-09-04T17:24:04.976Z"}
{"level":"error","message":"Error fetching historical traffic data for mumbai:","timestamp":"2025-09-04T17:24:04.978Z"}
{"level":"info","message":"Fetching historical traffic data for mumbai","timestamp":"2025-09-04T17:24:05.083Z"}
{"level":"error","message":"Error fetching historical traffic data for mumbai:","timestamp":"2025-09-04T17:24:05.084Z"}
{"level":"info","message":"Fetching historical traffic data for mumbai","timestamp":"2025-09-04T17:24:05.344Z"}
{"level":"error","message":"Error fetching historical traffic data for mumbai:","timestamp":"2025-09-04T17:24:05.346Z"}
{"level":"info","message":"Fetching historical traffic data for mumbai","timestamp":"2025-09-04T17:24:09.976Z"}
{"level":"error","message":"Error fetching historical traffic data for mumbai:","timestamp":"2025-09-04T17:24:09.978Z"}
{"level":"info","message":"Fetching historical traffic data for mumbai","timestamp":"2025-09-04T17:24:14.992Z"}
{"level":"error","message":"Error fetching historical traffic data for mumbai:","timestamp":"2025-09-04T17:24:14.997Z"}
{"level":"info","message":"Returning cached live traffic data for mumbai","timestamp":"2025-09-04T17:24:17.109Z"}
{"level":"info","message":"Returning cached live traffic data for mumbai","timestamp":"2025-09-04T17:24:17.116Z"}
{"level":"info","message":"Fetching live traffic data for mumbai (19.076, 72.8777)","timestamp":"2025-09-04T17:25:02.042Z"}
{"level":"warn","message":"Retry attempt 1 failed, retrying in 2000ms","timestamp":"2025-09-04T17:25:04.712Z"}
{"level":"warn","message":"Retry attempt 1 failed, retrying in 2000ms","timestamp":"2025-09-04T17:25:04.732Z"}
{"level":"warn","message":"Retry attempt 2 failed, retrying in 4000ms","timestamp":"2025-09-04T17:25:08.915Z"}
{"level":"warn","message":"Retry attempt 2 failed, retrying in 4000ms","timestamp":"2025-09-04T17:25:08.929Z"}
{"level":"error","message":"Error storing traffic incidents in database:","timestamp":"2025-09-04T17:25:09.144Z"}
{"level":"info","message":"Returning cached live traffic data for mumbai","timestamp":"2025-09-04T17:25:09.146Z"}
{"level":"info","message":"Returning cached live traffic data for mumbai","timestamp":"2025-09-04T17:25:42.019Z"}
{"level":"info","message":"Fetching historical traffic data for mumbai","timestamp":"2025-09-04T17:25:44.832Z"}
{"level":"error","message":"Error fetching historical traffic data for mumbai:","timestamp":"2025-09-04T17:25:44.840Z"}
{"level":"info","message":"Fetching historical traffic data for mumbai","timestamp":"2025-09-04T17:25:44.844Z"}
{"level":"error","message":"Error fetching historical traffic data for mumbai:","timestamp":"2025-09-04T17:25:44.848Z"}
{"level":"info","message":"Returning cached live traffic data for mumbai","timestamp":"2025-09-04T17:26:16.401Z"}
{"level":"info","message":"Returning cached live traffic data for mumbai","timestamp":"2025-09-04T17:26:51.396Z"}
{"level":"info","message":"Returning cached live traffic data for mumbai","timestamp":"2025-09-04T17:27:03.587Z"}
{"level":"info","message":"Returning cached live traffic data for mumbai","timestamp":"2025-09-04T17:27:03.594Z"}
{"level":"info","message":"Fetching live traffic data for mumbai (19.076, 72.8777)","timestamp":"2025-09-04T17:27:26.063Z"}
{"level":"warn","message":"Retry attempt 1 failed, retrying in 2000ms","timestamp":"2025-09-04T17:27:28.718Z"}
{"level":"warn","message":"Retry attempt 1 failed, retrying in 2000ms","timestamp":"2025-09-04T17:27:28.739Z"}
{"level":"warn","message":"Retry attempt 2 failed, retrying in 4000ms","timestamp":"2025-09-04T17:27:32.915Z"}
{"level":"warn","message":"Retry attempt 2 failed, retrying in 4000ms","timestamp":"2025-09-04T17:27:32.937Z"}
{"level":"error","message":"Error storing traffic incidents in database:","timestamp":"2025-09-04T17:27:33.145Z"}
{"level":"info","message":"Returning cached live traffic data for mumbai","timestamp":"2025-09-04T17:27:33.148Z"}
{"level":"info","message":"Returning cached live traffic data for mumbai","timestamp":"2025-09-04T17:27:33.152Z"}
{"level":"info","message":"Returning cached live traffic data for mumbai","timestamp":"2025-09-04T17:27:33.154Z"}
{"level":"info","message":"Returning cached live traffic data for mumbai","timestamp":"2025-09-04T17:27:33.156Z"}
{"level":"info","message":"Returning cached live traffic data for mumbai","timestamp":"2025-09-04T17:27:33.159Z"}
{"level":"info","message":"Returning cached live traffic data for mumbai","timestamp":"2025-09-04T17:27:33.160Z"}
{"level":"info","message":"Returning cached live traffic data for mumbai","timestamp":"2025-09-04T17:28:06.709Z"}
{"level":"info","message":"Returning cached live traffic data for mumbai","timestamp":"2025-09-04T17:28:28.597Z"}
{"level":"info","message":"Returning cached live traffic data for mumbai","timestamp":"2025-09-04T17:28:28.600Z"}
{"level":"info","message":"Returning cached live traffic data for mumbai","timestamp":"2025-09-04T17:28:39.174Z"}
{"level":"info","message":"Returning cached live traffic data for mumbai","timestamp":"2025-09-04T17:28:39.176Z"}
{"level":"info","message":"Returning cached live traffic data for mumbai","timestamp":"2025-09-04T17:28:53.451Z"}
{"level":"info","message":"Returning cached live traffic data for mumbai","timestamp":"2025-09-04T17:28:53.458Z"}
{"level":"info","message":"Returning cached live traffic data for mumbai","timestamp":"2025-09-04T17:29:18.559Z"}
{"level":"info","message":"Returning cached live traffic data for mumbai","timestamp":"2025-09-04T17:29:18.564Z"}
{"level":"info","message":"Fetching live traffic data for mumbai (19.076, 72.8777)","timestamp":"2025-09-04T17:29:40.334Z"}
{"level":"warn","message":"Retry attempt 1 failed, retrying in 2000ms","timestamp":"2025-09-04T17:29:43.011Z"}
{"level":"warn","message":"Retry attempt 1 failed, retrying in 2000ms","timestamp":"2025-09-04T17:29:43.041Z"}
{"level":"warn","message":"Retry attempt 2 failed, retrying in 4000ms","timestamp":"2025-09-04T17:29:47.218Z"}
{"level":"warn","message":"Retry attempt 2 failed, retrying in 4000ms","timestamp":"2025-09-04T17:29:47.247Z"}
{"level":"error","message":"Error storing traffic incidents in database:","timestamp":"2025-09-04T17:29:47.459Z"}
{"level":"info","message":"Returning cached live traffic data for mumbai","timestamp":"2025-09-04T17:29:47.461Z"}
{"level":"info","message":"Returning cached live traffic data for mumbai","timestamp":"2025-09-04T17:29:47.464Z"}
{"level":"info","message":"Returning cached live traffic data for mumbai","timestamp":"2025-09-04T17:29:47.467Z"}
{"level":"info","message":"Returning cached live traffic data for mumbai","timestamp":"2025-09-04T17:29:47.468Z"}
{"level":"info","message":"Returning cached live traffic data for mumbai","timestamp":"2025-09-04T17:30:14.996Z"}
{"level":"info","message":"Returning cached live traffic data for mumbai","timestamp":"2025-09-04T17:30:15.002Z"}
{"level":"info","message":"Returning cached live traffic data for mumbai","timestamp":"2025-09-04T17:30:38.414Z"}
{"level":"info","message":"Returning cached live traffic data for mumbai","timestamp":"2025-09-04T17:30:38.420Z"}
{"level":"info","message":"Returning cached live traffic data for mumbai","timestamp":"2025-09-04T17:30:38.423Z"}
{"level":"info","message":"Returning cached live traffic data for mumbai","timestamp":"2025-09-04T17:30:38.425Z"}
{"level":"info","message":"Returning cached live traffic data for mumbai","timestamp":"2025-09-04T17:31:13.378Z"}
{"level":"info","message":"Fetching live traffic data for mumbai (19.076, 72.8777)","timestamp":"2025-09-04T17:31:48.382Z"}
{"level":"warn","message":"Retry attempt 1 failed, retrying in 2000ms","timestamp":"2025-09-04T17:31:51.099Z"}
{"level":"warn","message":"Retry attempt 1 failed, retrying in 2000ms","timestamp":"2025-09-04T17:31:51.100Z"}
{"level":"warn","message":"Retry attempt 2 failed, retrying in 4000ms","timestamp":"2025-09-04T17:31:55.298Z"}
{"level":"warn","message":"Retry attempt 2 failed, retrying in 4000ms","timestamp":"2025-09-04T17:31:55.299Z"}
{"level":"error","message":"Error storing traffic incidents in database:","timestamp":"2025-09-04T17:31:55.530Z"}
{"level":"info","message":"Returning cached live traffic data for mumbai","timestamp":"2025-09-04T17:31:55.532Z"}
{"level":"info","message":"Returning cached live traffic data for mumbai","timestamp":"2025-09-04T17:32:24.292Z"}
{"level":"info","message":"Returning cached live traffic data for mumbai","timestamp":"2025-09-04T17:32:24.295Z"}
{"level":"info","message":"Returning cached live traffic data for mumbai","timestamp":"2025-09-04T17:32:47.988Z"}
{"level":"info","message":"Returning cached live traffic data for mumbai","timestamp":"2025-09-04T17:32:47.994Z"}
{"level":"info","message":"Returning cached live traffic data for mumbai","timestamp":"2025-09-04T17:32:47.998Z"}
{"level":"info","message":"Returning cached live traffic data for mumbai","timestamp":"2025-09-04T17:32:48.002Z"}
{"level":"info","message":"Returning cached live traffic data for mumbai","timestamp":"2025-09-04T17:32:54.594Z"}
{"level":"info","message":"Returning cached live traffic data for mumbai","timestamp":"2025-09-04T17:32:54.627Z"}
{"level":"info","message":"Returning cached live traffic data for mumbai","timestamp":"2025-09-04T17:33:07.744Z"}
{"level":"info","message":"Returning cached live traffic data for mumbai","timestamp":"2025-09-04T17:33:07.746Z"}
{"level":"info","message":"Returning cached live traffic data for mumbai","timestamp":"2025-09-04T17:33:31.067Z"}
{"level":"info","message":"Returning cached live traffic data for mumbai","timestamp":"2025-09-04T17:33:31.096Z"}
{"level":"info","message":"Returning cached live traffic data for mumbai","timestamp":"2025-09-04T17:33:31.099Z"}
{"level":"info","message":"Returning cached live traffic data for mumbai","timestamp":"2025-09-04T17:33:31.101Z"}
{"level":"info","message":"Returning cached live traffic data for mumbai","timestamp":"2025-09-04T17:33:50.172Z"}
{"level":"info","message":"Returning cached live traffic data for mumbai","timestamp":"2025-09-04T17:33:50.175Z"}
{"level":"info","message":"Returning cached live traffic data for mumbai","timestamp":"2025-09-04T17:33:50.186Z"}
{"level":"info","message":"Returning cached live traffic data for mumbai","timestamp":"2025-09-04T17:33:50.191Z"}
{"level":"info","message":"Returning cached live traffic data for mumbai","timestamp":"2025-09-04T17:33:52.153Z"}
{"level":"info","message":"Returning cached live traffic data for mumbai","timestamp":"2025-09-04T17:33:52.157Z"}
{"level":"info","message":"Fetching live traffic data for mumbai (19.076, 72.8777)","timestamp":"2025-09-04T17:34:14.278Z"}
{"level":"warn","message":"Retry attempt 1 failed, retrying in 2000ms","timestamp":"2025-09-04T17:34:16.924Z"}
{"level":"warn","message":"Retry attempt 1 failed, retrying in 2000ms","timestamp":"2025-09-04T17:34:16.946Z"}
{"level":"warn","message":"Retry attempt 2 failed, retrying in 4000ms","timestamp":"2025-09-04T17:34:21.127Z"}
{"level":"warn","message":"Retry attempt 2 failed, retrying in 4000ms","timestamp":"2025-09-04T17:34:21.167Z"}
{"level":"error","message":"Error storing traffic incidents in database:","timestamp":"2025-09-04T17:34:21.411Z"}
{"level":"info","message":"Returning cached live traffic data for mumbai","timestamp":"2025-09-04T17:34:21.415Z"}
{"level":"info","message":"Returning cached live traffic data for mumbai","timestamp":"2025-09-04T17:34:21.418Z"}
{"level":"info","message":"Returning cached live traffic data for mumbai","timestamp":"2025-09-04T17:34:21.420Z"}
{"level":"info","message":"Returning cached live traffic data for mumbai","timestamp":"2025-09-04T17:34:21.426Z"}
{"level":"info","message":"Returning cached live traffic data for mumbai","timestamp":"2025-09-04T17:34:54.232Z"}
{"level":"info","message":"Returning cached live traffic data for mumbai","timestamp":"2025-09-04T17:35:29.226Z"}
{"level":"info","message":"Returning cached live traffic data for mumbai","timestamp":"2025-09-04T17:36:04.236Z"}
{"level":"info","message":"Fetching live traffic data for mumbai (19.076, 72.8777)","timestamp":"2025-09-04T17:36:39.223Z"}
{"level":"warn","message":"Retry attempt 1 failed, retrying in 2000ms","timestamp":"2025-09-04T17:36:42.115Z"}
{"level":"warn","message":"Retry attempt 1 failed, retrying in 2000ms","timestamp":"2025-09-04T17:36:42.121Z"}
{"level":"warn","message":"Retry attempt 2 failed, retrying in 4000ms","timestamp":"2025-09-04T17:36:46.318Z"}
{"level":"warn","message":"Retry attempt 2 failed, retrying in 4000ms","timestamp":"2025-09-04T17:36:46.320Z"}
{"level":"error","message":"Error storing traffic incidents in database:","timestamp":"2025-09-04T17:36:46.530Z"}
{"level":"info","message":"Returning cached live traffic data for mumbai","timestamp":"2025-09-04T17:36:46.532Z"}
{"level":"info","message":"Returning cached live traffic data for mumbai","timestamp":"2025-09-04T17:36:58.760Z"}
{"level":"info","message":"Returning cached live traffic data for mumbai","timestamp":"2025-09-04T17:36:58.763Z"}
{"level":"info","message":"Returning cached live traffic data for mumbai","timestamp":"2025-09-04T17:37:16.911Z"}
{"level":"info","message":"Returning cached live traffic data for mumbai","timestamp":"2025-09-04T17:37:16.922Z"}
{"level":"info","message":"Returning cached live traffic data for mumbai","timestamp":"2025-09-04T17:37:16.929Z"}
{"level":"info","message":"Returning cached live traffic data for mumbai","timestamp":"2025-09-04T17:37:16.933Z"}
{"level":"info","message":"Returning cached live traffic data for mumbai","timestamp":"2025-09-04T17:37:20.517Z"}
{"level":"info","message":"Returning cached live traffic data for mumbai","timestamp":"2025-09-04T17:37:20.524Z"}
{"level":"info","message":"Returning cached live traffic data for mumbai","timestamp":"2025-09-04T17:37:44.336Z"}
{"level":"info","message":"Returning cached live traffic data for mumbai","timestamp":"2025-09-04T17:37:44.346Z"}
{"level":"info","message":"Returning cached live traffic data for mumbai","timestamp":"2025-09-04T17:37:44.348Z"}
{"level":"info","message":"Returning cached live traffic data for mumbai","timestamp":"2025-09-04T17:37:44.351Z"}
{"level":"info","message":"Returning cached live traffic data for mumbai","timestamp":"2025-09-04T17:38:12.159Z"}
{"level":"info","message":"Returning cached live traffic data for mumbai","timestamp":"2025-09-04T17:38:12.172Z"}
{"level":"info","message":"Returning cached live traffic data for mumbai","timestamp":"2025-09-04T17:38:12.175Z"}
{"level":"info","message":"Returning cached live traffic data for mumbai","timestamp":"2025-09-04T17:38:12.181Z"}
{"level":"info","message":"Returning cached live traffic data for mumbai","timestamp":"2025-09-04T17:38:14.920Z"}
{"level":"info","message":"Returning cached live traffic data for mumbai","timestamp":"2025-09-04T17:38:42.911Z"}
{"level":"info","message":"Fetching live traffic data for mumbai (19.076, 72.8777)","timestamp":"2025-09-04T17:38:49.299Z"}
{"level":"warn","message":"Retry attempt 1 failed, retrying in 2000ms","timestamp":"2025-09-04T17:38:52.230Z"}
{"level":"warn","message":"Retry attempt 1 failed, retrying in 2000ms","timestamp":"2025-09-04T17:38:52.239Z"}
{"level":"warn","message":"Retry attempt 2 failed, retrying in 4000ms","timestamp":"2025-09-04T17:38:56.439Z"}
{"level":"warn","message":"Retry attempt 2 failed, retrying in 4000ms","timestamp":"2025-09-04T17:38:56.440Z"}
{"level":"error","message":"Error storing traffic incidents in database:","timestamp":"2025-09-04T17:38:56.644Z"}
{"level":"info","message":"Returning cached live traffic data for mumbai","timestamp":"2025-09-04T17:38:56.646Z"}
{"level":"info","message":"Returning cached live traffic data for mumbai","timestamp":"2025-09-04T17:39:17.911Z"}
{"level":"info","message":"Returning cached live traffic data for mumbai","timestamp":"2025-09-04T17:39:29.297Z"}
{"level":"info","message":"Returning cached live traffic data for mumbai","timestamp":"2025-09-04T17:40:04.298Z"}
{"level":"info","message":"Returning cached live traffic data for mumbai","timestamp":"2025-09-04T17:40:05.915Z"}
{"level":"info","message":"Returning cached live traffic data for mumbai","timestamp":"2025-09-04T17:40:39.301Z"}
{"level":"info","message":"Fetching live traffic data for mumbai (19.076, 72.8777)","timestamp":"2025-09-04T17:41:05.911Z"}
{"level":"warn","message":"Retry attempt 1 failed, retrying in 2000ms","timestamp":"2025-09-04T17:41:08.543Z"}
{"level":"warn","message":"Retry attempt 1 failed, retrying in 2000ms","timestamp":"2025-09-04T17:41:08.556Z"}
{"level":"warn","message":"Retry attempt 2 failed, retrying in 4000ms","timestamp":"2025-09-04T17:41:12.745Z"}
{"level":"warn","message":"Retry attempt 2 failed, retrying in 4000ms","timestamp":"2025-09-04T17:41:12.760Z"}
{"level":"error","message":"Error storing traffic incidents in database:","timestamp":"2025-09-04T17:41:12.969Z"}
{"level":"info","message":"Returning cached live traffic data for mumbai","timestamp":"2025-09-04T17:41:14.295Z"}
{"level":"info","message":"Returning cached live traffic data for mumbai","timestamp":"2025-09-04T17:41:23.704Z"}
{"level":"info","message":"Returning cached live traffic data for mumbai","timestamp":"2025-09-04T17:41:23.712Z"}
{"level":"info","message":"Returning cached live traffic data for mumbai","timestamp":"2025-09-04T17:41:24.012Z"}
{"level":"info","message":"Returning cached live traffic data for mumbai","timestamp":"2025-09-04T17:41:24.050Z"}
{"level":"info","message":"Returning cached live traffic data for mumbai","timestamp":"2025-09-04T17:41:34.701Z"}
{"level":"info","message":"Returning cached live traffic data for mumbai","timestamp":"2025-09-04T17:41:34.711Z"}
{"level":"info","message":"Returning cached live traffic data for mumbai","timestamp":"2025-09-04T17:41:34.722Z"}
{"level":"info","message":"Returning cached live traffic data for mumbai","timestamp":"2025-09-04T17:41:34.732Z"}
{"level":"info","message":"Returning cached live traffic data for mumbai","timestamp":"2025-09-04T17:41:43.085Z"}
{"level":"info","message":"Returning cached live traffic data for mumbai","timestamp":"2025-09-04T17:41:43.094Z"}
{"level":"info","message":"Returning cached live traffic data for mumbai","timestamp":"2025-09-04T17:41:43.099Z"}
{"level":"info","message":"Returning cached live traffic data for mumbai","timestamp":"2025-09-04T17:41:43.108Z"}
{"level":"info","message":"Returning cached live traffic data for mumbai","timestamp":"2025-09-04T17:42:13.904Z"}
{"level":"info","message":"Returning cached live traffic data for mumbai","timestamp":"2025-09-04T17:42:17.923Z"}
{"level":"info","message":"Returning cached live traffic data for mumbai","timestamp":"2025-09-04T17:42:25.636Z"}
{"level":"info","message":"Returning cached live traffic data for mumbai","timestamp":"2025-09-04T17:42:25.655Z"}
{"level":"info","message":"Returning cached live traffic data for mumbai","timestamp":"2025-09-04T17:42:25.979Z"}
{"level":"info","message":"Returning cached live traffic data for mumbai","timestamp":"2025-09-04T17:42:25.995Z"}
{"level":"info","message":"Returning cached live traffic data for mumbai","timestamp":"2025-09-04T17:42:48.317Z"}
{"level":"info","message":"Returning cached live traffic data for mumbai","timestamp":"2025-09-04T17:42:48.325Z"}
{"level":"info","message":"Returning cached live traffic data for mumbai","timestamp":"2025-09-04T17:42:48.333Z"}
{"level":"info","message":"Returning cached live traffic data for mumbai","timestamp":"2025-09-04T17:42:48.336Z"}
{"level":"info","message":"Returning cached live traffic data for mumbai","timestamp":"2025-09-04T17:42:56.912Z"}
{"level":"info","message":"Fetching live traffic data for mumbai (19.076, 72.8777)","timestamp":"2025-09-04T17:43:23.336Z"}
{"level":"warn","message":"Retry attempt 1 failed, retrying in 2000ms","timestamp":"2025-09-04T17:43:26.055Z"}
{"level":"warn","message":"Retry attempt 1 failed, retrying in 2000ms","timestamp":"2025-09-04T17:43:26.056Z"}
{"level":"warn","message":"Retry attempt 2 failed, retrying in 4000ms","timestamp":"2025-09-04T17:43:30.256Z"}
{"level":"warn","message":"Retry attempt 2 failed, retrying in 4000ms","timestamp":"2025-09-04T17:43:30.262Z"}
{"level":"error","message":"Error storing traffic incidents in database:","timestamp":"2025-09-04T17:43:30.493Z"}
{"level":"info","message":"Returning cached live traffic data for mumbai","timestamp":"2025-09-04T17:43:30.499Z"}
{"level":"info","message":"Returning cached live traffic data for mumbai","timestamp":"2025-09-04T17:44:05.939Z"}
{"level":"info","message":"Fetching live traffic data for mumbai (19.076, 72.8777)","timestamp":"2025-09-04T17:49:46.389Z"}
{"level":"warn","message":"Retry attempt 1 failed, retrying in 2000ms","timestamp":"2025-09-04T17:49:49.132Z"}
{"level":"warn","message":"Retry attempt 1 failed, retrying in 2000ms","timestamp":"2025-09-04T17:49:49.139Z"}
{"level":"warn","message":"Retry attempt 2 failed, retrying in 4000ms","timestamp":"2025-09-04T17:49:53.343Z"}
{"level":"warn","message":"Retry attempt 2 failed, retrying in 4000ms","timestamp":"2025-09-04T17:49:53.375Z"}
{"level":"error","message":"Error storing traffic incidents in database:","timestamp":"2025-09-04T17:49:53.612Z"}
{"level":"info","message":"Returning cached live traffic data for mumbai","timestamp":"2025-09-04T17:49:53.614Z"}
{"level":"info","message":"Returning cached live traffic data for mumbai","timestamp":"2025-09-04T17:49:53.618Z"}
{"level":"info","message":"Returning cached live traffic data for mumbai","timestamp":"2025-09-04T17:49:53.621Z"}
{"level":"info","message":"Returning cached live traffic data for mumbai","timestamp":"2025-09-04T17:49:53.623Z"}
{"level":"info","message":"Returning cached live traffic data for mumbai","timestamp":"2025-09-04T17:51:33.831Z"}
{"level":"info","message":"Returning cached live traffic data for mumbai","timestamp":"2025-09-04T17:51:33.847Z"}
{"level":"info","message":"Returning cached live traffic data for mumbai","timestamp":"2025-09-04T17:51:33.850Z"}
{"level":"info","message":"Returning cached live traffic data for mumbai","timestamp":"2025-09-04T17:51:33.853Z"}
{"level":"info","message":"Fetching live traffic data for mumbai (19.076, 72.8777)","timestamp":"2025-09-04T17:52:07.722Z"}
{"level":"warn","message":"Retry attempt 1 failed, retrying in 2000ms","timestamp":"2025-09-04T17:52:10.555Z"}
{"level":"warn","message":"Retry attempt 1 failed, retrying in 2000ms","timestamp":"2025-09-04T17:52:10.592Z"}
{"level":"warn","message":"Retry attempt 2 failed, retrying in 4000ms","timestamp":"2025-09-04T17:52:14.773Z"}
{"level":"warn","message":"Retry attempt 2 failed, retrying in 4000ms","timestamp":"2025-09-04T17:52:14.812Z"}
{"level":"error","message":"Error storing traffic incidents in database:","timestamp":"2025-09-04T17:52:15.021Z"}
{"level":"info","message":"Returning cached live traffic data for mumbai","timestamp":"2025-09-04T17:52:15.023Z"}
{"level":"info","message":"Returning cached live traffic data for mumbai","timestamp":"2025-09-04T17:52:15.025Z"}
{"level":"info","message":"Returning cached live traffic data for mumbai","timestamp":"2025-09-04T17:52:15.029Z"}
{"level":"info","message":"Returning cached live traffic data for mumbai","timestamp":"2025-09-04T17:52:15.030Z"}
{"level":"info","message":"Returning cached live traffic data for mumbai","timestamp":"2025-09-04T17:52:47.655Z"}
{"level":"info","message":"Returning cached live traffic data for mumbai","timestamp":"2025-09-04T17:53:22.644Z"}
{"level":"info","message":"Returning cached live traffic data for mumbai","timestamp":"2025-09-04T17:53:57.648Z"}
{"level":"info","message":"Fetching live traffic data for mumbai (19.076, 72.8777)","timestamp":"2025-09-04T17:54:19.428Z"}
{"level":"warn","message":"Retry attempt 1 failed, retrying in 2000ms","timestamp":"2025-09-04T17:54:22.224Z"}
{"level":"warn","message":"Retry attempt 1 failed, retrying in 2000ms","timestamp":"2025-09-04T17:54:22.298Z"}
{"level":"warn","message":"Retry attempt 2 failed, retrying in 4000ms","timestamp":"2025-09-04T17:54:26.432Z"}
{"level":"warn","message":"Retry attempt 2 failed, retrying in 4000ms","timestamp":"2025-09-04T17:54:26.504Z"}
{"level":"error","message":"Error storing traffic incidents in database:","timestamp":"2025-09-04T17:54:26.743Z"}
{"level":"info","message":"Returning cached live traffic data for mumbai","timestamp":"2025-09-04T17:54:26.747Z"}
{"level":"info","message":"Returning cached live traffic data for mumbai","timestamp":"2025-09-04T17:54:26.753Z"}
{"level":"info","message":"Returning cached live traffic data for mumbai","timestamp":"2025-09-04T17:54:45.614Z"}
{"level":"info","message":"Returning cached live traffic data for mumbai","timestamp":"2025-09-04T17:54:45.621Z"}
{"level":"info","message":"Returning cached live traffic data for mumbai","timestamp":"2025-09-04T17:54:56.253Z"}
{"level":"info","message":"Returning cached live traffic data for mumbai","timestamp":"2025-09-04T17:54:56.307Z"}
{"level":"info","message":"Returning cached live traffic data for mumbai","timestamp":"2025-09-04T17:55:14.797Z"}
{"level":"info","message":"Returning cached live traffic data for mumbai","timestamp":"2025-09-04T17:55:14.833Z"}
{"level":"info","message":"Returning cached live traffic data for mumbai","timestamp":"2025-09-04T17:55:14.840Z"}
{"level":"info","message":"Returning cached live traffic data for mumbai","timestamp":"2025-09-04T17:55:14.848Z"}
{"level":"info","message":"Returning cached live traffic data for mumbai","timestamp":"2025-09-04T17:55:31.194Z"}
{"level":"info","message":"Returning cached live traffic data for mumbai","timestamp":"2025-09-04T17:55:31.215Z"}
{"level":"info","message":"Returning cached live traffic data for mumbai","timestamp":"2025-09-04T17:55:48.215Z"}
{"level":"info","message":"Returning cached live traffic data for mumbai","timestamp":"2025-09-04T17:55:48.226Z"}
{"level":"info","message":"Returning cached live traffic data for mumbai","timestamp":"2025-09-04T17:56:18.869Z"}
{"level":"info","message":"Returning cached live traffic data for mumbai","timestamp":"2025-09-04T17:56:18.887Z"}
{"level":"info","message":"Fetching live traffic data for mumbai (19.076, 72.8777)","timestamp":"2025-09-04T17:56:46.252Z"}
{"level":"warn","message":"Retry attempt 1 failed, retrying in 2000ms","timestamp":"2025-09-04T17:56:49.587Z"}
{"level":"warn","message":"Retry attempt 1 failed, retrying in 2000ms","timestamp":"2025-09-04T17:56:49.603Z"}
{"level":"warn","message":"Retry attempt 2 failed, retrying in 4000ms","timestamp":"2025-09-04T17:56:53.797Z"}
{"level":"warn","message":"Retry attempt 2 failed, retrying in 4000ms","timestamp":"2025-09-04T17:56:53.818Z"}
{"level":"error","message":"Error storing traffic incidents in database:","timestamp":"2025-09-04T17:56:54.026Z"}
{"level":"info","message":"Returning cached live traffic data for mumbai","timestamp":"2025-09-04T17:56:54.028Z"}
{"level":"info","message":"Returning cached live traffic data for mumbai","timestamp":"2025-09-04T17:56:54.029Z"}
{"level":"info","message":"Returning cached live traffic data for mumbai","timestamp":"2025-09-04T17:56:57.619Z"}
{"level":"info","message":"Returning cached live traffic data for mumbai","timestamp":"2025-09-04T17:56:57.625Z"}
{"level":"info","message":"Returning cached live traffic data for mumbai","timestamp":"2025-09-04T17:57:07.145Z"}
{"level":"info","message":"Returning cached live traffic data for mumbai","timestamp":"2025-09-04T17:57:07.178Z"}
{"level":"info","message":"Returning cached live traffic data for mumbai","timestamp":"2025-09-04T17:58:48.197Z"}
{"level":"info","message":"Returning cached live traffic data for mumbai","timestamp":"2025-09-04T17:58:48.208Z"}
{"level":"info","message":"Returning cached live traffic data for mumbai","timestamp":"2025-09-04T17:58:48.211Z"}
{"level":"info","message":"Returning cached live traffic data for mumbai","timestamp":"2025-09-04T17:58:48.212Z"}
{"level":"info","message":"Fetching live traffic data for mumbai (19.076, 72.8777)","timestamp":"2025-09-04T17:59:23.175Z"}
{"level":"warn","message":"Retry attempt 1 failed, retrying in 2000ms","timestamp":"2025-09-04T17:59:25.871Z"}
{"level":"warn","message":"Retry attempt 1 failed, retrying in 2000ms","timestamp":"2025-09-04T17:59:25.885Z"}
{"level":"warn","message":"Retry attempt 2 failed, retrying in 4000ms","timestamp":"2025-09-04T17:59:30.097Z"}
{"level":"warn","message":"Retry attempt 2 failed, retrying in 4000ms","timestamp":"2025-09-04T17:59:30.101Z"}
{"level":"error","message":"Error storing traffic incidents in database:","timestamp":"2025-09-04T17:59:30.319Z"}
{"level":"info","message":"Returning cached live traffic data for mumbai","timestamp":"2025-09-04T17:59:30.321Z"}
{"level":"info","message":"Returning cached live traffic data for mumbai","timestamp":"2025-09-04T18:00:03.175Z"}
{"level":"info","message":"Returning cached live traffic data for mumbai","timestamp":"2025-09-04T18:00:25.292Z"}
{"level":"info","message":"Returning cached live traffic data for mumbai","timestamp":"2025-09-04T18:00:25.303Z"}
{"level":"info","message":"Returning cached live traffic data for mumbai","timestamp":"2025-09-04T18:00:45.554Z"}
{"level":"info","message":"Returning cached live traffic data for mumbai","timestamp":"2025-09-04T18:00:45.569Z"}
{"level":"info","message":"Returning cached live traffic data for mumbai","timestamp":"2025-09-04T18:00:45.570Z"}
{"level":"info","message":"Returning cached live traffic data for mumbai","timestamp":"2025-09-04T18:00:45.573Z"}
{"level":"info","message":"Returning cached live traffic data for mumbai","timestamp":"2025-09-04T18:01:20.531Z"}
{"level":"info","message":"Fetching live traffic data for mumbai (19.076, 72.8777)","timestamp":"2025-09-04T18:01:55.536Z"}
{"level":"warn","message":"Retry attempt 1 failed, retrying in 2000ms","timestamp":"2025-09-04T18:01:58.210Z"}
{"level":"warn","message":"Retry attempt 1 failed, retrying in 2000ms","timestamp":"2025-09-04T18:01:58.255Z"}
{"level":"warn","message":"Retry attempt 2 failed, retrying in 4000ms","timestamp":"2025-09-04T18:02:02.422Z"}
{"level":"warn","message":"Retry attempt 2 failed, retrying in 4000ms","timestamp":"2025-09-04T18:02:02.479Z"}
{"level":"error","message":"Error storing traffic incidents in database:","timestamp":"2025-09-04T18:02:02.704Z"}
{"level":"info","message":"Returning cached live traffic data for mumbai","timestamp":"2025-09-04T18:02:02.706Z"}
{"level":"info","message":"Returning cached live traffic data for mumbai","timestamp":"2025-09-04T18:02:35.914Z"}
{"level":"info","message":"Returning cached live traffic data for mumbai","timestamp":"2025-09-04T18:03:10.918Z"}
{"level":"info","message":"Fetching live traffic data for mumbai (19.076, 72.8777)","timestamp":"2025-09-04T18:04:05.906Z"}
{"level":"warn","message":"Retry attempt 1 failed, retrying in 2000ms","timestamp":"2025-09-04T18:04:09.082Z"}
{"level":"warn","message":"Retry attempt 1 failed, retrying in 2000ms","timestamp":"2025-09-04T18:04:09.096Z"}
{"level":"warn","message":"Retry attempt 2 failed, retrying in 4000ms","timestamp":"2025-09-04T18:04:13.346Z"}
{"level":"warn","message":"Retry attempt 2 failed, retrying in 4000ms","timestamp":"2025-09-04T18:04:13.347Z"}
{"level":"error","message":"Error storing traffic incidents in database:","timestamp":"2025-09-04T18:04:13.581Z"}
{"level":"info","message":"Returning cached live traffic data for mumbai","timestamp":"2025-09-04T18:04:46.508Z"}
{"level":"info","message":"Returning cached live traffic data for mumbai","timestamp":"2025-09-04T18:05:20.533Z"}
{"level":"info","message":"Returning cached live traffic data for mumbai","timestamp":"2025-09-04T18:05:55.535Z"}
{"level":"info","message":"Fetching live traffic data for mumbai (19.076, 72.8777)","timestamp":"2025-09-04T18:06:39.001Z"}
{"level":"warn","message":"Retry attempt 1 failed, retrying in 2000ms","timestamp":"2025-09-04T18:06:41.728Z"}
{"level":"warn","message":"Retry attempt 1 failed, retrying in 2000ms","timestamp":"2025-09-04T18:06:41.784Z"}
{"level":"warn","message":"Retry attempt 2 failed, retrying in 4000ms","timestamp":"2025-09-04T18:06:45.936Z"}
{"level":"warn","message":"Retry attempt 2 failed, retrying in 4000ms","timestamp":"2025-09-04T18:06:46.005Z"}
{"level":"error","message":"Error storing traffic incidents in database:","timestamp":"2025-09-04T18:06:46.237Z"}
{"level":"info","message":"Returning cached live traffic data for mumbai","timestamp":"2025-09-04T18:06:46.238Z"}
{"level":"info","message":"Returning cached live traffic data for mumbai","timestamp":"2025-09-04T18:06:46.241Z"}
{"level":"info","message":"Returning cached live traffic data for mumbai","timestamp":"2025-09-04T18:06:46.242Z"}
{"level":"info","message":"Returning cached live traffic data for mumbai","timestamp":"2025-09-04T18:06:46.244Z"}
{"level":"info","message":"Fetching live traffic data for ahmedabad (23.0225, 72.5714)","timestamp":"2025-09-04T18:07:15.988Z"}
{"level":"warn","message":"Retry attempt 1 failed, retrying in 2000ms","timestamp":"2025-09-04T18:07:18.655Z"}
{"level":"warn","message":"Retry attempt 1 failed, retrying in 2000ms","timestamp":"2025-09-04T18:07:18.677Z"}
{"level":"warn","message":"Retry attempt 2 failed, retrying in 4000ms","timestamp":"2025-09-04T18:07:22.882Z"}
{"level":"warn","message":"Retry attempt 2 failed, retrying in 4000ms","timestamp":"2025-09-04T18:07:22.884Z"}
{"level":"error","message":"Error storing traffic incidents in database:","timestamp":"2025-09-04T18:07:23.152Z"}
{"level":"info","message":"Returning cached live traffic data for ahmedabad","timestamp":"2025-09-04T18:07:23.154Z"}
{"level":"info","message":"Returning cached live traffic data for ahmedabad","timestamp":"2025-09-04T18:07:23.156Z"}
{"level":"info","message":"Returning cached live traffic data for mumbai","timestamp":"2025-09-04T18:07:28.959Z"}
{"level":"info","message":"Returning cached live traffic data for mumbai","timestamp":"2025-09-04T18:07:28.960Z"}
{"level":"info","message":"Fetching live traffic data for chennai (13.0827, 80.2707)","timestamp":"2025-09-04T18:07:35.155Z"}
{"level":"warn","message":"Retry attempt 1 failed, retrying in 2000ms","timestamp":"2025-09-04T18:07:37.839Z"}
{"level":"warn","message":"Retry attempt 1 failed, retrying in 2000ms","timestamp":"2025-09-04T18:07:37.870Z"}
{"level":"warn","message":"Retry attempt 2 failed, retrying in 4000ms","timestamp":"2025-09-04T18:07:42.051Z"}
{"level":"warn","message":"Retry attempt 2 failed, retrying in 4000ms","timestamp":"2025-09-04T18:07:42.132Z"}
{"level":"error","message":"Error storing traffic incidents in database:","timestamp":"2025-09-04T18:07:42.352Z"}
{"level":"info","message":"Returning cached live traffic data for chennai","timestamp":"2025-09-04T18:07:42.354Z"}
{"level":"info","message":"Returning cached live traffic data for chennai","timestamp":"2025-09-04T18:07:42.356Z"}
{"level":"info","message":"Fetching historical traffic data for chennai","timestamp":"2025-09-04T18:07:45.413Z"}
{"level":"error","message":"Error fetching historical traffic data for chennai:","timestamp":"2025-09-04T18:07:45.418Z"}
{"level":"info","message":"Fetching historical traffic data for chennai","timestamp":"2025-09-04T18:07:45.430Z"}
{"level":"error","message":"Error fetching historical traffic data for chennai:","timestamp":"2025-09-04T18:07:45.432Z"}
{"level":"info","message":"Fetching historical traffic data for chennai","timestamp":"2025-09-04T18:07:50.349Z"}
{"level":"error","message":"Error fetching historical traffic data for chennai:","timestamp":"2025-09-04T18:07:50.350Z"}
{"level":"info","message":"Fetching historical traffic data for chennai","timestamp":"2025-09-04T18:07:55.359Z"}
{"level":"error","message":"Error fetching historical traffic data for chennai:","timestamp":"2025-09-04T18:07:55.363Z"}
{"level":"info","message":"Fetching historical traffic data for chennai","timestamp":"2025-09-04T18:08:00.361Z"}
{"level":"error","message":"Error fetching historical traffic data for chennai:","timestamp":"2025-09-04T18:08:00.363Z"}
{"level":"info","message":"Fetching historical traffic data for chennai","timestamp":"2025-09-04T18:08:05.359Z"}
{"level":"error","message":"Error fetching historical traffic data for chennai:","timestamp":"2025-09-04T18:08:05.363Z"}
{"level":"info","message":"Fetching historical traffic data for chennai","timestamp":"2025-09-04T18:08:10.360Z"}
{"level":"error","message":"Error fetching historical traffic data for chennai:","timestamp":"2025-09-04T18:08:10.364Z"}
{"level":"info","message":"Fetching historical traffic data for chennai","timestamp":"2025-09-04T18:08:15.348Z"}
{"level":"error","message":"Error fetching historical traffic data for chennai:","timestamp":"2025-09-04T18:08:15.352Z"}
{"level":"info","message":"Fetching historical traffic data for chennai","timestamp":"2025-09-04T18:08:20.358Z"}
{"level":"error","message":"Error fetching historical traffic data for chennai:","timestamp":"2025-09-04T18:08:20.360Z"}
{"level":"info","message":"Fetching historical traffic data for chennai","timestamp":"2025-09-04T18:08:25.357Z"}
{"level":"error","message":"Error fetching historical traffic data for chennai:","timestamp":"2025-09-04T18:08:25.360Z"}
{"level":"info","message":"Fetching historical traffic data for chennai","timestamp":"2025-09-04T18:08:30.352Z"}
{"level":"error","message":"Error fetching historical traffic data for chennai:","timestamp":"2025-09-04T18:08:30.355Z"}
{"level":"info","message":"Fetching historical traffic data for chennai","timestamp":"2025-09-04T18:08:35.354Z"}
{"level":"error","message":"Error fetching historical traffic data for chennai:","timestamp":"2025-09-04T18:08:35.357Z"}
{"level":"info","message":"Fetching historical traffic data for chennai","timestamp":"2025-09-04T18:08:40.351Z"}
{"level":"error","message":"Error fetching historical traffic data for chennai:","timestamp":"2025-09-04T18:08:40.355Z"}
{"level":"info","message":"Fetching historical traffic data for chennai","timestamp":"2025-09-04T18:08:45.358Z"}
{"level":"error","message":"Error fetching historical traffic data for chennai:","timestamp":"2025-09-04T18:08:45.361Z"}
{"level":"info","message":"Fetching historical traffic data for chennai","timestamp":"2025-09-04T18:08:50.359Z"}
{"level":"error","message":"Error fetching historical traffic data for chennai:","timestamp":"2025-09-04T18:08:50.372Z"}
{"level":"info","message":"Fetching historical traffic data for chennai","timestamp":"2025-09-04T18:08:55.348Z"}
{"level":"error","message":"Error fetching historical traffic data for chennai:","timestamp":"2025-09-04T18:08:55.352Z"}
{"level":"info","message":"Fetching historical traffic data for chennai","timestamp":"2025-09-04T18:09:00.350Z"}
{"level":"error","message":"Error fetching historical traffic data for chennai:","timestamp":"2025-09-04T18:09:00.353Z"}
{"level":"info","message":"Fetching historical traffic data for chennai","timestamp":"2025-09-04T18:09:05.347Z"}
{"level":"error","message":"Error fetching historical traffic data for chennai:","timestamp":"2025-09-04T18:09:05.350Z"}
{"level":"info","message":"Fetching historical traffic data for chennai","timestamp":"2025-09-04T18:09:10.354Z"}
{"level":"error","message":"Error fetching historical traffic data for chennai:","timestamp":"2025-09-04T18:09:10.356Z"}
{"level":"info","message":"Fetching historical traffic data for chennai","timestamp":"2025-09-04T18:09:15.356Z"}
{"level":"error","message":"Error fetching historical traffic data for chennai:","timestamp":"2025-09-04T18:09:15.361Z"}
{"level":"info","message":"Fetching historical traffic data for chennai","timestamp":"2025-09-04T18:09:20.347Z"}
{"level":"error","message":"Error fetching historical traffic data for chennai:","timestamp":"2025-09-04T18:09:20.348Z"}
{"level":"info","message":"Fetching historical traffic data for pune","timestamp":"2025-09-04T18:09:24.281Z"}
{"level":"error","message":"Error fetching historical traffic data for pune:","timestamp":"2025-09-04T18:09:24.284Z"}
{"level":"info","message":"Fetching historical traffic data for pune","timestamp":"2025-09-04T18:09:25.218Z"}
{"level":"error","message":"Error fetching historical traffic data for pune:","timestamp":"2025-09-04T18:09:25.219Z"}
{"level":"info","message":"Fetching historical traffic data for chennai","timestamp":"2025-09-04T18:09:25.345Z"}
{"level":"error","message":"Error fetching historical traffic data for chennai:","timestamp":"2025-09-04T18:09:25.348Z"}
{"level":"info","message":"Fetching historical traffic data for chennai","timestamp":"2025-09-04T18:09:30.350Z"}
{"level":"error","message":"Error fetching historical traffic data for chennai:","timestamp":"2025-09-04T18:09:30.354Z"}
{"level":"info","message":"Fetching historical traffic data for chennai","timestamp":"2025-09-04T18:09:35.351Z"}
{"level":"error","message":"Error fetching historical traffic data for chennai:","timestamp":"2025-09-04T18:09:35.355Z"}
{"level":"info","message":"Fetching historical traffic data for pune","timestamp":"2025-09-04T18:09:38.832Z"}
{"level":"error","message":"Error fetching historical traffic data for pune:","timestamp":"2025-09-04T18:09:38.834Z"}
{"level":"info","message":"Fetching historical traffic data for chennai","timestamp":"2025-09-04T18:09:40.345Z"}
{"level":"error","message":"Error fetching historical traffic data for chennai:","timestamp":"2025-09-04T18:09:40.347Z"}
{"level":"info","message":"Generating high-accuracy traffic prediction for chennai (13.0827, 80.2707)","timestamp":"2025-09-04T18:09:41.271Z"}
{"level":"warn","message":"Real-time traffic data unavailable for chennai:","timestamp":"2025-09-04T18:09:42.349Z"}
{"level":"error","message":"Error generating traffic prediction for chennai:","timestamp":"2025-09-04T18:09:42.349Z"}
{"level":"info","message":"Generating high-accuracy traffic prediction for chennai (13.0827, 80.2707)","timestamp":"2025-09-04T18:09:42.350Z"}
{"level":"warn","message":"Real-time traffic data unavailable for chennai:","timestamp":"2025-09-04T18:09:42.783Z"}
{"level":"error","message":"Error generating traffic prediction for chennai:","timestamp":"2025-09-04T18:09:42.784Z"}
{"level":"info","message":"Generating high-accuracy traffic prediction for chennai (13.0827, 80.2707)","timestamp":"2025-09-04T18:09:46.133Z"}
{"level":"warn","message":"Real-time traffic data unavailable for chennai:","timestamp":"2025-09-04T18:09:46.336Z"}
{"level":"error","message":"Error generating traffic prediction for chennai:","timestamp":"2025-09-04T18:09:46.337Z"}
{"level":"info","message":"Generating high-accuracy traffic prediction for chennai (13.0827, 80.2707)","timestamp":"2025-09-04T18:09:46.338Z"}
{"level":"warn","message":"Real-time traffic data unavailable for chennai:","timestamp":"2025-09-04T18:09:46.540Z"}
{"level":"error","message":"Error generating traffic prediction for chennai:","timestamp":"2025-09-04T18:09:46.540Z"}
{"level":"info","message":"Generating high-accuracy traffic prediction for chennai (13.0827, 80.2707)","timestamp":"2025-09-04T18:09:47.248Z"}
{"level":"warn","message":"Real-time traffic data unavailable for chennai:","timestamp":"2025-09-04T18:09:47.453Z"}
{"level":"error","message":"Error generating traffic prediction for chennai:","timestamp":"2025-09-04T18:09:47.454Z"}
{"level":"info","message":"Generating high-accuracy traffic prediction for chennai (13.0827, 80.2707)","timestamp":"2025-09-04T18:09:48.249Z"}
{"level":"warn","message":"Real-time traffic data unavailable for chennai:","timestamp":"2025-09-04T18:09:48.448Z"}
{"level":"error","message":"Error generating traffic prediction for chennai:","timestamp":"2025-09-04T18:09:48.448Z"}
{"level":"info","message":"Generating high-accuracy traffic prediction for mumbai (19.076, 72.8777)","timestamp":"2025-09-04T18:09:50.624Z"}
{"level":"warn","message":"Real-time traffic data unavailable for mumbai:","timestamp":"2025-09-04T18:09:50.831Z"}
{"level":"error","message":"Error generating traffic prediction for mumbai:","timestamp":"2025-09-04T18:09:50.832Z"}
{"level":"info","message":"Generating high-accuracy traffic prediction for mumbai (19.076, 72.8777)","timestamp":"2025-09-04T18:09:50.833Z"}
{"level":"warn","message":"Real-time traffic data unavailable for mumbai:","timestamp":"2025-09-04T18:09:51.038Z"}
{"level":"error","message":"Error generating traffic prediction for mumbai:","timestamp":"2025-09-04T18:09:51.038Z"}
{"level":"info","message":"Generating high-accuracy traffic prediction for mumbai (19.076, 72.8777)","timestamp":"2025-09-04T18:09:53.699Z"}
{"level":"warn","message":"Real-time traffic data unavailable for mumbai:","timestamp":"2025-09-04T18:09:53.911Z"}
{"level":"error","message":"Error generating traffic prediction for mumbai:","timestamp":"2025-09-04T18:09:53.911Z"}
{"level":"info","message":"Generating high-accuracy traffic prediction for mumbai (19.076, 72.8777)","timestamp":"2025-09-04T18:09:55.613Z"}
{"level":"warn","message":"Real-time traffic data unavailable for mumbai:","timestamp":"2025-09-04T18:09:55.836Z"}
{"level":"error","message":"Error generating traffic prediction for mumbai:","timestamp":"2025-09-04T18:09:55.836Z"}
{"level":"info","message":"Generating high-accuracy traffic prediction for mumbai (19.076, 72.8777)","timestamp":"2025-09-04T18:10:00.614Z"}
{"level":"warn","message":"Real-time traffic data unavailable for mumbai:","timestamp":"2025-09-04T18:10:00.815Z"}
{"level":"error","message":"Error generating traffic prediction for mumbai:","timestamp":"2025-09-04T18:10:00.815Z"}
{"level":"info","message":"Generating high-accuracy traffic prediction for mumbai (19.076, 72.8777)","timestamp":"2025-09-04T18:10:05.613Z"}
{"level":"warn","message":"Real-time traffic data unavailable for mumbai:","timestamp":"2025-09-04T18:10:05.809Z"}
{"level":"error","message":"Error generating traffic prediction for mumbai:","timestamp":"2025-09-04T18:10:05.809Z"}
{"level":"info","message":"Fetching live traffic data for mumbai (19.076, 72.8777)","timestamp":"2025-09-04T18:10:08.979Z"}
{"level":"warn","message":"Retry attempt 1 failed, retrying in 2000ms","timestamp":"2025-09-04T18:10:11.199Z"}
{"level":"warn","message":"Retry attempt 1 failed, retrying in 2000ms","timestamp":"2025-09-04T18:10:11.699Z"}
{"level":"warn","message":"Retry attempt 2 failed, retrying in 4000ms","timestamp":"2025-09-04T18:10:15.415Z"}
{"level":"warn","message":"Retry attempt 2 failed, retrying in 4000ms","timestamp":"2025-09-04T18:10:15.924Z"}
{"level":"error","message":"Error storing traffic incidents in database:","timestamp":"2025-09-04T18:10:16.151Z"}
{"level":"info","message":"Returning cached live traffic data for mumbai","timestamp":"2025-09-04T18:10:16.153Z"}
{"level":"info","message":"Returning cached live traffic data for mumbai","timestamp":"2025-09-04T18:10:16.154Z"}
{"level":"info","message":"Returning cached live traffic data for mumbai","timestamp":"2025-09-04T18:10:48.912Z"}
{"level":"info","message":"Returning cached live traffic data for mumbai","timestamp":"2025-09-04T18:11:23.912Z"}
{"level":"info","message":"Returning cached live traffic data for mumbai","timestamp":"2025-09-04T18:11:58.942Z"}
{"level":"info","message":"Fetching live traffic data for mumbai (19.076, 72.8777)","timestamp":"2025-09-04T18:12:33.910Z"}
{"level":"warn","message":"Retry attempt 1 failed, retrying in 2000ms","timestamp":"2025-09-04T18:12:36.692Z"}
{"level":"warn","message":"Retry attempt 1 failed, retrying in 2000ms","timestamp":"2025-09-04T18:12:36.693Z"}
{"level":"warn","message":"Retry attempt 2 failed, retrying in 4000ms","timestamp":"2025-09-04T18:12:40.894Z"}
{"level":"warn","message":"Retry attempt 2 failed, retrying in 4000ms","timestamp":"2025-09-04T18:12:40.903Z"}
{"level":"error","message":"Error storing traffic incidents in database:","timestamp":"2025-09-04T18:12:41.130Z"}
{"level":"info","message":"Returning cached live traffic data for mumbai","timestamp":"2025-09-04T18:12:41.133Z"}
{"level":"info","message":"Returning cached live traffic data for mumbai","timestamp":"2025-09-04T18:13:13.910Z"}
{"level":"info","message":"Returning cached live traffic data for mumbai","timestamp":"2025-09-04T18:13:48.910Z"}
{"level":"info","message":"Returning cached live traffic data for mumbai","timestamp":"2025-09-04T18:14:23.909Z"}
{"level":"info","message":"Fetching live traffic data for mumbai (19.076, 72.8777)","timestamp":"2025-09-04T18:14:58.916Z"}
{"level":"warn","message":"Retry attempt 1 failed, retrying in 2000ms","timestamp":"2025-09-04T18:15:01.660Z"}
{"level":"warn","message":"Retry attempt 1 failed, retrying in 2000ms","timestamp":"2025-09-04T18:15:01.662Z"}
{"level":"warn","message":"Retry attempt 2 failed, retrying in 4000ms","timestamp":"2025-09-04T18:15:05.869Z"}
{"level":"warn","message":"Retry attempt 2 failed, retrying in 4000ms","timestamp":"2025-09-04T18:15:05.886Z"}
{"level":"error","message":"Error storing traffic incidents in database:","timestamp":"2025-09-04T18:15:06.092Z"}
{"level":"info","message":"Returning cached live traffic data for mumbai","timestamp":"2025-09-04T18:15:06.094Z"}
{"level":"info","message":"Returning cached live traffic data for mumbai","timestamp":"2025-09-04T18:15:38.909Z"}
{"level":"info","message":"Returning cached live traffic data for mumbai","timestamp":"2025-09-04T18:16:13.907Z"}
{"level":"info","message":"Returning cached live traffic data for mumbai","timestamp":"2025-09-04T18:16:48.910Z"}
{"level":"info","message":"Fetching live traffic data for mumbai (19.076, 72.8777)","timestamp":"2025-09-04T18:17:23.907Z"}
{"level":"warn","message":"Retry attempt 1 failed, retrying in 2000ms","timestamp":"2025-09-04T18:17:26.568Z"}
{"level":"warn","message":"Retry attempt 1 failed, retrying in 2000ms","timestamp":"2025-09-04T18:17:26.578Z"}
{"level":"warn","message":"Retry attempt 2 failed, retrying in 4000ms","timestamp":"2025-09-04T18:17:30.791Z"}
{"level":"warn","message":"Retry attempt 2 failed, retrying in 4000ms","timestamp":"2025-09-04T18:17:30.794Z"}
{"level":"error","message":"Error storing traffic incidents in database:","timestamp":"2025-09-04T18:17:31.006Z"}
{"level":"info","message":"Returning cached live traffic data for mumbai","timestamp":"2025-09-04T18:17:31.009Z"}
{"level":"info","message":"Returning cached live traffic data for mumbai","timestamp":"2025-09-04T18:18:03.901Z"}
{"level":"info","message":"Returning cached live traffic data for mumbai","timestamp":"2025-09-04T18:18:34.414Z"}
{"level":"info","message":"Fetching live traffic data for 40.7128,72.8777 with radius 5km","timestamp":"2025-09-04T18:18:53.137Z"}
{"level":"info","message":"Fetching historical traffic data for mumbai","timestamp":"2025-09-04T18:18:53.323Z"}
{"level":"error","message":"Error fetching historical traffic data for mumbai:","timestamp":"2025-09-04T18:18:53.330Z"}
{"level":"info","message":"Fetching historical traffic data for mumbai","timestamp":"2025-09-04T18:18:53.571Z"}
{"level":"error","message":"Error fetching historical traffic data for mumbai:","timestamp":"2025-09-04T18:18:53.573Z"}
{"level":"info","message":"Fetching historical traffic data for mumbai","timestamp":"2025-09-04T18:18:53.579Z"}
{"level":"error","message":"Error fetching historical traffic data for mumbai:","timestamp":"2025-09-04T18:18:53.581Z"}
{"level":"info","message":"Fetching historical traffic data for mumbai","timestamp":"2025-09-04T18:18:53.589Z"}
{"level":"error","message":"Error fetching historical traffic data for mumbai:","timestamp":"2025-09-04T18:18:53.591Z"}
{"level":"info","message":"Fetching historical traffic data for mumbai","timestamp":"2025-09-04T18:18:53.605Z"}
{"level":"error","message":"Error fetching historical traffic data for mumbai:","timestamp":"2025-09-04T18:18:53.609Z"}
{"level":"info","message":"Fetching historical traffic data for mumbai","timestamp":"2025-09-04T18:18:53.630Z"}
{"level":"error","message":"Error fetching historical traffic data for mumbai:","timestamp":"2025-09-04T18:18:53.634Z"}
{"level":"info","message":"Fetching historical traffic data for mumbai","timestamp":"2025-09-04T18:18:53.651Z"}
{"level":"error","message":"Error fetching historical traffic data for mumbai:","timestamp":"2025-09-04T18:18:53.654Z"}
{"level":"info","message":"Fetching historical traffic data for mumbai","timestamp":"2025-09-04T18:18:53.658Z"}
{"level":"error","message":"Error fetching historical traffic data for mumbai:","timestamp":"2025-09-04T18:18:53.660Z"}
{"level":"info","message":"Fetching historical traffic data for mumbai","timestamp":"2025-09-04T18:18:53.672Z"}
{"level":"error","message":"Error fetching historical traffic data for mumbai:","timestamp":"2025-09-04T18:18:53.674Z"}
{"level":"info","message":"Fetching historical traffic data for mumbai","timestamp":"2025-09-04T18:18:53.681Z"}
{"level":"error","message":"Error fetching historical traffic data for mumbai:","timestamp":"2025-09-04T18:18:53.683Z"}
{"level":"info","message":"Fetching historical traffic data for mumbai","timestamp":"2025-09-04T18:18:53.695Z"}
{"level":"error","message":"Error fetching historical traffic data for mumbai:","timestamp":"2025-09-04T18:18:53.700Z"}
{"level":"info","message":"Fetching historical traffic data for mumbai","timestamp":"2025-09-04T18:18:53.855Z"}
{"level":"error","message":"Error fetching historical traffic data for mumbai:","timestamp":"2025-09-04T18:18:53.877Z"}
{"level":"info","message":"Fetching historical traffic data for mumbai","timestamp":"2025-09-04T18:18:53.957Z"}
{"level":"error","message":"Error fetching historical traffic data for mumbai:","timestamp":"2025-09-04T18:18:53.965Z"}
{"level":"info","message":"Fetching historical traffic data for mumbai","timestamp":"2025-09-04T18:18:53.971Z"}
{"level":"error","message":"Error fetching historical traffic data for mumbai:","timestamp":"2025-09-04T18:18:53.974Z"}
{"level":"info","message":"Fetching historical traffic data for mumbai","timestamp":"2025-09-04T18:18:53.980Z"}
{"level":"error","message":"Error fetching historical traffic data for mumbai:","timestamp":"2025-09-04T18:18:53.984Z"}
{"level":"info","message":"Fetching historical traffic data for mumbai","timestamp":"2025-09-04T18:18:53.991Z"}
{"level":"error","message":"Error fetching historical traffic data for mumbai:","timestamp":"2025-09-04T18:18:53.993Z"}
{"level":"info","message":"Fetching historical traffic data for mumbai","timestamp":"2025-09-04T18:18:53.999Z"}
{"level":"error","message":"Error fetching historical traffic data for mumbai:","timestamp":"2025-09-04T18:18:54.003Z"}
{"level":"info","message":"Fetching historical traffic data for mumbai","timestamp":"2025-09-04T18:18:54.009Z"}
{"level":"error","message":"Error fetching historical traffic data for mumbai:","timestamp":"2025-09-04T18:18:54.012Z"}
{"level":"info","message":"Fetching historical traffic data for mumbai","timestamp":"2025-09-04T18:18:54.018Z"}
{"level":"error","message":"Error fetching historical traffic data for mumbai:","timestamp":"2025-09-04T18:18:54.021Z"}
{"level":"info","message":"Fetching historical traffic data for mumbai","timestamp":"2025-09-04T18:18:54.033Z"}
{"level":"error","message":"Error fetching historical traffic data for mumbai:","timestamp":"2025-09-04T18:18:54.037Z"}
{"level":"info","message":"Fetching historical traffic data for mumbai","timestamp":"2025-09-04T18:18:54.042Z"}
{"level":"info","message":"Fetching historical traffic data for mumbai","timestamp":"2025-09-04T18:18:54.043Z"}
{"level":"error","message":"Error fetching historical traffic data for mumbai:","timestamp":"2025-09-04T18:18:54.045Z"}
{"level":"error","message":"Error fetching historical traffic data for mumbai:","timestamp":"2025-09-04T18:18:54.049Z"}
{"level":"info","message":"Fetching historical traffic data for mumbai","timestamp":"2025-09-04T18:18:54.052Z"}
{"level":"error","message":"Error fetching historical traffic data for mumbai:","timestamp":"2025-09-04T18:18:54.055Z"}
{"level":"info","message":"Fetching historical traffic data for mumbai","timestamp":"2025-09-04T18:18:54.057Z"}
{"level":"error","message":"Error fetching historical traffic data for mumbai:","timestamp":"2025-09-04T18:18:54.060Z"}
{"level":"info","message":"Fetching historical traffic data for mumbai","timestamp":"2025-09-04T18:18:54.065Z"}
{"level":"error","message":"Error fetching historical traffic data for mumbai:","timestamp":"2025-09-04T18:18:54.067Z"}
{"level":"info","message":"Fetching historical traffic data for mumbai","timestamp":"2025-09-04T18:18:54.072Z"}
{"level":"error","message":"Error fetching historical traffic data for mumbai:","timestamp":"2025-09-04T18:18:54.074Z"}
{"level":"info","message":"Fetching historical traffic data for mumbai","timestamp":"2025-09-04T18:18:54.093Z"}
{"level":"error","message":"Error fetching historical traffic data for mumbai:","timestamp":"2025-09-04T18:18:54.098Z"}
{"level":"info","message":"Fetching historical traffic data for mumbai","timestamp":"2025-09-04T18:18:54.114Z"}
{"level":"error","message":"Error fetching historical traffic data for mumbai:","timestamp":"2025-09-04T18:18:54.116Z"}
{"level":"info","message":"Fetching historical traffic data for mumbai","timestamp":"2025-09-04T18:18:54.123Z"}
{"level":"error","message":"Error fetching historical traffic data for mumbai:","timestamp":"2025-09-04T18:18:54.125Z"}
{"level":"info","message":"Fetching historical traffic data for mumbai","timestamp":"2025-09-04T18:18:55.119Z"}
{"level":"error","message":"Error fetching historical traffic data for mumbai:","timestamp":"2025-09-04T18:18:55.121Z"}
{"level":"info","message":"Fetching historical traffic data for mumbai","timestamp":"2025-09-04T18:18:55.214Z"}
{"level":"error","message":"Error fetching historical traffic data for mumbai:","timestamp":"2025-09-04T18:18:55.217Z"}
{"level":"info","message":"Fetching historical traffic data for mumbai","timestamp":"2025-09-04T18:18:55.221Z"}
{"level":"error","message":"Error fetching historical traffic data for mumbai:","timestamp":"2025-09-04T18:18:55.223Z"}
{"level":"info","message":"Fetching historical traffic data for mumbai","timestamp":"2025-09-04T18:18:55.227Z"}
{"level":"error","message":"Error fetching historical traffic data for mumbai:","timestamp":"2025-09-04T18:18:55.229Z"}
{"level":"info","message":"Fetching historical traffic data for mumbai","timestamp":"2025-09-04T18:18:55.233Z"}
{"level":"error","message":"Error fetching historical traffic data for mumbai:","timestamp":"2025-09-04T18:18:55.235Z"}
{"level":"info","message":"Fetching historical traffic data for mumbai","timestamp":"2025-09-04T18:18:55.240Z"}
{"level":"error","message":"Error fetching historical traffic data for mumbai:","timestamp":"2025-09-04T18:18:55.242Z"}
{"level":"info","message":"Fetching historical traffic data for mumbai","timestamp":"2025-09-04T18:18:55.245Z"}
{"level":"error","message":"Error fetching historical traffic data for mumbai:","timestamp":"2025-09-04T18:18:55.248Z"}
{"level":"info","message":"Fetching historical traffic data for mumbai","timestamp":"2025-09-04T18:18:55.251Z"}
{"level":"error","message":"Error fetching historical traffic data for mumbai:","timestamp":"2025-09-04T18:18:55.253Z"}
{"level":"info","message":"Fetching historical traffic data for mumbai","timestamp":"2025-09-04T18:18:55.255Z"}
{"level":"error","message":"Error fetching historical traffic data for mumbai:","timestamp":"2025-09-04T18:18:55.257Z"}
{"level":"info","message":"Fetching historical traffic data for mumbai","timestamp":"2025-09-04T18:18:55.260Z"}
{"level":"error","message":"Error fetching historical traffic data for mumbai:","timestamp":"2025-09-04T18:18:55.262Z"}
{"level":"info","message":"Fetching historical traffic data for mumbai","timestamp":"2025-09-04T18:18:55.267Z"}
{"level":"error","message":"Error fetching historical traffic data for mumbai:","timestamp":"2025-09-04T18:18:55.268Z"}
{"level":"info","message":"Fetching historical traffic data for mumbai","timestamp":"2025-09-04T18:18:55.271Z"}
{"level":"error","message":"Error fetching historical traffic data for mumbai:","timestamp":"2025-09-04T18:18:55.273Z"}
{"level":"info","message":"Fetching historical traffic data for mumbai","timestamp":"2025-09-04T18:18:55.285Z"}
{"level":"error","message":"Error fetching historical traffic data for mumbai:","timestamp":"2025-09-04T18:18:55.287Z"}
{"level":"info","message":"Fetching historical traffic data for mumbai","timestamp":"2025-09-04T18:18:55.290Z"}
{"level":"error","message":"Error fetching historical traffic data for mumbai:","timestamp":"2025-09-04T18:18:55.291Z"}
{"level":"info","message":"Fetching historical traffic data for mumbai","timestamp":"2025-09-04T18:18:55.294Z"}
{"level":"error","message":"Error fetching historical traffic data for mumbai:","timestamp":"2025-09-04T18:18:55.297Z"}
{"level":"info","message":"Fetching historical traffic data for mumbai","timestamp":"2025-09-04T18:18:55.301Z"}
{"level":"error","message":"Error fetching historical traffic data for mumbai:","timestamp":"2025-09-04T18:18:55.302Z"}
{"level":"info","message":"Fetching historical traffic data for mumbai","timestamp":"2025-09-04T18:18:55.304Z"}
{"level":"error","message":"Error fetching historical traffic data for mumbai:","timestamp":"2025-09-04T18:18:55.306Z"}
{"level":"info","message":"Fetching historical traffic data for mumbai","timestamp":"2025-09-04T18:18:55.308Z"}
{"level":"error","message":"Error fetching historical traffic data for mumbai:","timestamp":"2025-09-04T18:18:55.310Z"}
{"level":"info","message":"Fetching historical traffic data for mumbai","timestamp":"2025-09-04T18:18:55.313Z"}
{"level":"error","message":"Error fetching historical traffic data for mumbai:","timestamp":"2025-09-04T18:18:55.315Z"}
{"level":"info","message":"Fetching historical traffic data for mumbai","timestamp":"2025-09-04T18:18:55.320Z"}
{"level":"info","message":"Fetching historical traffic data for mumbai","timestamp":"2025-09-04T18:18:55.321Z"}
{"level":"error","message":"Error fetching historical traffic data for mumbai:","timestamp":"2025-09-04T18:18:55.322Z"}
{"level":"error","message":"Error fetching historical traffic data for mumbai:","timestamp":"2025-09-04T18:18:55.323Z"}
{"level":"info","message":"Fetching historical traffic data for mumbai","timestamp":"2025-09-04T18:18:55.325Z"}
{"level":"info","message":"Fetching historical traffic data for mumbai","timestamp":"2025-09-04T18:18:55.326Z"}
{"level":"error","message":"Error fetching historical traffic data for mumbai:","timestamp":"2025-09-04T18:18:55.327Z"}
{"level":"error","message":"Error fetching historical traffic data for mumbai:","timestamp":"2025-09-04T18:18:55.329Z"}
{"level":"info","message":"Fetching historical traffic data for mumbai","timestamp":"2025-09-04T18:18:55.333Z"}
{"level":"error","message":"Error fetching historical traffic data for mumbai:","timestamp":"2025-09-04T18:18:55.334Z"}
{"level":"info","message":"Fetching historical traffic data for mumbai","timestamp":"2025-09-04T18:18:55.336Z"}
{"level":"error","message":"Error fetching historical traffic data for mumbai:","timestamp":"2025-09-04T18:18:55.338Z"}
{"level":"info","message":"Fetching historical traffic data for mumbai","timestamp":"2025-09-04T18:18:55.340Z"}
{"level":"error","message":"Error fetching historical traffic data for mumbai:","timestamp":"2025-09-04T18:18:55.341Z"}
{"level":"info","message":"Fetching historical traffic data for mumbai","timestamp":"2025-09-04T18:18:55.350Z"}
{"level":"error","message":"Error fetching historical traffic data for mumbai:","timestamp":"2025-09-04T18:18:55.351Z"}
{"level":"info","message":"Fetching historical traffic data for mumbai","timestamp":"2025-09-04T18:18:55.356Z"}
{"level":"error","message":"Error fetching historical traffic data for mumbai:","timestamp":"2025-09-04T18:18:55.358Z"}
{"level":"info","message":"Fetching historical traffic data for mumbai","timestamp":"2025-09-04T18:18:55.360Z"}
{"level":"error","message":"Error fetching historical traffic data for mumbai:","timestamp":"2025-09-04T18:18:55.362Z"}
{"level":"warn","message":"Retry attempt 1 failed, retrying in 2000ms","timestamp":"2025-09-04T18:18:55.849Z"}
{"level":"warn","message":"Retry attempt 1 failed, retrying in 2000ms","timestamp":"2025-09-04T18:18:55.877Z"}
{"level":"info","message":"Fetching historical traffic data for mumbai","timestamp":"2025-09-04T18:18:55.990Z"}
{"level":"error","message":"Error fetching historical traffic data for mumbai:","timestamp":"2025-09-04T18:18:55.991Z"}
{"level":"info","message":"Fetching historical traffic data for mumbai","timestamp":"2025-09-04T18:18:56.085Z"}
{"level":"error","message":"Error fetching historical traffic data for mumbai:","timestamp":"2025-09-04T18:18:56.087Z"}
{"level":"info","message":"Fetching historical traffic data for mumbai","timestamp":"2025-09-04T18:18:56.090Z"}
{"level":"error","message":"Error fetching historical traffic data for mumbai:","timestamp":"2025-09-04T18:18:56.091Z"}
{"level":"info","message":"Fetching historical traffic data for mumbai","timestamp":"2025-09-04T18:18:56.094Z"}
{"level":"error","message":"Error fetching historical traffic data for mumbai:","timestamp":"2025-09-04T18:18:56.096Z"}
{"level":"info","message":"Fetching historical traffic data for mumbai","timestamp":"2025-09-04T18:18:56.100Z"}
{"level":"error","message":"Error fetching historical traffic data for mumbai:","timestamp":"2025-09-04T18:18:56.101Z"}
{"level":"info","message":"Fetching historical traffic data for mumbai","timestamp":"2025-09-04T18:18:56.105Z"}
{"level":"error","message":"Error fetching historical traffic data for mumbai:","timestamp":"2025-09-04T18:18:56.106Z"}
{"level":"info","message":"Fetching historical traffic data for mumbai","timestamp":"2025-09-04T18:18:56.110Z"}
{"level":"error","message":"Error fetching historical traffic data for mumbai:","timestamp":"2025-09-04T18:18:56.111Z"}
{"level":"info","message":"Fetching historical traffic data for mumbai","timestamp":"2025-09-04T18:18:56.116Z"}
{"level":"error","message":"Error fetching historical traffic data for mumbai:","timestamp":"2025-09-04T18:18:56.117Z"}
{"level":"info","message":"Fetching historical traffic data for mumbai","timestamp":"2025-09-04T18:18:56.121Z"}
{"level":"error","message":"Error fetching historical traffic data for mumbai:","timestamp":"2025-09-04T18:18:56.122Z"}
{"level":"info","message":"Fetching historical traffic data for mumbai","timestamp":"2025-09-04T18:18:56.126Z"}
{"level":"error","message":"Error fetching historical traffic data for mumbai:","timestamp":"2025-09-04T18:18:56.128Z"}
{"level":"info","message":"Fetching historical traffic data for mumbai","timestamp":"2025-09-04T18:18:56.133Z"}
{"level":"error","message":"Error fetching historical traffic data for mumbai:","timestamp":"2025-09-04T18:18:56.135Z"}
{"level":"info","message":"Fetching historical traffic data for mumbai","timestamp":"2025-09-04T18:18:56.138Z"}
{"level":"error","message":"Error fetching historical traffic data for mumbai:","timestamp":"2025-09-04T18:18:56.139Z"}
{"level":"info","message":"Fetching historical traffic data for mumbai","timestamp":"2025-09-04T18:18:56.151Z"}
{"level":"error","message":"Error fetching historical traffic data for mumbai:","timestamp":"2025-09-04T18:18:56.152Z"}
{"level":"info","message":"Fetching historical traffic data for mumbai","timestamp":"2025-09-04T18:18:56.155Z"}
{"level":"error","message":"Error fetching historical traffic data for mumbai:","timestamp":"2025-09-04T18:18:56.157Z"}
{"level":"info","message":"Fetching historical traffic data for mumbai","timestamp":"2025-09-04T18:18:56.160Z"}
{"level":"error","message":"Error fetching historical traffic data for mumbai:","timestamp":"2025-09-04T18:18:56.161Z"}
{"level":"info","message":"Fetching historical traffic data for mumbai","timestamp":"2025-09-04T18:18:56.165Z"}
{"level":"error","message":"Error fetching historical traffic data for mumbai:","timestamp":"2025-09-04T18:18:56.167Z"}
{"level":"info","message":"Fetching historical traffic data for mumbai","timestamp":"2025-09-04T18:18:56.169Z"}
{"level":"error","message":"Error fetching historical traffic data for mumbai:","timestamp":"2025-09-04T18:18:56.171Z"}
{"level":"info","message":"Fetching historical traffic data for mumbai","timestamp":"2025-09-04T18:18:56.173Z"}
{"level":"error","message":"Error fetching historical traffic data for mumbai:","timestamp":"2025-09-04T18:18:56.175Z"}
{"level":"info","message":"Fetching historical traffic data for mumbai","timestamp":"2025-09-04T18:18:56.178Z"}
{"level":"error","message":"Error fetching historical traffic data for mumbai:","timestamp":"2025-09-04T18:18:56.180Z"}
{"level":"info","message":"Fetching historical traffic data for mumbai","timestamp":"2025-09-04T18:18:56.184Z"}
{"level":"info","message":"Fetching historical traffic data for mumbai","timestamp":"2025-09-04T18:18:56.185Z"}
{"level":"error","message":"Error fetching historical traffic data for mumbai:","timestamp":"2025-09-04T18:18:56.186Z"}
{"level":"error","message":"Error fetching historical traffic data for mumbai:","timestamp":"2025-09-04T18:18:56.187Z"}
{"level":"info","message":"Fetching historical traffic data for mumbai","timestamp":"2025-09-04T18:18:56.189Z"}
{"level":"info","message":"Fetching historical traffic data for mumbai","timestamp":"2025-09-04T18:18:56.189Z"}
{"level":"error","message":"Error fetching historical traffic data for mumbai:","timestamp":"2025-09-04T18:18:56.191Z"}
{"level":"error","message":"Error fetching historical traffic data for mumbai:","timestamp":"2025-09-04T18:18:56.192Z"}
{"level":"info","message":"Fetching historical traffic data for mumbai","timestamp":"2025-09-04T18:18:56.194Z"}
{"level":"error","message":"Error fetching historical traffic data for mumbai:","timestamp":"2025-09-04T18:18:56.196Z"}
{"level":"info","message":"Fetching historical traffic data for mumbai","timestamp":"2025-09-04T18:18:56.200Z"}
{"level":"error","message":"Error fetching historical traffic data for mumbai:","timestamp":"2025-09-04T18:18:56.202Z"}
{"level":"info","message":"Fetching historical traffic data for mumbai","timestamp":"2025-09-04T18:18:56.204Z"}
{"level":"error","message":"Error fetching historical traffic data for mumbai:","timestamp":"2025-09-04T18:18:56.206Z"}
{"level":"info","message":"Fetching historical traffic data for mumbai","timestamp":"2025-09-04T18:18:56.214Z"}
{"level":"error","message":"Error fetching historical traffic data for mumbai:","timestamp":"2025-09-04T18:18:56.216Z"}
{"level":"info","message":"Fetching historical traffic data for mumbai","timestamp":"2025-09-04T18:18:56.221Z"}
{"level":"error","message":"Error fetching historical traffic data for mumbai:","timestamp":"2025-09-04T18:18:56.223Z"}
{"level":"info","message":"Fetching historical traffic data for mumbai","timestamp":"2025-09-04T18:18:56.225Z"}
{"level":"error","message":"Error fetching historical traffic data for mumbai:","timestamp":"2025-09-04T18:18:56.226Z"}
{"level":"info","message":"Fetching historical traffic data for mumbai","timestamp":"2025-09-04T18:18:56.864Z"}
{"level":"error","message":"Error fetching historical traffic data for mumbai:","timestamp":"2025-09-04T18:18:56.866Z"}
{"level":"info","message":"Fetching historical traffic data for mumbai","timestamp":"2025-09-04T18:18:56.947Z"}
{"level":"error","message":"Error fetching historical traffic data for mumbai:","timestamp":"2025-09-04T18:18:56.949Z"}
{"level":"info","message":"Fetching historical traffic data for mumbai","timestamp":"2025-09-04T18:18:56.952Z"}
{"level":"error","message":"Error fetching historical traffic data for mumbai:","timestamp":"2025-09-04T18:18:56.953Z"}
{"level":"info","message":"Fetching historical traffic data for mumbai","timestamp":"2025-09-04T18:18:56.957Z"}
{"level":"error","message":"Error fetching historical traffic data for mumbai:","timestamp":"2025-09-04T18:18:56.958Z"}
{"level":"info","message":"Fetching historical traffic data for mumbai","timestamp":"2025-09-04T18:18:56.962Z"}
{"level":"error","message":"Error fetching historical traffic data for mumbai:","timestamp":"2025-09-04T18:18:56.963Z"}
{"level":"info","message":"Fetching historical traffic data for mumbai","timestamp":"2025-09-04T18:18:56.967Z"}
{"level":"error","message":"Error fetching historical traffic data for mumbai:","timestamp":"2025-09-04T18:18:56.968Z"}
{"level":"info","message":"Fetching historical traffic data for mumbai","timestamp":"2025-09-04T18:18:56.971Z"}
{"level":"error","message":"Error fetching historical traffic data for mumbai:","timestamp":"2025-09-04T18:18:56.972Z"}
{"level":"info","message":"Fetching historical traffic data for mumbai","timestamp":"2025-09-04T18:18:56.975Z"}
{"level":"error","message":"Error fetching historical traffic data for mumbai:","timestamp":"2025-09-04T18:18:56.976Z"}
{"level":"info","message":"Fetching historical traffic data for mumbai","timestamp":"2025-09-04T18:18:56.978Z"}
{"level":"error","message":"Error fetching historical traffic data for mumbai:","timestamp":"2025-09-04T18:18:56.980Z"}
{"level":"info","message":"Fetching historical traffic data for mumbai","timestamp":"2025-09-04T18:18:56.983Z"}
{"level":"error","message":"Error fetching historical traffic data for mumbai:","timestamp":"2025-09-04T18:18:56.985Z"}
{"level":"info","message":"Fetching historical traffic data for mumbai","timestamp":"2025-09-04T18:18:56.988Z"}
{"level":"error","message":"Error fetching historical traffic data for mumbai:","timestamp":"2025-09-04T18:18:56.989Z"}
{"level":"info","message":"Fetching historical traffic data for mumbai","timestamp":"2025-09-04T18:18:56.991Z"}
{"level":"error","message":"Error fetching historical traffic data for mumbai:","timestamp":"2025-09-04T18:18:56.992Z"}
{"level":"info","message":"Fetching historical traffic data for mumbai","timestamp":"2025-09-04T18:18:57.002Z"}
{"level":"error","message":"Error fetching historical traffic data for mumbai:","timestamp":"2025-09-04T18:18:57.003Z"}
{"level":"info","message":"Fetching historical traffic data for mumbai","timestamp":"2025-09-04T18:18:57.005Z"}
{"level":"error","message":"Error fetching historical traffic data for mumbai:","timestamp":"2025-09-04T18:18:57.006Z"}
{"level":"info","message":"Fetching historical traffic data for mumbai","timestamp":"2025-09-04T18:18:57.008Z"}
{"level":"error","message":"Error fetching historical traffic data for mumbai:","timestamp":"2025-09-04T18:18:57.009Z"}
{"level":"info","message":"Fetching historical traffic data for mumbai","timestamp":"2025-09-04T18:18:57.011Z"}
{"level":"error","message":"Error fetching historical traffic data for mumbai:","timestamp":"2025-09-04T18:18:57.013Z"}
{"level":"info","message":"Fetching historical traffic data for mumbai","timestamp":"2025-09-04T18:18:57.016Z"}
{"level":"error","message":"Error fetching historical traffic data for mumbai:","timestamp":"2025-09-04T18:18:57.017Z"}
{"level":"info","message":"Fetching historical traffic data for mumbai","timestamp":"2025-09-04T18:18:57.019Z"}
{"level":"error","message":"Error fetching historical traffic data for mumbai:","timestamp":"2025-09-04T18:18:57.020Z"}
{"level":"info","message":"Fetching historical traffic data for mumbai","timestamp":"2025-09-04T18:18:57.022Z"}
{"level":"error","message":"Error fetching historical traffic data for mumbai:","timestamp":"2025-09-04T18:18:57.023Z"}
{"level":"info","message":"Fetching historical traffic data for mumbai","timestamp":"2025-09-04T18:18:57.026Z"}
{"level":"info","message":"Fetching historical traffic data for mumbai","timestamp":"2025-09-04T18:18:57.026Z"}
{"level":"error","message":"Error fetching historical traffic data for mumbai:","timestamp":"2025-09-04T18:18:57.027Z"}
{"level":"error","message":"Error fetching historical traffic data for mumbai:","timestamp":"2025-09-04T18:18:57.028Z"}
{"level":"info","message":"Fetching historical traffic data for mumbai","timestamp":"2025-09-04T18:18:57.029Z"}
{"level":"info","message":"Fetching historical traffic data for mumbai","timestamp":"2025-09-04T18:18:57.031Z"}
{"level":"error","message":"Error fetching historical traffic data for mumbai:","timestamp":"2025-09-04T18:18:57.031Z"}
{"level":"error","message":"Error fetching historical traffic data for mumbai:","timestamp":"2025-09-04T18:18:57.033Z"}
{"level":"info","message":"Fetching historical traffic data for mumbai","timestamp":"2025-09-04T18:18:57.034Z"}
{"level":"error","message":"Error fetching historical traffic data for mumbai:","timestamp":"2025-09-04T18:18:57.035Z"}
{"level":"info","message":"Fetching historical traffic data for mumbai","timestamp":"2025-09-04T18:18:57.037Z"}
{"level":"error","message":"Error fetching historical traffic data for mumbai:","timestamp":"2025-09-04T18:18:57.038Z"}
{"level":"info","message":"Fetching historical traffic data for mumbai","timestamp":"2025-09-04T18:18:57.040Z"}
{"level":"error","message":"Error fetching historical traffic data for mumbai:","timestamp":"2025-09-04T18:18:57.041Z"}
{"level":"info","message":"Fetching historical traffic data for mumbai","timestamp":"2025-09-04T18:18:57.047Z"}
{"level":"error","message":"Error fetching historical traffic data for mumbai:","timestamp":"2025-09-04T18:18:57.048Z"}
{"level":"info","message":"Fetching historical traffic data for mumbai","timestamp":"2025-09-04T18:18:57.053Z"}
{"level":"error","message":"Error fetching historical traffic data for mumbai:","timestamp":"2025-09-04T18:18:57.054Z"}
{"level":"info","message":"Fetching historical traffic data for mumbai","timestamp":"2025-09-04T18:18:57.056Z"}
{"level":"error","message":"Error fetching historical traffic data for mumbai:","timestamp":"2025-09-04T18:18:57.057Z"}
{"level":"warn","message":"Retry attempt 2 failed, retrying in 4000ms","timestamp":"2025-09-04T18:19:00.079Z"}
{"level":"warn","message":"Retry attempt 2 failed, retrying in 4000ms","timestamp":"2025-09-04T18:19:00.134Z"}
{"level":"warn","message":"Traffic flow data request failed:","timestamp":"2025-09-04T18:19:00.493Z"}
{"level":"warn","message":"Traffic incidents data request failed:","timestamp":"2025-09-04T18:19:00.493Z"}
{"level":"error","message":"Error storing traffic incidents in database:","timestamp":"2025-09-04T18:19:00.495Z"}
{"level":"info","message":"Returning cached live traffic data for 40.7128,72.8777","timestamp":"2025-09-04T18:19:00.548Z"}
{"level":"info","message":"Returning cached live traffic data for 40.7128,72.8777","timestamp":"2025-09-04T18:19:00.552Z"}
{"level":"info","message":"Returning cached live traffic data for 40.7128,72.8777","timestamp":"2025-09-04T18:19:00.553Z"}
{"level":"info","message":"Returning cached live traffic data for 40.7128,72.8777","timestamp":"2025-09-04T18:19:00.554Z"}
{"level":"info","message":"Returning cached live traffic data for 40.7128,72.8777","timestamp":"2025-09-04T18:19:00.554Z"}
{"level":"info","message":"Returning cached live traffic data for 40.7128,72.8777","timestamp":"2025-09-04T18:19:00.554Z"}
{"level":"info","message":"Returning cached live traffic data for 40.7128,72.8777","timestamp":"2025-09-04T18:19:00.554Z"}
{"level":"info","message":"Returning cached live traffic data for 40.7128,72.8777","timestamp":"2025-09-04T18:19:00.555Z"}
{"level":"info","message":"Returning cached live traffic data for 40.7128,72.8777","timestamp":"2025-09-04T18:19:00.555Z"}
{"level":"info","message":"Returning cached live traffic data for 40.7128,72.8777","timestamp":"2025-09-04T18:19:00.555Z"}
{"level":"info","message":"Returning cached live traffic data for 40.7128,72.8777","timestamp":"2025-09-04T18:19:00.555Z"}
{"level":"info","message":"Returning cached live traffic data for 40.7128,72.8777","timestamp":"2025-09-04T18:19:00.556Z"}
{"level":"info","message":"Returning cached live traffic data for 40.7128,72.8777","timestamp":"2025-09-04T18:19:00.556Z"}
{"level":"info","message":"Returning cached live traffic data for 40.7128,72.8777","timestamp":"2025-09-04T18:19:00.556Z"}
{"level":"info","message":"Returning cached live traffic data for 40.7128,72.8777","timestamp":"2025-09-04T18:19:00.556Z"}
{"level":"info","message":"Returning cached live traffic data for 40.7128,72.8777","timestamp":"2025-09-04T18:19:00.557Z"}
{"level":"info","message":"Returning cached live traffic data for 40.7128,72.8777","timestamp":"2025-09-04T18:19:00.557Z"}
{"level":"info","message":"Returning cached live traffic data for 40.7128,72.8777","timestamp":"2025-09-04T18:19:00.557Z"}
{"level":"info","message":"Returning cached live traffic data for 40.7128,72.8777","timestamp":"2025-09-04T18:19:00.558Z"}
{"level":"info","message":"Returning cached live traffic data for 40.7128,72.8777","timestamp":"2025-09-04T18:19:00.558Z"}
{"level":"info","message":"Returning cached live traffic data for 40.7128,72.8777","timestamp":"2025-09-04T18:19:00.558Z"}
{"level":"info","message":"Returning cached live traffic data for 40.7128,72.8777","timestamp":"2025-09-04T18:19:00.559Z"}
{"level":"info","message":"Returning cached live traffic data for 40.7128,72.8777","timestamp":"2025-09-04T18:19:00.559Z"}
{"level":"info","message":"Returning cached live traffic data for 40.7128,72.8777","timestamp":"2025-09-04T18:19:00.560Z"}
{"level":"info","message":"Returning cached live traffic data for 40.7128,72.8777","timestamp":"2025-09-04T18:19:00.560Z"}
{"level":"info","message":"Returning cached live traffic data for 40.7128,72.8777","timestamp":"2025-09-04T18:19:00.560Z"}
{"level":"info","message":"Returning cached live traffic data for 40.7128,72.8777","timestamp":"2025-09-04T18:19:00.560Z"}
{"level":"info","message":"Returning cached live traffic data for 40.7128,72.8777","timestamp":"2025-09-04T18:19:00.561Z"}
{"level":"info","message":"Returning cached live traffic data for 40.7128,72.8777","timestamp":"2025-09-04T18:19:00.561Z"}
{"level":"info","message":"Returning cached live traffic data for 40.7128,72.8777","timestamp":"2025-09-04T18:19:00.561Z"}
{"level":"info","message":"Returning cached live traffic data for 40.7128,72.8777","timestamp":"2025-09-04T18:19:00.562Z"}
{"level":"info","message":"Returning cached live traffic data for 40.7128,72.8777","timestamp":"2025-09-04T18:19:00.562Z"}
{"level":"info","message":"Returning cached live traffic data for 40.7128,72.8777","timestamp":"2025-09-04T18:19:00.563Z"}
{"level":"info","message":"Returning cached live traffic data for 40.7128,72.8777","timestamp":"2025-09-04T18:19:00.564Z"}
{"level":"info","message":"Returning cached live traffic data for 40.7128,72.8777","timestamp":"2025-09-04T18:19:00.564Z"}
{"level":"info","message":"Returning cached live traffic data for 40.7128,72.8777","timestamp":"2025-09-04T18:19:00.565Z"}
{"level":"info","message":"Returning cached live traffic data for 40.7128,72.8777","timestamp":"2025-09-04T18:19:00.565Z"}
{"level":"info","message":"Returning cached live traffic data for 40.7128,72.8777","timestamp":"2025-09-04T18:19:00.565Z"}
{"level":"info","message":"Returning cached live traffic data for 40.7128,72.8777","timestamp":"2025-09-04T18:19:00.565Z"}
{"level":"info","message":"Returning cached live traffic data for 40.7128,72.8777","timestamp":"2025-09-04T18:19:00.565Z"}
{"level":"info","message":"Returning cached live traffic data for 40.7128,72.8777","timestamp":"2025-09-04T18:19:00.567Z"}
{"level":"info","message":"Returning cached live traffic data for 40.7128,72.8777","timestamp":"2025-09-04T18:19:00.567Z"}
{"level":"info","message":"Returning cached live traffic data for 40.7128,72.8777","timestamp":"2025-09-04T18:19:00.567Z"}
{"level":"info","message":"Returning cached live traffic data for 40.7128,72.8777","timestamp":"2025-09-04T18:19:00.568Z"}
{"level":"info","message":"Returning cached live traffic data for 40.7128,72.8777","timestamp":"2025-09-04T18:19:00.568Z"}
{"level":"info","message":"Returning cached live traffic data for 40.7128,72.8777","timestamp":"2025-09-04T18:19:00.568Z"}
{"level":"info","message":"Returning cached live traffic data for 40.7128,72.8777","timestamp":"2025-09-04T18:19:00.569Z"}
{"level":"info","message":"Returning cached live traffic data for 40.7128,72.8777","timestamp":"2025-09-04T18:19:00.569Z"}
{"level":"info","message":"Returning cached live traffic data for 40.7128,72.8777","timestamp":"2025-09-04T18:19:00.569Z"}
{"level":"info","message":"Returning cached live traffic data for 40.7128,72.8777","timestamp":"2025-09-04T18:19:00.569Z"}
{"level":"info","message":"Returning cached live traffic data for 40.7128,72.8777","timestamp":"2025-09-04T18:19:00.588Z"}
{"level":"info","message":"Fetching live traffic data for 34.0522,72.8777 with radius 5km","timestamp":"2025-09-04T18:19:00.589Z"}
{"level":"warn","message":"Retry attempt 1 failed, retrying in 2000ms","timestamp":"2025-09-04T18:19:02.797Z"}
{"level":"warn","message":"Retry attempt 1 failed, retrying in 2000ms","timestamp":"2025-09-04T18:19:02.800Z"}
{"level":"warn","message":"Retry attempt 2 failed, retrying in 4000ms","timestamp":"2025-09-04T18:19:07.013Z"}
{"level":"warn","message":"Retry attempt 2 failed, retrying in 4000ms","timestamp":"2025-09-04T18:19:07.024Z"}
{"level":"warn","message":"Traffic flow data request failed:","timestamp":"2025-09-04T18:19:07.213Z"}
{"level":"warn","message":"Traffic incidents data request failed:","timestamp":"2025-09-04T18:19:07.213Z"}
{"level":"error","message":"Error storing traffic incidents in database:","timestamp":"2025-09-04T18:19:07.214Z"}
{"level":"info","message":"Fetching live traffic data for 41.8781,72.8777 with radius 5km","timestamp":"2025-09-04T18:19:07.216Z"}
{"level":"info","message":"Returning cached live traffic data for mumbai","timestamp":"2025-09-04T18:19:08.906Z"}
{"level":"warn","message":"Retry attempt 1 failed, retrying in 2000ms","timestamp":"2025-09-04T18:19:09.432Z"}
{"level":"warn","message":"Retry attempt 1 failed, retrying in 2000ms","timestamp":"2025-09-04T18:19:09.441Z"}
{"level":"warn","message":"Retry attempt 2 failed, retrying in 4000ms","timestamp":"2025-09-04T18:19:13.702Z"}
{"level":"warn","message":"Retry attempt 2 failed, retrying in 4000ms","timestamp":"2025-09-04T18:19:13.703Z"}
{"level":"warn","message":"Traffic flow data request failed:","timestamp":"2025-09-04T18:19:13.917Z"}
{"level":"warn","message":"Traffic incidents data request failed:","timestamp":"2025-09-04T18:19:13.917Z"}
{"level":"error","message":"Error storing traffic incidents in database:","timestamp":"2025-09-04T18:19:13.918Z"}
{"level":"info","message":"Fetching live traffic data for 29.7604,72.8777 with radius 5km","timestamp":"2025-09-04T18:19:13.920Z"}
{"level":"warn","message":"Retry attempt 1 failed, retrying in 2000ms","timestamp":"2025-09-04T18:19:16.131Z"}
{"level":"warn","message":"Retry attempt 1 failed, retrying in 2000ms","timestamp":"2025-09-04T18:19:16.132Z"}
{"level":"warn","message":"Retry attempt 2 failed, retrying in 4000ms","timestamp":"2025-09-04T18:19:20.338Z"}
{"level":"warn","message":"Retry attempt 2 failed, retrying in 4000ms","timestamp":"2025-09-04T18:19:20.372Z"}
{"level":"warn","message":"Traffic flow data request failed:","timestamp":"2025-09-04T18:19:20.573Z"}
{"level":"warn","message":"Traffic incidents data request failed:","timestamp":"2025-09-04T18:19:20.573Z"}
{"level":"error","message":"Error storing traffic incidents in database:","timestamp":"2025-09-04T18:19:20.575Z"}
{"level":"info","message":"Fetching live traffic data for 33.4484,72.8777 with radius 5km","timestamp":"2025-09-04T18:19:20.578Z"}
{"level":"warn","message":"Retry attempt 1 failed, retrying in 2000ms","timestamp":"2025-09-04T18:19:22.862Z"}
{"level":"warn","message":"Retry attempt 1 failed, retrying in 2000ms","timestamp":"2025-09-04T18:19:22.864Z"}
{"level":"warn","message":"Retry attempt 2 failed, retrying in 4000ms","timestamp":"2025-09-04T18:19:27.061Z"}
{"level":"warn","message":"Retry attempt 2 failed, retrying in 4000ms","timestamp":"2025-09-04T18:19:27.087Z"}
{"level":"warn","message":"Traffic flow data request failed:","timestamp":"2025-09-04T18:19:27.324Z"}
{"level":"warn","message":"Traffic incidents data request failed:","timestamp":"2025-09-04T18:19:27.324Z"}
{"level":"error","message":"Error storing traffic incidents in database:","timestamp":"2025-09-04T18:19:27.325Z"}
{"level":"info","message":"Fetching historical traffic data","timestamp":"2025-09-04T18:19:27.394Z"}
{"level":"error","message":"Error fetching historical traffic data:","timestamp":"2025-09-04T18:19:27.395Z"}
{"level":"info","message":"Fetching historical traffic data","timestamp":"2025-09-04T18:19:27.400Z"}
{"level":"error","message":"Error fetching historical traffic data:","timestamp":"2025-09-04T18:19:27.401Z"}
{"level":"info","message":"Returning cached live traffic data for 40.7128,72.8777","timestamp":"2025-09-04T18:19:27.410Z"}
{"level":"info","message":"Fetching historical traffic data","timestamp":"2025-09-04T18:19:27.410Z"}
{"level":"info","message":"Returning cached live traffic data for 34.0522,72.8777","timestamp":"2025-09-04T18:19:27.411Z"}
{"level":"info","message":"Fetching historical traffic data","timestamp":"2025-09-04T18:19:27.411Z"}
{"level":"info","message":"Returning cached live traffic data for 41.8781,72.8777","timestamp":"2025-09-04T18:19:27.411Z"}
{"level":"info","message":"Fetching historical traffic data","timestamp":"2025-09-04T18:19:27.412Z"}
{"level":"info","message":"Returning cached live traffic data for 29.7604,72.8777","timestamp":"2025-09-04T18:19:27.413Z"}
{"level":"error","message":"Error fetching historical traffic data:","timestamp":"2025-09-04T18:19:27.415Z"}
{"level":"error","message":"Error fetching historical traffic data:","timestamp":"2025-09-04T18:19:27.416Z"}
{"level":"error","message":"Error fetching historical traffic data:","timestamp":"2025-09-04T18:19:27.416Z"}
{"level":"info","message":"Fetching historical traffic data","timestamp":"2025-09-04T18:19:27.417Z"}
{"level":"info","message":"Returning cached live traffic data for 33.4484,72.8777","timestamp":"2025-09-04T18:19:27.417Z"}
{"level":"info","message":"Fetching historical traffic data","timestamp":"2025-09-04T18:19:27.420Z"}
{"level":"info","message":"Returning cached live traffic data for 40.7128,72.8777","timestamp":"2025-09-04T18:19:27.421Z"}
{"level":"info","message":"Fetching historical traffic data","timestamp":"2025-09-04T18:19:27.422Z"}
{"level":"info","message":"Returning cached live traffic data for 34.0522,72.8777","timestamp":"2025-09-04T18:19:27.422Z"}
{"level":"error","message":"Error fetching historical traffic data:","timestamp":"2025-09-04T18:19:27.425Z"}
{"level":"error","message":"Error fetching historical traffic data:","timestamp":"2025-09-04T18:19:27.426Z"}
{"level":"error","message":"Error fetching historical traffic data:","timestamp":"2025-09-04T18:19:27.427Z"}
{"level":"info","message":"Fetching historical traffic data","timestamp":"2025-09-04T18:19:27.428Z"}
{"level":"info","message":"Returning cached live traffic data for 41.8781,72.8777","timestamp":"2025-09-04T18:19:27.428Z"}
{"level":"error","message":"Error fetching historical traffic data:","timestamp":"2025-09-04T18:19:27.431Z"}
{"level":"info","message":"Fetching historical traffic data","timestamp":"2025-09-04T18:19:27.432Z"}
{"level":"info","message":"Returning cached live traffic data for 29.7604,72.8777","timestamp":"2025-09-04T18:19:27.432Z"}
{"level":"error","message":"Error fetching historical traffic data:","timestamp":"2025-09-04T18:19:27.433Z"}
{"level":"info","message":"Fetching historical traffic data","timestamp":"2025-09-04T18:19:27.434Z"}
{"level":"info","message":"Returning cached live traffic data for 33.4484,72.8777","timestamp":"2025-09-04T18:19:27.434Z"}
{"level":"error","message":"Error fetching historical traffic data:","timestamp":"2025-09-04T18:19:27.435Z"}
{"level":"info","message":"Fetching historical traffic data","timestamp":"2025-09-04T18:19:27.435Z"}
{"level":"error","message":"Error fetching historical traffic data:","timestamp":"2025-09-04T18:19:27.436Z"}
{"level":"info","message":"Returning cached live traffic data for 40.7128,72.8777","timestamp":"2025-09-04T18:19:27.468Z"}
{"level":"info","message":"Returning cached live traffic data for 40.7128,72.8777","timestamp":"2025-09-04T18:19:28.471Z"}
{"level":"info","message":"Returning cached live traffic data for 40.7128,72.8777","timestamp":"2025-09-04T18:19:29.476Z"}
{"level":"info","message":"Returning cached live traffic data for 40.7128,72.8777","timestamp":"2025-09-04T18:19:30.481Z"}
{"level":"info","message":"Returning cached live traffic data for 40.7128,72.8777","timestamp":"2025-09-04T18:19:31.485Z"}
{"level":"info","message":"Returning cached live traffic data for 40.7128,72.8777","timestamp":"2025-09-04T18:19:32.490Z"}
{"level":"info","message":"Returning cached live traffic data for 40.7128,72.8777","timestamp":"2025-09-04T18:19:33.495Z"}
{"level":"info","message":"Returning cached live traffic data for 40.7128,72.8777","timestamp":"2025-09-04T18:19:34.500Z"}
{"level":"info","message":"Returning cached live traffic data for 40.7128,72.8777","timestamp":"2025-09-04T18:19:35.505Z"}
{"level":"info","message":"Returning cached live traffic data for 40.7128,72.8777","timestamp":"2025-09-04T18:19:36.511Z"}
{"level":"info","message":"Returning cached live traffic data for 40.7128,72.8777","timestamp":"2025-09-04T18:19:37.517Z"}
{"level":"info","message":"Returning cached live traffic data for 40.7128,72.8777","timestamp":"2025-09-04T18:19:38.521Z"}
{"level":"info","message":"Returning cached live traffic data for 40.7128,72.8777","timestamp":"2025-09-04T18:19:39.525Z"}
{"level":"info","message":"Returning cached live traffic data for 40.7128,72.8777","timestamp":"2025-09-04T18:19:40.529Z"}
{"level":"info","message":"Returning cached live traffic data for 40.7128,72.8777","timestamp":"2025-09-04T18:19:41.532Z"}
{"level":"info","message":"Returning cached live traffic data for 40.7128,72.8777","timestamp":"2025-09-04T18:19:42.535Z"}
{"level":"info","message":"Fetching live traffic data for mumbai (19.076, 72.8777)","timestamp":"2025-09-04T18:19:48.914Z"}
{"level":"warn","message":"Retry attempt 1 failed, retrying in 2000ms","timestamp":"2025-09-04T18:19:51.573Z"}
{"level":"warn","message":"Retry attempt 1 failed, retrying in 2000ms","timestamp":"2025-09-04T18:19:51.575Z"}
{"level":"warn","message":"Retry attempt 2 failed, retrying in 4000ms","timestamp":"2025-09-04T18:19:55.771Z"}
{"level":"warn","message":"Retry attempt 2 failed, retrying in 4000ms","timestamp":"2025-09-04T18:19:55.782Z"}
{"level":"error","message":"Error storing traffic incidents in database:","timestamp":"2025-09-04T18:19:55.999Z"}
{"level":"info","message":"Returning cached live traffic data for mumbai","timestamp":"2025-09-04T18:19:56.000Z"}
{"level":"info","message":"Returning cached live traffic data for mumbai","timestamp":"2025-09-04T18:20:28.903Z"}
{"level":"info","message":"Returning cached live traffic data for mumbai","timestamp":"2025-09-04T18:21:03.901Z"}
{"level":"info","message":"Returning cached live traffic data for mumbai","timestamp":"2025-09-04T18:21:38.901Z"}
{"level":"info","message":"Fetching live traffic data for mumbai (19.076, 72.8777)","timestamp":"2025-09-04T18:22:13.899Z"}
{"level":"warn","message":"Retry attempt 1 failed, retrying in 2000ms","timestamp":"2025-09-04T18:22:16.568Z"}
{"level":"warn","message":"Retry attempt 1 failed, retrying in 2000ms","timestamp":"2025-09-04T18:22:16.586Z"}
{"level":"warn","message":"Retry attempt 2 failed, retrying in 4000ms","timestamp":"2025-09-04T18:22:20.789Z"}
{"level":"warn","message":"Retry attempt 2 failed, retrying in 4000ms","timestamp":"2025-09-04T18:22:20.791Z"}
{"level":"error","message":"Error storing traffic incidents in database:","timestamp":"2025-09-04T18:22:21.089Z"}
{"level":"info","message":"Returning cached live traffic data for mumbai","timestamp":"2025-09-04T18:22:21.091Z"}
{"level":"info","message":"Returning cached live traffic data for mumbai","timestamp":"2025-09-04T18:22:53.911Z"}
{"level":"info","message":"Returning cached live traffic data for mumbai","timestamp":"2025-09-04T18:23:28.898Z"}
{"level":"info","message":"Generating high-accuracy traffic prediction for mumbai (19.076, 72.8777)","timestamp":"2025-09-04T18:23:47.709Z"}
{"level":"warn","message":"Real-time traffic data unavailable for mumbai:","timestamp":"2025-09-04T18:23:48.384Z"}
{"level":"error","message":"Error generating traffic prediction for mumbai:","timestamp":"2025-09-04T18:23:48.385Z"}
{"level":"info","message":"Generating high-accuracy traffic prediction for mumbai (19.076, 72.8777)","timestamp":"2025-09-04T18:23:48.386Z"}
{"level":"warn","message":"Real-time traffic data unavailable for mumbai:","timestamp":"2025-09-04T18:23:48.607Z"}
{"level":"error","message":"Error generating traffic prediction for mumbai:","timestamp":"2025-09-04T18:23:48.607Z"}
{"level":"info","message":"Generating high-accuracy traffic prediction for mumbai (19.076, 72.8777)","timestamp":"2025-09-04T18:23:52.687Z"}
{"level":"warn","message":"Real-time traffic data unavailable for mumbai:","timestamp":"2025-09-04T18:23:53.383Z"}
{"level":"error","message":"Error generating traffic prediction for mumbai:","timestamp":"2025-09-04T18:23:53.383Z"}
{"level":"info","message":"Generating high-accuracy traffic prediction for mumbai (19.076, 72.8777)","timestamp":"2025-09-04T18:23:57.696Z"}
{"level":"warn","message":"Real-time traffic data unavailable for mumbai:","timestamp":"2025-09-04T18:23:57.908Z"}
{"level":"error","message":"Error generating traffic prediction for mumbai:","timestamp":"2025-09-04T18:23:57.908Z"}
{"level":"info","message":"Generating high-accuracy traffic prediction for mumbai (19.076, 72.8777)","timestamp":"2025-09-04T18:24:02.693Z"}
{"level":"warn","message":"Real-time traffic data unavailable for mumbai:","timestamp":"2025-09-04T18:24:02.894Z"}
{"level":"error","message":"Error generating traffic prediction for mumbai:","timestamp":"2025-09-04T18:24:02.894Z"}
{"level":"info","message":"Generating high-accuracy traffic prediction for mumbai (19.076, 72.8777)","timestamp":"2025-09-04T18:24:07.685Z"}
{"level":"warn","message":"Real-time traffic data unavailable for mumbai:","timestamp":"2025-09-04T18:24:07.896Z"}
{"level":"error","message":"Error generating traffic prediction for mumbai:","timestamp":"2025-09-04T18:24:07.896Z"}
{"level":"info","message":"Generating high-accuracy traffic prediction for mumbai (19.076, 72.8777)","timestamp":"2025-09-04T18:24:12.687Z"}
{"level":"warn","message":"Real-time traffic data unavailable for mumbai:","timestamp":"2025-09-04T18:24:12.872Z"}
{"level":"error","message":"Error generating traffic prediction for mumbai:","timestamp":"2025-09-04T18:24:12.872Z"}
{"level":"info","message":"Generating high-accuracy traffic prediction for mumbai (19.076, 72.8777)","timestamp":"2025-09-04T18:24:17.692Z"}
{"level":"warn","message":"Real-time traffic data unavailable for mumbai:","timestamp":"2025-09-04T18:24:17.921Z"}
{"level":"error","message":"Error generating traffic prediction for mumbai:","timestamp":"2025-09-04T18:24:17.921Z"}
{"level":"info","message":"Generating high-accuracy traffic prediction for mumbai (19.076, 72.8777)","timestamp":"2025-09-04T18:24:22.685Z"}
{"level":"warn","message":"Real-time traffic data unavailable for mumbai:","timestamp":"2025-09-04T18:24:22.944Z"}
{"level":"error","message":"Error generating traffic prediction for mumbai:","timestamp":"2025-09-04T18:24:22.944Z"}
{"level":"info","message":"Generating high-accuracy traffic prediction for mumbai (19.076, 72.8777)","timestamp":"2025-09-04T18:24:27.692Z"}
{"level":"warn","message":"Real-time traffic data unavailable for mumbai:","timestamp":"2025-09-04T18:24:27.912Z"}
{"level":"error","message":"Error generating traffic prediction for mumbai:","timestamp":"2025-09-04T18:24:27.912Z"}
{"level":"info","message":"Generating high-accuracy traffic prediction for mumbai (19.076, 72.8777)","timestamp":"2025-09-04T18:24:32.694Z"}
{"level":"warn","message":"Real-time traffic data unavailable for mumbai:","timestamp":"2025-09-04T18:24:32.887Z"}
{"level":"error","message":"Error generating traffic prediction for mumbai:","timestamp":"2025-09-04T18:24:32.888Z"}
{"level":"info","message":"Generating high-accuracy traffic prediction for mumbai (19.076, 72.8777)","timestamp":"2025-09-04T18:24:37.692Z"}
{"level":"warn","message":"Real-time traffic data unavailable for mumbai:","timestamp":"2025-09-04T18:24:37.886Z"}
{"level":"error","message":"Error generating traffic prediction for mumbai:","timestamp":"2025-09-04T18:24:37.886Z"}
{"level":"info","message":"Generating high-accuracy traffic prediction for mumbai (19.076, 72.8777)","timestamp":"2025-09-04T18:24:42.691Z"}
{"level":"warn","message":"Real-time traffic data unavailable for mumbai:","timestamp":"2025-09-04T18:24:42.890Z"}
{"level":"error","message":"Error generating traffic prediction for mumbai:","timestamp":"2025-09-04T18:24:42.890Z"}
{"level":"info","message":"Generating high-accuracy traffic prediction for mumbai (19.076, 72.8777)","timestamp":"2025-09-04T18:24:47.743Z"}
{"level":"warn","message":"Real-time traffic data unavailable for mumbai:","timestamp":"2025-09-04T18:24:47.944Z"}
{"level":"error","message":"Error generating traffic prediction for mumbai:","timestamp":"2025-09-04T18:24:47.944Z"}
{"level":"info","message":"Generating high-accuracy traffic prediction for mumbai (19.076, 72.8777)","timestamp":"2025-09-04T18:24:52.680Z"}
{"level":"warn","message":"Real-time traffic data unavailable for mumbai:","timestamp":"2025-09-04T18:24:52.872Z"}
{"level":"error","message":"Error generating traffic prediction for mumbai:","timestamp":"2025-09-04T18:24:52.873Z"}
{"level":"info","message":"Generating high-accuracy traffic prediction for mumbai (19.076, 72.8777)","timestamp":"2025-09-04T18:24:57.681Z"}
{"level":"warn","message":"Real-time traffic data unavailable for mumbai:","timestamp":"2025-09-04T18:24:57.884Z"}
{"level":"error","message":"Error generating traffic prediction for mumbai:","timestamp":"2025-09-04T18:24:57.884Z"}
{"level":"info","message":"Fetching live traffic data for mumbai (19.076, 72.8777)","timestamp":"2025-09-04T18:25:02.303Z"}
{"level":"warn","message":"Retry attempt 1 failed, retrying in 2000ms","timestamp":"2025-09-04T18:25:04.508Z"}
{"level":"warn","message":"Retry attempt 1 failed, retrying in 2000ms","timestamp":"2025-09-04T18:25:04.986Z"}
{"level":"warn","message":"Retry attempt 2 failed, retrying in 4000ms","timestamp":"2025-09-04T18:25:08.713Z"}
{"level":"warn","message":"Retry attempt 2 failed, retrying in 4000ms","timestamp":"2025-09-04T18:25:09.199Z"}
{"level":"error","message":"Error storing traffic incidents in database:","timestamp":"2025-09-04T18:25:09.405Z"}
{"level":"info","message":"Returning cached live traffic data for mumbai","timestamp":"2025-09-04T18:25:09.407Z"}
{"level":"info","message":"Returning cached live traffic data for mumbai","timestamp":"2025-09-04T18:25:09.408Z"}
{"level":"info","message":"Returning cached live traffic data for mumbai","timestamp":"2025-09-04T18:25:42.240Z"}
{"level":"info","message":"Returning cached live traffic data for mumbai","timestamp":"2025-09-04T18:26:17.240Z"}
{"level":"info","message":"Returning cached live traffic data for mumbai","timestamp":"2025-09-04T18:26:52.274Z"}
{"level":"info","message":"Fetching live traffic data for mumbai (19.076, 72.8777)","timestamp":"2025-09-04T18:27:27.239Z"}
{"level":"warn","message":"Retry attempt 1 failed, retrying in 2000ms","timestamp":"2025-09-04T18:27:30.043Z"}
{"level":"warn","message":"Retry attempt 1 failed, retrying in 2000ms","timestamp":"2025-09-04T18:27:30.070Z"}
{"level":"warn","message":"Retry attempt 2 failed, retrying in 4000ms","timestamp":"2025-09-04T18:27:34.238Z"}
{"level":"warn","message":"Retry attempt 2 failed, retrying in 4000ms","timestamp":"2025-09-04T18:27:34.256Z"}
{"level":"error","message":"Error storing traffic incidents in database:","timestamp":"2025-09-04T18:27:34.954Z"}
{"level":"info","message":"Returning cached live traffic data for mumbai","timestamp":"2025-09-04T18:27:34.958Z"}
{"level":"info","message":"Returning cached live traffic data for mumbai","timestamp":"2025-09-04T18:28:07.238Z"}
{"level":"info","message":"Returning cached live traffic data for mumbai","timestamp":"2025-09-04T18:28:42.243Z"}
{"level":"info","message":"Returning cached live traffic data for mumbai","timestamp":"2025-09-04T18:29:17.240Z"}
{"level":"info","message":"Fetching live traffic data for mumbai (19.076, 72.8777)","timestamp":"2025-09-04T18:29:52.240Z"}
{"level":"warn","message":"Retry attempt 1 failed, retrying in 2000ms","timestamp":"2025-09-04T18:29:54.884Z"}
{"level":"warn","message":"Retry attempt 1 failed, retrying in 2000ms","timestamp":"2025-09-04T18:29:54.884Z"}
{"level":"warn","message":"Retry attempt 2 failed, retrying in 4000ms","timestamp":"2025-09-04T18:29:59.081Z"}
{"level":"warn","message":"Retry attempt 2 failed, retrying in 4000ms","timestamp":"2025-09-04T18:29:59.082Z"}
{"level":"error","message":"Error storing traffic incidents in database:","timestamp":"2025-09-04T18:29:59.289Z"}
{"level":"info","message":"Returning cached live traffic data for mumbai","timestamp":"2025-09-04T18:29:59.291Z"}
{"level":"info","message":"Returning cached live traffic data for mumbai","timestamp":"2025-09-04T18:30:32.238Z"}
{"level":"info","message":"Returning cached live traffic data for mumbai","timestamp":"2025-09-04T18:31:07.257Z"}
{"level":"info","message":"Fetching live traffic data for 19.076,72.8777 with radius 5km","timestamp":"2025-09-04T18:31:10.653Z"}
{"level":"warn","message":"Retry attempt 1 failed, retrying in 2000ms","timestamp":"2025-09-04T18:31:14.560Z"}
{"level":"warn","message":"Retry attempt 1 failed, retrying in 2000ms","timestamp":"2025-09-04T18:31:14.567Z"}
{"level":"info","message":"Fetching historical traffic data","timestamp":"2025-09-04T18:31:15.673Z"}
{"level":"error","message":"Error fetching historical traffic data:","timestamp":"2025-09-04T18:31:15.678Z"}
{"level":"warn","message":"Retry attempt 2 failed, retrying in 4000ms","timestamp":"2025-09-04T18:31:18.844Z"}
{"level":"warn","message":"Retry attempt 2 failed, retrying in 4000ms","timestamp":"2025-09-04T18:31:18.849Z"}
{"level":"warn","message":"Traffic flow data request failed:","timestamp":"2025-09-04T18:31:19.046Z"}
{"level":"warn","message":"Traffic incidents data request failed:","timestamp":"2025-09-04T18:31:19.046Z"}
{"level":"error","message":"Error storing traffic incidents in database:","timestamp":"2025-09-04T18:31:19.047Z"}
{"level":"info","message":"Returning cached live traffic data for mumbai","timestamp":"2025-09-04T18:31:42.237Z"}
{"level":"info","message":"Fetching live traffic data for mumbai (19.076, 72.8777)","timestamp":"2025-09-04T18:32:17.235Z"}
{"level":"warn","message":"Retry attempt 1 failed, retrying in 2000ms","timestamp":"2025-09-04T18:32:19.891Z"}
{"level":"warn","message":"Retry attempt 1 failed, retrying in 2000ms","timestamp":"2025-09-04T18:32:19.892Z"}
{"level":"warn","message":"Retry attempt 2 failed, retrying in 4000ms","timestamp":"2025-09-04T18:32:24.092Z"}
{"level":"warn","message":"Retry attempt 2 failed, retrying in 4000ms","timestamp":"2025-09-04T18:32:24.123Z"}
{"level":"error","message":"Error storing traffic incidents in database:","timestamp":"2025-09-04T18:32:24.333Z"}
{"level":"info","message":"Returning cached live traffic data for mumbai","timestamp":"2025-09-04T18:32:24.335Z"}
{"level":"info","message":"Returning cached live traffic data for mumbai","timestamp":"2025-09-04T18:32:57.231Z"}
{"level":"info","message":"Generating high-accuracy traffic prediction for 19.076,72.8777","timestamp":"2025-09-04T18:32:59.738Z"}
{"level":"warn","message":"Real-time traffic data unavailable:","timestamp":"2025-09-04T18:33:00.414Z"}
{"level":"warn","message":"Retry attempt 1 failed, retrying in 2000ms","timestamp":"2025-09-04T18:33:02.438Z"}
{"level":"warn","message":"Retry attempt 2 failed, retrying in 4000ms","timestamp":"2025-09-04T18:33:06.442Z"}
{"level":"error","message":"ML prediction service failed or below accuracy threshold:","timestamp":"2025-09-04T18:33:06.444Z"}
{"level":"info","message":"Returning cached live traffic data for mumbai","timestamp":"2025-09-04T18:33:32.230Z"}
{"level":"info","message":"Returning cached live traffic data for 19.076,72.8777","timestamp":"2025-09-04T18:33:47.496Z"}
{"level":"info","message":"Generating high-accuracy traffic prediction for 19.076,72.8777","timestamp":"2025-09-04T18:33:47.500Z"}
{"level":"warn","message":"Real-time traffic data unavailable:","timestamp":"2025-09-04T18:33:48.168Z"}
{"level":"warn","message":"Retry attempt 1 failed, retrying in 2000ms","timestamp":"2025-09-04T18:33:50.172Z"}
{"level":"warn","message":"Retry attempt 2 failed, retrying in 4000ms","timestamp":"2025-09-04T18:33:54.174Z"}
{"level":"error","message":"ML prediction service failed or below accuracy threshold:","timestamp":"2025-09-04T18:33:54.176Z"}
{"level":"info","message":"Fetching historical traffic data","timestamp":"2025-09-04T18:33:54.180Z"}
{"level":"error","message":"Error fetching historical traffic data:","timestamp":"2025-09-04T18:33:54.182Z"}
{"level":"info","message":"Returning cached live traffic data for mumbai","timestamp":"2025-09-04T18:33:54.186Z"}
{"level":"info","message":"Generating high-accuracy traffic prediction for mumbai (19.076, 72.8777)","timestamp":"2025-09-04T18:33:54.188Z"}
{"level":"warn","message":"Real-time traffic data unavailable for mumbai:","timestamp":"2025-09-04T18:33:54.763Z"}
{"level":"error","message":"Error generating traffic prediction for mumbai:","timestamp":"2025-09-04T18:33:54.763Z"}
{"level":"info","message":"Fetching historical traffic data for mumbai","timestamp":"2025-09-04T18:33:54.765Z"}
{"level":"error","message":"Error fetching historical traffic data for mumbai:","timestamp":"2025-09-04T18:33:54.766Z"}
{"level":"info","message":"Returning cached live traffic data for mumbai","timestamp":"2025-09-04T18:34:07.231Z"}
{"level":"info","message":"Fetching live traffic data for mumbai (19.076, 72.8777)","timestamp":"2025-09-04T18:34:42.240Z"}
{"level":"warn","message":"Retry attempt 1 failed, retrying in 2000ms","timestamp":"2025-09-04T18:34:45.152Z"}
{"level":"warn","message":"Retry attempt 1 failed, retrying in 2000ms","timestamp":"2025-09-04T18:34:45.197Z"}
{"level":"warn","message":"Retry attempt 2 failed, retrying in 4000ms","timestamp":"2025-09-04T18:34:49.350Z"}
{"level":"warn","message":"Retry attempt 2 failed, retrying in 4000ms","timestamp":"2025-09-04T18:34:49.379Z"}
{"level":"error","message":"Error storing traffic incidents in database:","timestamp":"2025-09-04T18:34:49.585Z"}
{"level":"info","message":"Returning cached live traffic data for mumbai","timestamp":"2025-09-04T18:34:49.587Z"}
{"level":"info","message":"Returning cached live traffic data for mumbai","timestamp":"2025-09-04T18:35:22.230Z"}
{"level":"info","message":"Returning cached live traffic data for mumbai","timestamp":"2025-09-04T18:35:57.237Z"}
{"level":"info","message":"Returning cached live traffic data for mumbai","timestamp":"2025-09-04T18:36:32.234Z"}
{"level":"info","message":"Fetching live traffic data for mumbai (19.076, 72.8777)","timestamp":"2025-09-04T18:37:07.231Z"}
{"level":"warn","message":"Retry attempt 1 failed, retrying in 2000ms","timestamp":"2025-09-04T18:37:10.228Z"}
{"level":"warn","message":"Retry attempt 1 failed, retrying in 2000ms","timestamp":"2025-09-04T18:37:10.242Z"}
{"level":"warn","message":"Retry attempt 2 failed, retrying in 4000ms","timestamp":"2025-09-04T18:37:14.441Z"}
{"level":"warn","message":"Retry attempt 2 failed, retrying in 4000ms","timestamp":"2025-09-04T18:37:14.444Z"}
{"level":"error","message":"Error storing traffic incidents in database:","timestamp":"2025-09-04T18:37:14.656Z"}
{"level":"info","message":"Returning cached live traffic data for mumbai","timestamp":"2025-09-04T18:37:14.660Z"}
{"level":"info","message":"Returning cached live traffic data for mumbai","timestamp":"2025-09-04T18:37:47.228Z"}
{"level":"info","message":"Returning cached live traffic data for mumbai","timestamp":"2025-09-04T18:38:22.223Z"}
{"level":"info","message":"Generating high-accuracy traffic prediction for mumbai (19.076, 72.8777)","timestamp":"2025-09-04T18:38:28.194Z"}
{"level":"warn","message":"Real-time traffic data unavailable for mumbai:","timestamp":"2025-09-04T18:38:29.163Z"}
{"level":"error","message":"Error generating traffic prediction for mumbai:","timestamp":"2025-09-04T18:38:29.163Z"}
{"level":"info","message":"Generating high-accuracy traffic prediction for mumbai (19.076, 72.8777)","timestamp":"2025-09-04T18:38:55.546Z"}
{"level":"warn","message":"Real-time traffic data unavailable for mumbai:","timestamp":"2025-09-04T18:38:56.202Z"}
{"level":"error","message":"Error generating traffic prediction for mumbai:","timestamp":"2025-09-04T18:38:56.203Z"}
{"level":"info","message":"Returning cached live traffic data for mumbai","timestamp":"2025-09-04T18:38:57.223Z"}
{"level":"info","message":"Fetching live traffic data for mumbai (19.076, 72.8777)","timestamp":"2025-09-04T18:39:32.230Z"}
{"level":"warn","message":"Retry attempt 1 failed, retrying in 2000ms","timestamp":"2025-09-04T18:39:34.870Z"}
{"level":"warn","message":"Retry attempt 1 failed, retrying in 2000ms","timestamp":"2025-09-04T18:39:34.882Z"}
{"level":"warn","message":"Retry attempt 2 failed, retrying in 4000ms","timestamp":"2025-09-04T18:39:39.071Z"}
{"level":"warn","message":"Retry attempt 2 failed, retrying in 4000ms","timestamp":"2025-09-04T18:39:39.096Z"}
{"level":"error","message":"Error storing traffic incidents in database:","timestamp":"2025-09-04T18:39:39.289Z"}
{"level":"info","message":"Returning cached live traffic data for mumbai","timestamp":"2025-09-04T18:39:39.293Z"}
{"level":"info","message":"Returning cached live traffic data for mumbai","timestamp":"2025-09-04T18:40:12.230Z"}
{"level":"info","message":"Generating high-accuracy traffic prediction for mumbai (19.076, 72.8777)","timestamp":"2025-09-04T18:41:50.052Z"}
{"level":"warn","message":"Real-time traffic data unavailable for mumbai:","timestamp":"2025-09-04T18:41:50.752Z"}
{"level":"error","message":"Error generating traffic prediction for mumbai:","timestamp":"2025-09-04T18:41:50.752Z"}
{"level":"info","message":"Generating high-accuracy traffic prediction for mumbai (19.076, 72.8777)","timestamp":"2025-09-04T18:42:00.308Z"}
{"level":"warn","message":"Real-time traffic data unavailable for mumbai:","timestamp":"2025-09-04T18:42:00.870Z"}
{"level":"error","message":"Error generating traffic prediction for mumbai:","timestamp":"2025-09-04T18:42:00.870Z"}
{"level":"info","message":"Generating high-accuracy traffic prediction for mumbai (19.076, 72.8777)","timestamp":"2025-09-04T18:43:30.689Z"}
{"level":"warn","message":"Real-time traffic data unavailable for mumbai:","timestamp":"2025-09-04T18:43:31.544Z"}
{"level":"error","message":"Error generating traffic prediction for mumbai:","timestamp":"2025-09-04T18:43:31.544Z"}
{"level":"info","message":"Generating high-accuracy traffic prediction for mumbai (19.076, 72.8777)","timestamp":"2025-09-04T18:44:10.095Z"}
{"level":"warn","message":"Real-time traffic data unavailable for mumbai:","timestamp":"2025-09-04T18:44:10.763Z"}
{"level":"error","message":"Error generating traffic prediction for mumbai:","timestamp":"2025-09-04T18:44:10.763Z"}
{"level":"info","message":"Generating high-accuracy traffic prediction for mumbai (19.076, 72.8777)","timestamp":"2025-09-04T18:44:38.423Z"}
{"level":"warn","message":"Real-time traffic data unavailable for mumbai:","timestamp":"2025-09-04T18:44:39.136Z"}
{"level":"error","message":"Error generating traffic prediction for mumbai:","timestamp":"2025-09-04T18:44:39.136Z"}
{"level":"error","message":"Full error details:","timestamp":"2025-09-04T18:44:39.137Z"}
{"level":"info","message":"Generating high-accuracy traffic prediction for mumbai (19.076, 72.8777)","timestamp":"2025-09-04T18:45:00.197Z"}
{"level":"warn","message":"Real-time traffic data unavailable for mumbai:","timestamp":"2025-09-04T18:45:00.980Z"}
{"level":"info","message":"High-accuracy ML prediction generated for mumbai at 2025-09-04T19:45:00.197Z","timestamp":"2025-09-04T18:45:01.019Z"}
{"level":"info","message":"High-accuracy ML prediction generated for mumbai at 2025-09-04T22:45:00.197Z","timestamp":"2025-09-04T18:45:01.034Z"}
{"level":"info","message":"High-accuracy ML prediction generated for mumbai at 2025-09-05T01:45:00.197Z","timestamp":"2025-09-04T18:45:01.049Z"}
{"level":"info","message":"High-accuracy ML prediction generated for mumbai at 2025-09-05T04:45:00.197Z","timestamp":"2025-09-04T18:45:01.066Z"}
{"level":"info","message":"High-accuracy ML prediction generated for mumbai at 2025-09-05T07:45:00.197Z","timestamp":"2025-09-04T18:45:01.082Z"}
{"level":"info","message":"High-accuracy ML prediction generated for mumbai at 2025-09-05T10:45:00.197Z","timestamp":"2025-09-04T18:45:01.099Z"}
{"level":"info","message":"High-accuracy ML prediction generated for mumbai at 2025-09-05T13:45:00.197Z","timestamp":"2025-09-04T18:45:01.127Z"}
{"level":"info","message":"High-accuracy ML prediction generated for mumbai at 2025-09-05T16:45:00.197Z","timestamp":"2025-09-04T18:45:01.144Z"}
{"level":"error","message":"Error storing traffic predictions in database:","timestamp":"2025-09-04T18:45:01.145Z"}
{"level":"info","message":"Fetching live traffic data for mumbai (19.076, 72.8777)","timestamp":"2025-09-04T18:47:04.588Z"}
{"level":"warn","message":"Retry attempt 1 failed, retrying in 2000ms","timestamp":"2025-09-04T18:47:07.246Z"}
{"level":"warn","message":"Retry attempt 1 failed, retrying in 2000ms","timestamp":"2025-09-04T18:47:07.257Z"}
{"level":"warn","message":"Retry attempt 2 failed, retrying in 4000ms","timestamp":"2025-09-04T18:47:11.471Z"}
{"level":"warn","message":"Retry attempt 2 failed, retrying in 4000ms","timestamp":"2025-09-04T18:47:11.514Z"}
{"level":"error","message":"Error storing traffic incidents in database:","timestamp":"2025-09-04T18:47:11.804Z"}
{"level":"info","message":"Returning cached live traffic data for mumbai","timestamp":"2025-09-04T18:47:11.822Z"}
{"level":"info","message":"Returning cached live traffic data for mumbai","timestamp":"2025-09-04T18:47:11.844Z"}
{"level":"info","message":"Returning cached live traffic data for mumbai","timestamp":"2025-09-04T18:47:11.852Z"}
{"level":"info","message":"Returning cached live traffic data for mumbai","timestamp":"2025-09-04T18:47:11.866Z"}
{"level":"info","message":"Generating high-accuracy traffic prediction for mumbai (19.076, 72.8777)","timestamp":"2025-09-04T18:47:13.675Z"}
{"level":"warn","message":"Real-time traffic data unavailable for mumbai:","timestamp":"2025-09-04T18:47:13.877Z"}
{"level":"info","message":"High-accuracy ML prediction generated for mumbai at 2025-09-04T19:47:13.675Z","timestamp":"2025-09-04T18:47:13.945Z"}
{"level":"info","message":"High-accuracy ML prediction generated for mumbai at 2025-09-04T22:47:13.675Z","timestamp":"2025-09-04T18:47:13.995Z"}
{"level":"info","message":"High-accuracy ML prediction generated for mumbai at 2025-09-05T01:47:13.675Z","timestamp":"2025-09-04T18:47:14.040Z"}
{"level":"info","message":"High-accuracy ML prediction generated for mumbai at 2025-09-05T04:47:13.675Z","timestamp":"2025-09-04T18:47:14.073Z"}
{"level":"info","message":"High-accuracy ML prediction generated for mumbai at 2025-09-05T07:47:13.675Z","timestamp":"2025-09-04T18:47:14.108Z"}
{"level":"info","message":"High-accuracy ML prediction generated for mumbai at 2025-09-05T10:47:13.675Z","timestamp":"2025-09-04T18:47:14.154Z"}
{"level":"info","message":"High-accuracy ML prediction generated for mumbai at 2025-09-05T13:47:13.675Z","timestamp":"2025-09-04T18:47:14.200Z"}
{"level":"info","message":"High-accuracy ML prediction generated for mumbai at 2025-09-05T16:47:13.675Z","timestamp":"2025-09-04T18:47:14.238Z"}
{"level":"error","message":"Error storing traffic predictions in database:","timestamp":"2025-09-04T18:47:14.239Z"}
{"level":"info","message":"Generating high-accuracy traffic prediction for mumbai (19.076, 72.8777)","timestamp":"2025-09-04T18:47:14.249Z"}
{"level":"warn","message":"Real-time traffic data unavailable for mumbai:","timestamp":"2025-09-04T18:47:14.449Z"}
{"level":"info","message":"High-accuracy ML prediction generated for mumbai at 2025-09-04T19:47:14.249Z","timestamp":"2025-09-04T18:47:14.484Z"}
{"level":"info","message":"High-accuracy ML prediction generated for mumbai at 2025-09-04T22:47:14.249Z","timestamp":"2025-09-04T18:47:14.517Z"}
{"level":"info","message":"High-accuracy ML prediction generated for mumbai at 2025-09-05T01:47:14.249Z","timestamp":"2025-09-04T18:47:14.551Z"}
{"level":"info","message":"High-accuracy ML prediction generated for mumbai at 2025-09-05T04:47:14.249Z","timestamp":"2025-09-04T18:47:14.586Z"}
{"level":"info","message":"High-accuracy ML prediction generated for mumbai at 2025-09-05T07:47:14.249Z","timestamp":"2025-09-04T18:47:14.622Z"}
{"level":"info","message":"High-accuracy ML prediction generated for mumbai at 2025-09-05T10:47:14.249Z","timestamp":"2025-09-04T18:47:14.656Z"}
{"level":"info","message":"High-accuracy ML prediction generated for mumbai at 2025-09-05T13:47:14.249Z","timestamp":"2025-09-04T18:47:14.688Z"}
{"level":"info","message":"High-accuracy ML prediction generated for mumbai at 2025-09-05T16:47:14.249Z","timestamp":"2025-09-04T18:47:14.722Z"}
{"level":"error","message":"Error storing traffic predictions in database:","timestamp":"2025-09-04T18:47:14.723Z"}
{"level":"info","message":"Generating high-accuracy traffic prediction for mumbai (19.076, 72.8777)","timestamp":"2025-09-04T18:47:48.664Z"}
{"level":"warn","message":"Real-time traffic data unavailable for mumbai:","timestamp":"2025-09-04T18:47:49.263Z"}
{"level":"info","message":"High-accuracy ML prediction generated for mumbai at 2025-09-04T19:47:48.664Z","timestamp":"2025-09-04T18:47:49.282Z"}
{"level":"info","message":"High-accuracy ML prediction generated for mumbai at 2025-09-04T22:47:48.664Z","timestamp":"2025-09-04T18:47:49.299Z"}
{"level":"info","message":"High-accuracy ML prediction generated for mumbai at 2025-09-05T01:47:48.664Z","timestamp":"2025-09-04T18:47:49.318Z"}
{"level":"info","message":"High-accuracy ML prediction generated for mumbai at 2025-09-05T04:47:48.664Z","timestamp":"2025-09-04T18:47:49.339Z"}
{"level":"info","message":"High-accuracy ML prediction generated for mumbai at 2025-09-05T07:47:48.664Z","timestamp":"2025-09-04T18:47:49.356Z"}
{"level":"info","message":"High-accuracy ML prediction generated for mumbai at 2025-09-05T10:47:48.664Z","timestamp":"2025-09-04T18:47:49.374Z"}
{"level":"info","message":"High-accuracy ML prediction generated for mumbai at 2025-09-05T13:47:48.664Z","timestamp":"2025-09-04T18:47:49.392Z"}
{"level":"info","message":"High-accuracy ML prediction generated for mumbai at 2025-09-05T16:47:48.664Z","timestamp":"2025-09-04T18:47:49.420Z"}
{"level":"error","message":"Error storing traffic predictions in database:","timestamp":"2025-09-04T18:47:49.421Z"}
{"level":"info","message":"Generating high-accuracy traffic prediction for mumbai (19.076, 72.8777)","timestamp":"2025-09-04T18:48:18.130Z"}
{"level":"warn","message":"Real-time traffic data unavailable for mumbai:","timestamp":"2025-09-04T18:48:18.839Z"}
{"level":"info","message":"High-accuracy ML prediction generated for mumbai at 2025-09-04T19:48:18.130Z","timestamp":"2025-09-04T18:48:18.887Z"}
{"level":"info","message":"High-accuracy ML prediction generated for mumbai at 2025-09-04T22:48:18.130Z","timestamp":"2025-09-04T18:48:18.918Z"}
{"level":"info","message":"High-accuracy ML prediction generated for mumbai at 2025-09-05T01:48:18.130Z","timestamp":"2025-09-04T18:48:18.936Z"}
{"level":"info","message":"High-accuracy ML prediction generated for mumbai at 2025-09-05T04:48:18.130Z","timestamp":"2025-09-04T18:48:18.957Z"}
{"level":"info","message":"High-accuracy ML prediction generated for mumbai at 2025-09-05T07:48:18.130Z","timestamp":"2025-09-04T18:48:18.987Z"}
{"level":"info","message":"High-accuracy ML prediction generated for mumbai at 2025-09-05T10:48:18.130Z","timestamp":"2025-09-04T18:48:19.004Z"}
{"level":"info","message":"High-accuracy ML prediction generated for mumbai at 2025-09-05T13:48:18.130Z","timestamp":"2025-09-04T18:48:19.021Z"}
{"level":"info","message":"High-accuracy ML prediction generated for mumbai at 2025-09-05T16:48:18.130Z","timestamp":"2025-09-04T18:48:19.038Z"}
{"level":"error","message":"Error storing traffic predictions in database:","timestamp":"2025-09-04T18:48:19.039Z"}
{"level":"info","message":"Generating high-accuracy traffic prediction for mumbai (19.076, 72.8777)","timestamp":"2025-09-04T18:48:23.661Z"}
{"level":"warn","message":"Real-time traffic data unavailable for mumbai:","timestamp":"2025-09-04T18:48:24.367Z"}
{"level":"info","message":"High-accuracy ML prediction generated for mumbai at 2025-09-04T19:48:23.661Z","timestamp":"2025-09-04T18:48:24.397Z"}
{"level":"info","message":"High-accuracy ML prediction generated for mumbai at 2025-09-04T22:48:23.661Z","timestamp":"2025-09-04T18:48:24.426Z"}
{"level":"info","message":"High-accuracy ML prediction generated for mumbai at 2025-09-05T01:48:23.661Z","timestamp":"2025-09-04T18:48:24.441Z"}
{"level":"info","message":"High-accuracy ML prediction generated for mumbai at 2025-09-05T04:48:23.661Z","timestamp":"2025-09-04T18:48:24.458Z"}
{"level":"info","message":"High-accuracy ML prediction generated for mumbai at 2025-09-05T07:48:23.661Z","timestamp":"2025-09-04T18:48:24.473Z"}
{"level":"info","message":"High-accuracy ML prediction generated for mumbai at 2025-09-05T10:48:23.661Z","timestamp":"2025-09-04T18:48:24.488Z"}
{"level":"info","message":"High-accuracy ML prediction generated for mumbai at 2025-09-05T13:48:23.661Z","timestamp":"2025-09-04T18:48:24.504Z"}
{"level":"info","message":"High-accuracy ML prediction generated for mumbai at 2025-09-05T16:48:23.661Z","timestamp":"2025-09-04T18:48:24.521Z"}
{"level":"error","message":"Error storing traffic predictions in database:","timestamp":"2025-09-04T18:48:24.522Z"}
{"level":"info","message":"Returning cached live traffic data for mumbai","timestamp":"2025-09-04T18:48:37.802Z"}
{"level":"info","message":"Returning cached live traffic data for mumbai","timestamp":"2025-09-04T18:48:37.804Z"}
{"level":"info","message":"Fetching live traffic data for kolkata (22.5726, 88.3639)","timestamp":"2025-09-04T18:48:40.550Z"}
{"level":"warn","message":"Retry attempt 1 failed, retrying in 2000ms","timestamp":"2025-09-04T18:48:43.266Z"}
{"level":"warn","message":"Retry attempt 1 failed, retrying in 2000ms","timestamp":"2025-09-04T18:48:43.271Z"}
{"level":"warn","message":"Retry attempt 2 failed, retrying in 4000ms","timestamp":"2025-09-04T18:48:47.478Z"}
{"level":"warn","message":"Retry attempt 2 failed, retrying in 4000ms","timestamp":"2025-09-04T18:48:47.480Z"}
{"level":"error","message":"Error storing traffic incidents in database:","timestamp":"2025-09-04T18:48:47.698Z"}
{"level":"info","message":"Returning cached live traffic data for kolkata","timestamp":"2025-09-04T18:48:47.704Z"}
{"level":"info","message":"Returning cached live traffic data for kolkata","timestamp":"2025-09-04T18:48:47.712Z"}
{"level":"info","message":"Generating high-accuracy traffic prediction for kolkata (22.5726, 88.3639)","timestamp":"2025-09-04T18:48:50.777Z"}
{"level":"warn","message":"Real-time traffic data unavailable for kolkata:","timestamp":"2025-09-04T18:48:50.991Z"}
{"level":"info","message":"High-accuracy ML prediction generated for kolkata at 2025-09-04T19:48:50.777Z","timestamp":"2025-09-04T18:48:51.029Z"}
{"level":"info","message":"High-accuracy ML prediction generated for kolkata at 2025-09-04T22:48:50.777Z","timestamp":"2025-09-04T18:48:51.046Z"}
{"level":"info","message":"High-accuracy ML prediction generated for kolkata at 2025-09-05T01:48:50.777Z","timestamp":"2025-09-04T18:48:51.063Z"}
{"level":"info","message":"High-accuracy ML prediction generated for kolkata at 2025-09-05T04:48:50.777Z","timestamp":"2025-09-04T18:48:51.093Z"}
{"level":"info","message":"High-accuracy ML prediction generated for kolkata at 2025-09-05T07:48:50.777Z","timestamp":"2025-09-04T18:48:51.125Z"}
{"level":"info","message":"High-accuracy ML prediction generated for kolkata at 2025-09-05T10:48:50.777Z","timestamp":"2025-09-04T18:48:51.170Z"}
{"level":"info","message":"High-accuracy ML prediction generated for kolkata at 2025-09-05T13:48:50.777Z","timestamp":"2025-09-04T18:48:51.199Z"}
{"level":"info","message":"High-accuracy ML prediction generated for kolkata at 2025-09-05T16:48:50.777Z","timestamp":"2025-09-04T18:48:51.230Z"}
{"level":"error","message":"Error storing traffic predictions in database:","timestamp":"2025-09-04T18:48:51.231Z"}
{"level":"info","message":"Generating high-accuracy traffic prediction for kolkata (22.5726, 88.3639)","timestamp":"2025-09-04T18:48:51.233Z"}
{"level":"warn","message":"Real-time traffic data unavailable for kolkata:","timestamp":"2025-09-04T18:48:51.451Z"}
{"level":"info","message":"High-accuracy ML prediction generated for kolkata at 2025-09-04T19:48:51.233Z","timestamp":"2025-09-04T18:48:51.481Z"}
{"level":"info","message":"High-accuracy ML prediction generated for kolkata at 2025-09-04T22:48:51.233Z","timestamp":"2025-09-04T18:48:51.510Z"}
{"level":"info","message":"High-accuracy ML prediction generated for kolkata at 2025-09-05T01:48:51.233Z","timestamp":"2025-09-04T18:48:51.539Z"}
{"level":"info","message":"High-accuracy ML prediction generated for kolkata at 2025-09-05T04:48:51.233Z","timestamp":"2025-09-04T18:48:51.558Z"}
{"level":"info","message":"High-accuracy ML prediction generated for kolkata at 2025-09-05T07:48:51.233Z","timestamp":"2025-09-04T18:48:51.587Z"}
{"level":"info","message":"High-accuracy ML prediction generated for kolkata at 2025-09-05T10:48:51.233Z","timestamp":"2025-09-04T18:48:51.604Z"}
{"level":"info","message":"High-accuracy ML prediction generated for kolkata at 2025-09-05T13:48:51.233Z","timestamp":"2025-09-04T18:48:51.621Z"}
{"level":"info","message":"High-accuracy ML prediction generated for kolkata at 2025-09-05T16:48:51.233Z","timestamp":"2025-09-04T18:48:51.653Z"}
{"level":"error","message":"Error storing traffic predictions in database:","timestamp":"2025-09-04T18:48:51.653Z"}
{"level":"info","message":"Fetching live traffic data for mumbai (19.076, 72.8777)","timestamp":"2025-09-04T18:49:14.478Z"}
{"level":"warn","message":"Retry attempt 1 failed, retrying in 2000ms","timestamp":"2025-09-04T18:49:17.108Z"}
{"level":"warn","message":"Retry attempt 1 failed, retrying in 2000ms","timestamp":"2025-09-04T18:49:17.175Z"}
{"level":"warn","message":"Retry attempt 2 failed, retrying in 4000ms","timestamp":"2025-09-04T18:49:21.305Z"}
{"level":"warn","message":"Retry attempt 2 failed, retrying in 4000ms","timestamp":"2025-09-04T18:49:21.376Z"}
{"level":"error","message":"Error storing traffic incidents in database:","timestamp":"2025-09-04T18:49:21.583Z"}
{"level":"info","message":"Returning cached live traffic data for mumbai","timestamp":"2025-09-04T18:49:21.584Z"}
{"level":"info","message":"Returning cached live traffic data for mumbai","timestamp":"2025-09-04T18:49:21.587Z"}
{"level":"info","message":"Returning cached live traffic data for mumbai","timestamp":"2025-09-04T18:49:21.587Z"}
{"level":"info","message":"Returning cached live traffic data for mumbai","timestamp":"2025-09-04T18:49:21.588Z"}
{"level":"info","message":"Generating high-accuracy traffic prediction for mumbai (19.076, 72.8777)","timestamp":"2025-09-04T18:49:23.925Z"}
{"level":"warn","message":"Real-time traffic data unavailable for mumbai:","timestamp":"2025-09-04T18:49:24.119Z"}
{"level":"info","message":"High-accuracy ML prediction generated for mumbai at 2025-09-04T19:49:23.925Z","timestamp":"2025-09-04T18:49:24.192Z"}
{"level":"info","message":"High-accuracy ML prediction generated for mumbai at 2025-09-04T22:49:23.925Z","timestamp":"2025-09-04T18:49:24.226Z"}
{"level":"info","message":"High-accuracy ML prediction generated for mumbai at 2025-09-05T01:49:23.925Z","timestamp":"2025-09-04T18:49:24.321Z"}
{"level":"info","message":"High-accuracy ML prediction generated for mumbai at 2025-09-05T04:49:23.925Z","timestamp":"2025-09-04T18:49:24.345Z"}
{"level":"info","message":"High-accuracy ML prediction generated for mumbai at 2025-09-05T07:49:23.925Z","timestamp":"2025-09-04T18:49:24.375Z"}
{"level":"info","message":"High-accuracy ML prediction generated for mumbai at 2025-09-05T10:49:23.925Z","timestamp":"2025-09-04T18:49:24.407Z"}
{"level":"info","message":"High-accuracy ML prediction generated for mumbai at 2025-09-05T13:49:23.925Z","timestamp":"2025-09-04T18:49:24.439Z"}
{"level":"info","message":"High-accuracy ML prediction generated for mumbai at 2025-09-05T16:49:23.925Z","timestamp":"2025-09-04T18:49:24.465Z"}
{"level":"error","message":"Error storing traffic predictions in database:","timestamp":"2025-09-04T18:49:24.466Z"}
{"level":"info","message":"Generating high-accuracy traffic prediction for mumbai (19.076, 72.8777)","timestamp":"2025-09-04T18:49:24.469Z"}
{"level":"warn","message":"Real-time traffic data unavailable for mumbai:","timestamp":"2025-09-04T18:49:24.668Z"}
{"level":"info","message":"High-accuracy ML prediction generated for mumbai at 2025-09-04T19:49:24.469Z","timestamp":"2025-09-04T18:49:24.713Z"}
{"level":"info","message":"High-accuracy ML prediction generated for mumbai at 2025-09-04T22:49:24.469Z","timestamp":"2025-09-04T18:49:24.775Z"}
{"level":"info","message":"High-accuracy ML prediction generated for mumbai at 2025-09-05T01:49:24.469Z","timestamp":"2025-09-04T18:49:24.907Z"}
{"level":"info","message":"High-accuracy ML prediction generated for mumbai at 2025-09-05T04:49:24.469Z","timestamp":"2025-09-04T18:49:24.992Z"}
{"level":"info","message":"High-accuracy ML prediction generated for mumbai at 2025-09-05T07:49:24.469Z","timestamp":"2025-09-04T18:49:25.047Z"}
{"level":"info","message":"High-accuracy ML prediction generated for mumbai at 2025-09-05T10:49:24.469Z","timestamp":"2025-09-04T18:49:25.099Z"}
{"level":"info","message":"High-accuracy ML prediction generated for mumbai at 2025-09-05T13:49:24.469Z","timestamp":"2025-09-04T18:49:25.147Z"}
{"level":"info","message":"High-accuracy ML prediction generated for mumbai at 2025-09-05T16:49:24.469Z","timestamp":"2025-09-04T18:49:25.197Z"}
{"level":"error","message":"Error storing traffic predictions in database:","timestamp":"2025-09-04T18:49:25.198Z"}
{"level":"info","message":"Generating high-accuracy traffic prediction for kolkata (22.5726, 88.3639)","timestamp":"2025-09-04T18:49:48.732Z"}
{"level":"warn","message":"Real-time traffic data unavailable for kolkata:","timestamp":"2025-09-04T18:49:49.427Z"}
{"level":"info","message":"High-accuracy ML prediction generated for kolkata at 2025-09-04T19:49:48.732Z","timestamp":"2025-09-04T18:49:49.604Z"}
{"level":"info","message":"High-accuracy ML prediction generated for kolkata at 2025-09-04T22:49:48.732Z","timestamp":"2025-09-04T18:49:49.694Z"}
{"level":"info","message":"High-accuracy ML prediction generated for kolkata at 2025-09-05T01:49:48.732Z","timestamp":"2025-09-04T18:49:49.805Z"}
{"level":"info","message":"High-accuracy ML prediction generated for kolkata at 2025-09-05T04:49:48.732Z","timestamp":"2025-09-04T18:49:49.888Z"}
{"level":"info","message":"High-accuracy ML prediction generated for kolkata at 2025-09-05T07:49:48.732Z","timestamp":"2025-09-04T18:49:49.936Z"}
{"level":"info","message":"High-accuracy ML prediction generated for kolkata at 2025-09-05T10:49:48.732Z","timestamp":"2025-09-04T18:49:49.971Z"}
{"level":"info","message":"High-accuracy ML prediction generated for kolkata at 2025-09-05T13:49:48.732Z","timestamp":"2025-09-04T18:49:50.004Z"}
{"level":"info","message":"High-accuracy ML prediction generated for kolkata at 2025-09-05T16:49:48.732Z","timestamp":"2025-09-04T18:49:50.037Z"}
{"level":"error","message":"Error storing traffic predictions in database:","timestamp":"2025-09-04T18:49:50.038Z"}
{"level":"info","message":"Generating high-accuracy traffic prediction for kolkata (22.5726, 88.3639)","timestamp":"2025-09-04T18:49:50.042Z"}
{"level":"warn","message":"Real-time traffic data unavailable for kolkata:","timestamp":"2025-09-04T18:49:50.248Z"}
{"level":"info","message":"High-accuracy ML prediction generated for kolkata at 2025-09-04T19:49:50.042Z","timestamp":"2025-09-04T18:49:50.278Z"}
{"level":"info","message":"High-accuracy ML prediction generated for kolkata at 2025-09-04T22:49:50.042Z","timestamp":"2025-09-04T18:49:50.310Z"}
{"level":"info","message":"High-accuracy ML prediction generated for kolkata at 2025-09-05T01:49:50.042Z","timestamp":"2025-09-04T18:49:50.341Z"}
{"level":"info","message":"High-accuracy ML prediction generated for kolkata at 2025-09-05T04:49:50.042Z","timestamp":"2025-09-04T18:49:50.372Z"}
{"level":"info","message":"High-accuracy ML prediction generated for kolkata at 2025-09-05T07:49:50.042Z","timestamp":"2025-09-04T18:49:50.425Z"}
{"level":"info","message":"High-accuracy ML prediction generated for kolkata at 2025-09-05T10:49:50.042Z","timestamp":"2025-09-04T18:49:50.470Z"}
{"level":"info","message":"High-accuracy ML prediction generated for kolkata at 2025-09-05T13:49:50.042Z","timestamp":"2025-09-04T18:49:50.518Z"}
{"level":"info","message":"High-accuracy ML prediction generated for kolkata at 2025-09-05T16:49:50.042Z","timestamp":"2025-09-04T18:49:50.566Z"}
{"level":"error","message":"Error storing traffic predictions in database:","timestamp":"2025-09-04T18:49:50.567Z"}
{"level":"info","message":"Generating high-accuracy traffic prediction for mumbai (19.076, 72.8777)","timestamp":"2025-09-04T18:50:07.936Z"}
{"level":"warn","message":"Real-time traffic data unavailable for mumbai:","timestamp":"2025-09-04T18:50:08.602Z"}
{"level":"info","message":"High-accuracy ML prediction generated for mumbai at 2025-09-04T19:50:07.936Z","timestamp":"2025-09-04T18:50:08.699Z"}
{"level":"info","message":"High-accuracy ML prediction generated for mumbai at 2025-09-04T22:50:07.936Z","timestamp":"2025-09-04T18:50:08.767Z"}
{"level":"info","message":"High-accuracy ML prediction generated for mumbai at 2025-09-05T01:50:07.936Z","timestamp":"2025-09-04T18:50:08.814Z"}
{"level":"info","message":"High-accuracy ML prediction generated for mumbai at 2025-09-05T04:50:07.936Z","timestamp":"2025-09-04T18:50:08.864Z"}
{"level":"info","message":"High-accuracy ML prediction generated for mumbai at 2025-09-05T07:50:07.936Z","timestamp":"2025-09-04T18:50:08.913Z"}
{"level":"info","message":"High-accuracy ML prediction generated for mumbai at 2025-09-05T10:50:07.936Z","timestamp":"2025-09-04T18:50:08.960Z"}
{"level":"info","message":"High-accuracy ML prediction generated for mumbai at 2025-09-05T13:50:07.936Z","timestamp":"2025-09-04T18:50:09.010Z"}
{"level":"info","message":"High-accuracy ML prediction generated for mumbai at 2025-09-05T16:50:07.936Z","timestamp":"2025-09-04T18:50:09.077Z"}
{"level":"error","message":"Error storing traffic predictions in database:","timestamp":"2025-09-04T18:50:09.078Z"}
{"level":"info","message":"Generating high-accuracy traffic prediction for kolkata (22.5726, 88.3639)","timestamp":"2025-09-04T18:50:23.730Z"}
{"level":"warn","message":"Real-time traffic data unavailable for kolkata:","timestamp":"2025-09-04T18:50:24.374Z"}
{"level":"info","message":"High-accuracy ML prediction generated for kolkata at 2025-09-04T19:50:23.730Z","timestamp":"2025-09-04T18:50:24.453Z"}
{"level":"info","message":"High-accuracy ML prediction generated for kolkata at 2025-09-04T22:50:23.730Z","timestamp":"2025-09-04T18:50:24.503Z"}
{"level":"info","message":"High-accuracy ML prediction generated for kolkata at 2025-09-05T01:50:23.730Z","timestamp":"2025-09-04T18:50:24.550Z"}
{"level":"info","message":"High-accuracy ML prediction generated for kolkata at 2025-09-05T04:50:23.730Z","timestamp":"2025-09-04T18:50:24.584Z"}
{"level":"info","message":"High-accuracy ML prediction generated for kolkata at 2025-09-05T07:50:23.730Z","timestamp":"2025-09-04T18:50:24.618Z"}
{"level":"info","message":"High-accuracy ML prediction generated for kolkata at 2025-09-05T10:50:23.730Z","timestamp":"2025-09-04T18:50:24.651Z"}
{"level":"info","message":"High-accuracy ML prediction generated for kolkata at 2025-09-05T13:50:23.730Z","timestamp":"2025-09-04T18:50:24.683Z"}
{"level":"info","message":"High-accuracy ML prediction generated for kolkata at 2025-09-05T16:50:23.730Z","timestamp":"2025-09-04T18:50:24.715Z"}
{"level":"error","message":"Error storing traffic predictions in database:","timestamp":"2025-09-04T18:50:24.716Z"}
{"level":"info","message":"Generating high-accuracy traffic prediction for kolkata (22.5726, 88.3639)","timestamp":"2025-09-04T18:50:58.731Z"}
{"level":"warn","message":"Real-time traffic data unavailable for kolkata:","timestamp":"2025-09-04T18:50:59.354Z"}
{"level":"info","message":"High-accuracy ML prediction generated for kolkata at 2025-09-04T19:50:58.731Z","timestamp":"2025-09-04T18:50:59.403Z"}
{"level":"info","message":"High-accuracy ML prediction generated for kolkata at 2025-09-04T22:50:58.731Z","timestamp":"2025-09-04T18:50:59.420Z"}
{"level":"info","message":"High-accuracy ML prediction generated for kolkata at 2025-09-05T01:50:58.731Z","timestamp":"2025-09-04T18:50:59.437Z"}
{"level":"info","message":"High-accuracy ML prediction generated for kolkata at 2025-09-05T04:50:58.731Z","timestamp":"2025-09-04T18:50:59.454Z"}
{"level":"info","message":"High-accuracy ML prediction generated for kolkata at 2025-09-05T07:50:58.731Z","timestamp":"2025-09-04T18:50:59.471Z"}
{"level":"info","message":"High-accuracy ML prediction generated for kolkata at 2025-09-05T10:50:58.731Z","timestamp":"2025-09-04T18:50:59.489Z"}
{"level":"info","message":"High-accuracy ML prediction generated for kolkata at 2025-09-05T13:50:58.731Z","timestamp":"2025-09-04T18:50:59.507Z"}
{"level":"info","message":"High-accuracy ML prediction generated for kolkata at 2025-09-05T16:50:58.731Z","timestamp":"2025-09-04T18:50:59.523Z"}
{"level":"error","message":"Error storing traffic predictions in database:","timestamp":"2025-09-04T18:50:59.524Z"}
{"level":"info","message":"Fetching live traffic data for kolkata (22.5726, 88.3639)","timestamp":"2025-09-04T18:51:07.620Z"}
{"level":"warn","message":"Retry attempt 1 failed, retrying in 2000ms","timestamp":"2025-09-04T18:51:10.261Z"}
{"level":"warn","message":"Retry attempt 1 failed, retrying in 2000ms","timestamp":"2025-09-04T18:51:10.270Z"}
{"level":"warn","message":"Retry attempt 2 failed, retrying in 4000ms","timestamp":"2025-09-04T18:51:14.466Z"}
{"level":"warn","message":"Retry attempt 2 failed, retrying in 4000ms","timestamp":"2025-09-04T18:51:14.469Z"}
{"level":"error","message":"Error storing traffic incidents in database:","timestamp":"2025-09-04T18:51:14.703Z"}
{"level":"info","message":"Returning cached live traffic data for kolkata","timestamp":"2025-09-04T18:51:14.707Z"}
{"level":"info","message":"Returning cached live traffic data for kolkata","timestamp":"2025-09-04T18:51:14.709Z"}
{"level":"info","message":"Fetching live traffic data for hyderabad (17.385, 78.4867)","timestamp":"2025-09-04T18:51:24.103Z"}
{"level":"warn","message":"Retry attempt 1 failed, retrying in 2000ms","timestamp":"2025-09-04T18:51:27.794Z"}
{"level":"warn","message":"Retry attempt 1 failed, retrying in 2000ms","timestamp":"2025-09-04T18:51:27.798Z"}
{"level":"info","message":"Fetching live traffic data for hyderabad (17.385, 78.4867)","timestamp":"2025-09-04T18:51:32.108Z"}
{"level":"info","message":"Fetching live traffic data for hyderabad (17.385, 78.4867)","timestamp":"2025-09-04T18:51:32.117Z"}
{"level":"warn","message":"Retry attempt 2 failed, retrying in 4000ms","timestamp":"2025-09-04T18:51:32.457Z"}
{"level":"warn","message":"Retry attempt 2 failed, retrying in 4000ms","timestamp":"2025-09-04T18:51:32.471Z"}
{"level":"error","message":"Error storing traffic incidents in database:","timestamp":"2025-09-04T18:51:32.668Z"}
{"level":"warn","message":"Retry attempt 1 failed, retrying in 2000ms","timestamp":"2025-09-04T18:51:34.309Z"}
{"level":"warn","message":"Retry attempt 1 failed, retrying in 2000ms","timestamp":"2025-09-04T18:51:34.309Z"}
{"level":"warn","message":"Retry attempt 1 failed, retrying in 2000ms","timestamp":"2025-09-04T18:51:34.708Z"}
{"level":"warn","message":"Retry attempt 1 failed, retrying in 2000ms","timestamp":"2025-09-04T18:51:34.725Z"}
{"level":"info","message":"Returning cached live traffic data for hyderabad","timestamp":"2025-09-04T18:51:37.102Z"}
{"level":"warn","message":"Retry attempt 2 failed, retrying in 4000ms","timestamp":"2025-09-04T18:51:38.520Z"}
{"level":"warn","message":"Retry attempt 2 failed, retrying in 4000ms","timestamp":"2025-09-04T18:51:38.521Z"}
{"level":"error","message":"Error storing traffic incidents in database:","timestamp":"2025-09-04T18:51:38.727Z"}
{"level":"warn","message":"Retry attempt 2 failed, retrying in 4000ms","timestamp":"2025-09-04T18:51:38.908Z"}
{"level":"warn","message":"Retry attempt 2 failed, retrying in 4000ms","timestamp":"2025-09-04T18:51:38.923Z"}
{"level":"error","message":"Error storing traffic incidents in database:","timestamp":"2025-09-04T18:51:39.117Z"}
{"level":"info","message":"Generating high-accuracy traffic prediction for hyderabad (17.385, 78.4867)","timestamp":"2025-09-04T18:51:45.593Z"}
{"level":"warn","message":"Real-time traffic data unavailable for hyderabad:","timestamp":"2025-09-04T18:51:46.405Z"}
{"level":"info","message":"High-accuracy ML prediction generated for hyderabad at 2025-09-04T19:51:45.593Z","timestamp":"2025-09-04T18:51:46.434Z"}
{"level":"info","message":"High-accuracy ML prediction generated for hyderabad at 2025-09-04T22:51:45.593Z","timestamp":"2025-09-04T18:51:46.451Z"}
{"level":"info","message":"High-accuracy ML prediction generated for hyderabad at 2025-09-05T01:51:45.593Z","timestamp":"2025-09-04T18:51:46.467Z"}
{"level":"info","message":"High-accuracy ML prediction generated for hyderabad at 2025-09-05T04:51:45.593Z","timestamp":"2025-09-04T18:51:46.484Z"}
{"level":"info","message":"High-accuracy ML prediction generated for hyderabad at 2025-09-05T07:51:45.593Z","timestamp":"2025-09-04T18:51:46.501Z"}
{"level":"info","message":"High-accuracy ML prediction generated for hyderabad at 2025-09-05T10:51:45.593Z","timestamp":"2025-09-04T18:51:46.517Z"}
{"level":"info","message":"High-accuracy ML prediction generated for hyderabad at 2025-09-05T13:51:45.593Z","timestamp":"2025-09-04T18:51:46.534Z"}
{"level":"info","message":"High-accuracy ML prediction generated for hyderabad at 2025-09-05T16:51:45.593Z","timestamp":"2025-09-04T18:51:46.550Z"}
{"level":"error","message":"Error storing traffic predictions in database:","timestamp":"2025-09-04T18:51:46.550Z"}
{"level":"info","message":"Generating high-accuracy traffic prediction for hyderabad (17.385, 78.4867)","timestamp":"2025-09-04T18:51:46.552Z"}
{"level":"warn","message":"Real-time traffic data unavailable for hyderabad:","timestamp":"2025-09-04T18:51:46.748Z"}
{"level":"info","message":"High-accuracy ML prediction generated for hyderabad at 2025-09-04T19:51:46.552Z","timestamp":"2025-09-04T18:51:46.776Z"}
{"level":"info","message":"High-accuracy ML prediction generated for hyderabad at 2025-09-04T22:51:46.552Z","timestamp":"2025-09-04T18:51:46.794Z"}
{"level":"info","message":"High-accuracy ML prediction generated for hyderabad at 2025-09-05T01:51:46.552Z","timestamp":"2025-09-04T18:51:46.823Z"}
{"level":"info","message":"High-accuracy ML prediction generated for hyderabad at 2025-09-05T04:51:46.552Z","timestamp":"2025-09-04T18:51:46.852Z"}
{"level":"info","message":"High-accuracy ML prediction generated for hyderabad at 2025-09-05T07:51:46.552Z","timestamp":"2025-09-04T18:51:46.869Z"}
{"level":"info","message":"High-accuracy ML prediction generated for hyderabad at 2025-09-05T10:51:46.552Z","timestamp":"2025-09-04T18:51:46.887Z"}
{"level":"info","message":"High-accuracy ML prediction generated for hyderabad at 2025-09-05T13:51:46.552Z","timestamp":"2025-09-04T18:51:46.903Z"}
{"level":"info","message":"High-accuracy ML prediction generated for hyderabad at 2025-09-05T16:51:46.552Z","timestamp":"2025-09-04T18:51:46.919Z"}
{"level":"error","message":"Error storing traffic predictions in database:","timestamp":"2025-09-04T18:51:46.920Z"}
{"level":"info","message":"Generating high-accuracy traffic prediction for hyderabad (17.385, 78.4867)","timestamp":"2025-09-04T18:52:20.819Z"}
{"level":"warn","message":"Real-time traffic data unavailable for hyderabad:","timestamp":"2025-09-04T18:52:21.535Z"}
{"level":"info","message":"High-accuracy ML prediction generated for hyderabad at 2025-09-04T19:52:20.819Z","timestamp":"2025-09-04T18:52:21.576Z"}
{"level":"info","message":"High-accuracy ML prediction generated for hyderabad at 2025-09-04T22:52:20.819Z","timestamp":"2025-09-04T18:52:21.593Z"}
{"level":"info","message":"High-accuracy ML prediction generated for hyderabad at 2025-09-05T01:52:20.819Z","timestamp":"2025-09-04T18:52:21.611Z"}
{"level":"info","message":"High-accuracy ML prediction generated for hyderabad at 2025-09-05T04:52:20.819Z","timestamp":"2025-09-04T18:52:21.639Z"}
{"level":"info","message":"High-accuracy ML prediction generated for hyderabad at 2025-09-05T07:52:20.819Z","timestamp":"2025-09-04T18:52:21.656Z"}
{"level":"info","message":"High-accuracy ML prediction generated for hyderabad at 2025-09-05T10:52:20.819Z","timestamp":"2025-09-04T18:52:21.675Z"}
{"level":"info","message":"High-accuracy ML prediction generated for hyderabad at 2025-09-05T13:52:20.819Z","timestamp":"2025-09-04T18:52:21.699Z"}
{"level":"info","message":"High-accuracy ML prediction generated for hyderabad at 2025-09-05T16:52:20.819Z","timestamp":"2025-09-04T18:52:21.715Z"}
{"level":"error","message":"Error storing traffic predictions in database:","timestamp":"2025-09-04T18:52:21.716Z"}
{"level":"info","message":"Generating high-accuracy traffic prediction for hyderabad (17.385, 78.4867)","timestamp":"2025-09-04T18:52:55.805Z"}
{"level":"warn","message":"Real-time traffic data unavailable for hyderabad:","timestamp":"2025-09-04T18:52:56.443Z"}
{"level":"info","message":"High-accuracy ML prediction generated for hyderabad at 2025-09-04T19:52:55.805Z","timestamp":"2025-09-04T18:52:56.478Z"}
{"level":"info","message":"High-accuracy ML prediction generated for hyderabad at 2025-09-04T22:52:55.805Z","timestamp":"2025-09-04T18:52:56.494Z"}
{"level":"info","message":"High-accuracy ML prediction generated for hyderabad at 2025-09-05T01:52:55.805Z","timestamp":"2025-09-04T18:52:56.511Z"}
{"level":"info","message":"High-accuracy ML prediction generated for hyderabad at 2025-09-05T04:52:55.805Z","timestamp":"2025-09-04T18:52:56.528Z"}
{"level":"info","message":"High-accuracy ML prediction generated for hyderabad at 2025-09-05T07:52:55.805Z","timestamp":"2025-09-04T18:52:56.543Z"}
{"level":"info","message":"High-accuracy ML prediction generated for hyderabad at 2025-09-05T10:52:55.805Z","timestamp":"2025-09-04T18:52:56.560Z"}
{"level":"info","message":"High-accuracy ML prediction generated for hyderabad at 2025-09-05T13:52:55.805Z","timestamp":"2025-09-04T18:52:56.574Z"}
{"level":"info","message":"High-accuracy ML prediction generated for hyderabad at 2025-09-05T16:52:55.805Z","timestamp":"2025-09-04T18:52:56.591Z"}
{"level":"error","message":"Error storing traffic predictions in database:","timestamp":"2025-09-04T18:52:56.591Z"}
{"level":"info","message":"Generating high-accuracy traffic prediction for hyderabad (17.385, 78.4867)","timestamp":"2025-09-04T18:53:30.810Z"}
{"level":"warn","message":"Real-time traffic data unavailable for hyderabad:","timestamp":"2025-09-04T18:53:31.445Z"}
{"level":"info","message":"High-accuracy ML prediction generated for hyderabad at 2025-09-04T19:53:30.810Z","timestamp":"2025-09-04T18:53:31.482Z"}
{"level":"info","message":"High-accuracy ML prediction generated for hyderabad at 2025-09-04T22:53:30.810Z","timestamp":"2025-09-04T18:53:31.510Z"}
{"level":"info","message":"High-accuracy ML prediction generated for hyderabad at 2025-09-05T01:53:30.810Z","timestamp":"2025-09-04T18:53:31.526Z"}
{"level":"info","message":"High-accuracy ML prediction generated for hyderabad at 2025-09-05T04:53:30.810Z","timestamp":"2025-09-04T18:53:31.543Z"}
{"level":"info","message":"High-accuracy ML prediction generated for hyderabad at 2025-09-05T07:53:30.810Z","timestamp":"2025-09-04T18:53:31.559Z"}
{"level":"info","message":"High-accuracy ML prediction generated for hyderabad at 2025-09-05T10:53:30.810Z","timestamp":"2025-09-04T18:53:31.576Z"}
{"level":"info","message":"High-accuracy ML prediction generated for hyderabad at 2025-09-05T13:53:30.810Z","timestamp":"2025-09-04T18:53:31.593Z"}
{"level":"info","message":"High-accuracy ML prediction generated for hyderabad at 2025-09-05T16:53:30.810Z","timestamp":"2025-09-04T18:53:31.609Z"}
{"level":"error","message":"Error storing traffic predictions in database:","timestamp":"2025-09-04T18:53:31.610Z"}
{"level":"info","message":"Generating high-accuracy traffic prediction for hyderabad (17.385, 78.4867)","timestamp":"2025-09-04T18:54:05.802Z"}
{"level":"warn","message":"Real-time traffic data unavailable for hyderabad:","timestamp":"2025-09-04T18:54:06.486Z"}
{"level":"info","message":"High-accuracy ML prediction generated for hyderabad at 2025-09-04T19:54:05.802Z","timestamp":"2025-09-04T18:54:06.501Z"}
{"level":"info","message":"High-accuracy ML prediction generated for hyderabad at 2025-09-04T22:54:05.802Z","timestamp":"2025-09-04T18:54:06.520Z"}
{"level":"info","message":"High-accuracy ML prediction generated for hyderabad at 2025-09-05T01:54:05.802Z","timestamp":"2025-09-04T18:54:06.537Z"}
{"level":"info","message":"High-accuracy ML prediction generated for hyderabad at 2025-09-05T04:54:05.802Z","timestamp":"2025-09-04T18:54:06.554Z"}
{"level":"info","message":"High-accuracy ML prediction generated for hyderabad at 2025-09-05T07:54:05.802Z","timestamp":"2025-09-04T18:54:06.571Z"}
{"level":"info","message":"High-accuracy ML prediction generated for hyderabad at 2025-09-05T10:54:05.802Z","timestamp":"2025-09-04T18:54:06.602Z"}
{"level":"info","message":"High-accuracy ML prediction generated for hyderabad at 2025-09-05T13:54:05.802Z","timestamp":"2025-09-04T18:54:06.632Z"}
{"level":"info","message":"High-accuracy ML prediction generated for hyderabad at 2025-09-05T16:54:05.802Z","timestamp":"2025-09-04T18:54:06.662Z"}
{"level":"error","message":"Error storing traffic predictions in database:","timestamp":"2025-09-04T18:54:06.663Z"}
{"level":"info","message":"Generating high-accuracy traffic prediction for hyderabad (17.385, 78.4867)","timestamp":"2025-09-04T18:55:05.812Z"}
{"level":"warn","message":"Real-time traffic data unavailable for hyderabad:","timestamp":"2025-09-04T18:55:06.517Z"}
{"level":"info","message":"High-accuracy ML prediction generated for hyderabad at 2025-09-04T19:55:05.812Z","timestamp":"2025-09-04T18:55:06.541Z"}
{"level":"info","message":"High-accuracy ML prediction generated for hyderabad at 2025-09-04T22:55:05.812Z","timestamp":"2025-09-04T18:55:06.557Z"}
{"level":"info","message":"High-accuracy ML prediction generated for hyderabad at 2025-09-05T01:55:05.812Z","timestamp":"2025-09-04T18:55:06.573Z"}
{"level":"info","message":"High-accuracy ML prediction generated for hyderabad at 2025-09-05T04:55:05.812Z","timestamp":"2025-09-04T18:55:06.589Z"}
{"level":"info","message":"High-accuracy ML prediction generated for hyderabad at 2025-09-05T07:55:05.812Z","timestamp":"2025-09-04T18:55:06.606Z"}
{"level":"info","message":"High-accuracy ML prediction generated for hyderabad at 2025-09-05T10:55:05.812Z","timestamp":"2025-09-04T18:55:06.623Z"}
{"level":"info","message":"High-accuracy ML prediction generated for hyderabad at 2025-09-05T13:55:05.812Z","timestamp":"2025-09-04T18:55:06.639Z"}
{"level":"info","message":"High-accuracy ML prediction generated for hyderabad at 2025-09-05T16:55:05.812Z","timestamp":"2025-09-04T18:55:06.656Z"}
{"level":"error","message":"Error storing traffic predictions in database:","timestamp":"2025-09-04T18:55:06.656Z"}
{"level":"info","message":"Generating high-accuracy traffic prediction for hyderabad (17.385, 78.4867)","timestamp":"2025-09-04T18:56:05.803Z"}
{"level":"warn","message":"Real-time traffic data unavailable for hyderabad:","timestamp":"2025-09-04T18:56:06.505Z"}
{"level":"info","message":"High-accuracy ML prediction generated for hyderabad at 2025-09-04T19:56:05.803Z","timestamp":"2025-09-04T18:56:06.522Z"}
{"level":"info","message":"High-accuracy ML prediction generated for hyderabad at 2025-09-04T22:56:05.803Z","timestamp":"2025-09-04T18:56:06.538Z"}
{"level":"info","message":"High-accuracy ML prediction generated for hyderabad at 2025-09-05T01:56:05.803Z","timestamp":"2025-09-04T18:56:06.552Z"}
{"level":"info","message":"High-accuracy ML prediction generated for hyderabad at 2025-09-05T04:56:05.803Z","timestamp":"2025-09-04T18:56:06.567Z"}
{"level":"info","message":"High-accuracy ML prediction generated for hyderabad at 2025-09-05T07:56:05.803Z","timestamp":"2025-09-04T18:56:06.583Z"}
{"level":"info","message":"High-accuracy ML prediction generated for hyderabad at 2025-09-05T10:56:05.803Z","timestamp":"2025-09-04T18:56:06.603Z"}
{"level":"info","message":"High-accuracy ML prediction generated for hyderabad at 2025-09-05T13:56:05.803Z","timestamp":"2025-09-04T18:56:06.618Z"}
{"level":"info","message":"High-accuracy ML prediction generated for hyderabad at 2025-09-05T16:56:05.803Z","timestamp":"2025-09-04T18:56:06.634Z"}
{"level":"error","message":"Error storing traffic predictions in database:","timestamp":"2025-09-04T18:56:06.634Z"}
{"level":"info","message":"Generating high-accuracy traffic prediction for hyderabad (17.385, 78.4867)","timestamp":"2025-09-04T18:57:05.802Z"}
{"level":"warn","message":"Real-time traffic data unavailable for hyderabad:","timestamp":"2025-09-04T18:57:06.857Z"}
{"level":"info","message":"High-accuracy ML prediction generated for hyderabad at 2025-09-04T19:57:05.802Z","timestamp":"2025-09-04T18:57:06.897Z"}
{"level":"info","message":"High-accuracy ML prediction generated for hyderabad at 2025-09-04T22:57:05.802Z","timestamp":"2025-09-04T18:57:06.914Z"}
{"level":"info","message":"High-accuracy ML prediction generated for hyderabad at 2025-09-05T01:57:05.802Z","timestamp":"2025-09-04T18:57:06.931Z"}
{"level":"info","message":"High-accuracy ML prediction generated for hyderabad at 2025-09-05T04:57:05.802Z","timestamp":"2025-09-04T18:57:06.948Z"}
{"level":"info","message":"High-accuracy ML prediction generated for hyderabad at 2025-09-05T07:57:05.802Z","timestamp":"2025-09-04T18:57:06.965Z"}
{"level":"info","message":"High-accuracy ML prediction generated for hyderabad at 2025-09-05T10:57:05.802Z","timestamp":"2025-09-04T18:57:06.983Z"}
{"level":"info","message":"High-accuracy ML prediction generated for hyderabad at 2025-09-05T13:57:05.802Z","timestamp":"2025-09-04T18:57:07.000Z"}
{"level":"info","message":"High-accuracy ML prediction generated for hyderabad at 2025-09-05T16:57:05.802Z","timestamp":"2025-09-04T18:57:07.016Z"}
{"level":"error","message":"Error storing traffic predictions in database:","timestamp":"2025-09-04T18:57:07.017Z"}
{"level":"info","message":"Generating high-accuracy traffic prediction for hyderabad (17.385, 78.4867)","timestamp":"2025-09-04T18:57:37.519Z"}
{"level":"warn","message":"Real-time traffic data unavailable for hyderabad:","timestamp":"2025-09-04T18:57:38.176Z"}
{"level":"info","message":"High-accuracy ML prediction generated for hyderabad at 2025-09-04T19:57:37.519Z","timestamp":"2025-09-04T18:57:38.222Z"}
{"level":"info","message":"High-accuracy ML prediction generated for hyderabad at 2025-09-04T22:57:37.519Z","timestamp":"2025-09-04T18:57:38.259Z"}
{"level":"info","message":"High-accuracy ML prediction generated for hyderabad at 2025-09-05T01:57:37.519Z","timestamp":"2025-09-04T18:57:38.276Z"}
{"level":"info","message":"High-accuracy ML prediction generated for hyderabad at 2025-09-05T04:57:37.519Z","timestamp":"2025-09-04T18:57:38.294Z"}
{"level":"info","message":"High-accuracy ML prediction generated for hyderabad at 2025-09-05T07:57:37.519Z","timestamp":"2025-09-04T18:57:38.313Z"}
{"level":"info","message":"High-accuracy ML prediction generated for hyderabad at 2025-09-05T10:57:37.519Z","timestamp":"2025-09-04T18:57:38.343Z"}
{"level":"info","message":"High-accuracy ML prediction generated for hyderabad at 2025-09-05T13:57:37.519Z","timestamp":"2025-09-04T18:57:38.379Z"}
{"level":"info","message":"High-accuracy ML prediction generated for hyderabad at 2025-09-05T16:57:37.519Z","timestamp":"2025-09-04T18:57:38.406Z"}
{"level":"error","message":"Error storing traffic predictions in database:","timestamp":"2025-09-04T18:57:38.407Z"}
{"level":"info","message":"Generating high-accuracy traffic prediction for hyderabad (17.385, 78.4867)","timestamp":"2025-09-04T18:58:10.581Z"}
{"level":"warn","message":"Real-time traffic data unavailable for hyderabad:","timestamp":"2025-09-04T18:58:11.202Z"}
{"level":"info","message":"High-accuracy ML prediction generated for hyderabad at 2025-09-04T19:58:10.581Z","timestamp":"2025-09-04T18:58:11.244Z"}
{"level":"info","message":"High-accuracy ML prediction generated for hyderabad at 2025-09-04T22:58:10.581Z","timestamp":"2025-09-04T18:58:11.260Z"}
{"level":"info","message":"High-accuracy ML prediction generated for hyderabad at 2025-09-05T01:58:10.581Z","timestamp":"2025-09-04T18:58:11.278Z"}
{"level":"info","message":"High-accuracy ML prediction generated for hyderabad at 2025-09-05T04:58:10.581Z","timestamp":"2025-09-04T18:58:11.295Z"}
{"level":"info","message":"High-accuracy ML prediction generated for hyderabad at 2025-09-05T07:58:10.581Z","timestamp":"2025-09-04T18:58:11.312Z"}
{"level":"info","message":"High-accuracy ML prediction generated for hyderabad at 2025-09-05T10:58:10.581Z","timestamp":"2025-09-04T18:58:11.327Z"}
{"level":"info","message":"High-accuracy ML prediction generated for hyderabad at 2025-09-05T13:58:10.581Z","timestamp":"2025-09-04T18:58:11.344Z"}
{"level":"info","message":"High-accuracy ML prediction generated for hyderabad at 2025-09-05T16:58:10.581Z","timestamp":"2025-09-04T18:58:11.361Z"}
{"level":"error","message":"Error storing traffic predictions in database:","timestamp":"2025-09-04T18:58:11.362Z"}
{"level":"info","message":"Generating high-accuracy traffic prediction for hyderabad (17.385, 78.4867)","timestamp":"2025-09-04T18:58:45.581Z"}
{"level":"warn","message":"Real-time traffic data unavailable for hyderabad:","timestamp":"2025-09-04T18:58:46.315Z"}
{"level":"info","message":"High-accuracy ML prediction generated for hyderabad at 2025-09-04T19:58:45.581Z","timestamp":"2025-09-04T18:58:46.352Z"}
{"level":"info","message":"High-accuracy ML prediction generated for hyderabad at 2025-09-04T22:58:45.581Z","timestamp":"2025-09-04T18:58:46.371Z"}
{"level":"info","message":"High-accuracy ML prediction generated for hyderabad at 2025-09-05T01:58:45.581Z","timestamp":"2025-09-04T18:58:46.400Z"}
{"level":"info","message":"High-accuracy ML prediction generated for hyderabad at 2025-09-05T04:58:45.581Z","timestamp":"2025-09-04T18:58:46.419Z"}
{"level":"info","message":"High-accuracy ML prediction generated for hyderabad at 2025-09-05T07:58:45.581Z","timestamp":"2025-09-04T18:58:46.450Z"}
{"level":"info","message":"High-accuracy ML prediction generated for hyderabad at 2025-09-05T10:58:45.581Z","timestamp":"2025-09-04T18:58:46.482Z"}
{"level":"info","message":"High-accuracy ML prediction generated for hyderabad at 2025-09-05T13:58:45.581Z","timestamp":"2025-09-04T18:58:46.500Z"}
{"level":"info","message":"High-accuracy ML prediction generated for hyderabad at 2025-09-05T16:58:45.581Z","timestamp":"2025-09-04T18:58:46.531Z"}
{"level":"error","message":"Error storing traffic predictions in database:","timestamp":"2025-09-04T18:58:46.531Z"}
{"level":"info","message":"Generating high-accuracy traffic prediction for hyderabad (17.385, 78.4867)","timestamp":"2025-09-04T18:59:20.574Z"}
{"level":"warn","message":"Real-time traffic data unavailable for hyderabad:","timestamp":"2025-09-04T18:59:21.213Z"}
{"level":"info","message":"High-accuracy ML prediction generated for hyderabad at 2025-09-04T19:59:20.573Z","timestamp":"2025-09-04T18:59:21.275Z"}
{"level":"info","message":"High-accuracy ML prediction generated for hyderabad at 2025-09-04T22:59:20.573Z","timestamp":"2025-09-04T18:59:21.307Z"}
{"level":"info","message":"High-accuracy ML prediction generated for hyderabad at 2025-09-05T01:59:20.573Z","timestamp":"2025-09-04T18:59:21.349Z"}
{"level":"info","message":"High-accuracy ML prediction generated for hyderabad at 2025-09-05T04:59:20.573Z","timestamp":"2025-09-04T18:59:21.385Z"}
{"level":"info","message":"High-accuracy ML prediction generated for hyderabad at 2025-09-05T07:59:20.573Z","timestamp":"2025-09-04T18:59:21.424Z"}
{"level":"info","message":"High-accuracy ML prediction generated for hyderabad at 2025-09-05T10:59:20.573Z","timestamp":"2025-09-04T18:59:21.456Z"}
{"level":"info","message":"High-accuracy ML prediction generated for hyderabad at 2025-09-05T13:59:20.573Z","timestamp":"2025-09-04T18:59:21.489Z"}
{"level":"info","message":"High-accuracy ML prediction generated for hyderabad at 2025-09-05T16:59:20.573Z","timestamp":"2025-09-04T18:59:21.521Z"}
{"level":"error","message":"Error storing traffic predictions in database:","timestamp":"2025-09-04T18:59:21.522Z"}
{"level":"info","message":"Generating high-accuracy traffic prediction for hyderabad (17.385, 78.4867)","timestamp":"2025-09-04T18:59:55.571Z"}
{"level":"warn","message":"Real-time traffic data unavailable for hyderabad:","timestamp":"2025-09-04T18:59:56.244Z"}
{"level":"info","message":"High-accuracy ML prediction generated for hyderabad at 2025-09-04T19:59:55.571Z","timestamp":"2025-09-04T18:59:56.282Z"}
{"level":"info","message":"High-accuracy ML prediction generated for hyderabad at 2025-09-04T22:59:55.571Z","timestamp":"2025-09-04T18:59:56.300Z"}
{"level":"info","message":"High-accuracy ML prediction generated for hyderabad at 2025-09-05T01:59:55.571Z","timestamp":"2025-09-04T18:59:56.604Z"}
{"level":"info","message":"High-accuracy ML prediction generated for hyderabad at 2025-09-05T04:59:55.571Z","timestamp":"2025-09-04T18:59:56.623Z"}
{"level":"info","message":"High-accuracy ML prediction generated for hyderabad at 2025-09-05T07:59:55.571Z","timestamp":"2025-09-04T18:59:56.641Z"}
{"level":"info","message":"High-accuracy ML prediction generated for hyderabad at 2025-09-05T10:59:55.571Z","timestamp":"2025-09-04T18:59:56.657Z"}
{"level":"info","message":"High-accuracy ML prediction generated for hyderabad at 2025-09-05T13:59:55.571Z","timestamp":"2025-09-04T18:59:56.674Z"}
{"level":"info","message":"High-accuracy ML prediction generated for hyderabad at 2025-09-05T16:59:55.571Z","timestamp":"2025-09-04T18:59:56.690Z"}
{"level":"error","message":"Error storing traffic predictions in database:","timestamp":"2025-09-04T18:59:56.691Z"}
{"level":"info","message":"Generating high-accuracy traffic prediction for hyderabad (17.385, 78.4867)","timestamp":"2025-09-04T19:00:40.601Z"}
{"level":"warn","message":"Real-time traffic data unavailable for hyderabad:","timestamp":"2025-09-04T19:00:41.309Z"}
{"level":"info","message":"High-accuracy ML prediction generated for hyderabad at 2025-09-04T20:00:40.601Z","timestamp":"2025-09-04T19:00:41.353Z"}
{"level":"info","message":"High-accuracy ML prediction generated for hyderabad at 2025-09-04T23:00:40.601Z","timestamp":"2025-09-04T19:00:41.372Z"}
{"level":"info","message":"High-accuracy ML prediction generated for hyderabad at 2025-09-05T02:00:40.601Z","timestamp":"2025-09-04T19:00:41.408Z"}
{"level":"info","message":"High-accuracy ML prediction generated for hyderabad at 2025-09-05T05:00:40.601Z","timestamp":"2025-09-04T19:00:41.443Z"}
{"level":"info","message":"High-accuracy ML prediction generated for hyderabad at 2025-09-05T08:00:40.601Z","timestamp":"2025-09-04T19:00:41.475Z"}
{"level":"info","message":"High-accuracy ML prediction generated for hyderabad at 2025-09-05T11:00:40.601Z","timestamp":"2025-09-04T19:00:41.502Z"}
{"level":"info","message":"High-accuracy ML prediction generated for hyderabad at 2025-09-05T14:00:40.601Z","timestamp":"2025-09-04T19:00:41.533Z"}
{"level":"info","message":"High-accuracy ML prediction generated for hyderabad at 2025-09-05T17:00:40.601Z","timestamp":"2025-09-04T19:00:41.564Z"}
{"level":"error","message":"Error storing traffic predictions in database:","timestamp":"2025-09-04T19:00:41.565Z"}
{"level":"info","message":"Generating high-accuracy traffic prediction for hyderabad (17.385, 78.4867)","timestamp":"2025-09-04T19:01:15.594Z"}
{"level":"warn","message":"Real-time traffic data unavailable for hyderabad:","timestamp":"2025-09-04T19:01:16.277Z"}
{"level":"info","message":"High-accuracy ML prediction generated for hyderabad at 2025-09-04T20:01:15.594Z","timestamp":"2025-09-04T19:01:16.317Z"}
{"level":"info","message":"High-accuracy ML prediction generated for hyderabad at 2025-09-04T23:01:15.594Z","timestamp":"2025-09-04T19:01:16.336Z"}
{"level":"info","message":"High-accuracy ML prediction generated for hyderabad at 2025-09-05T02:01:15.594Z","timestamp":"2025-09-04T19:01:16.354Z"}
{"level":"info","message":"High-accuracy ML prediction generated for hyderabad at 2025-09-05T05:01:15.594Z","timestamp":"2025-09-04T19:01:16.387Z"}
{"level":"info","message":"High-accuracy ML prediction generated for hyderabad at 2025-09-05T08:01:15.594Z","timestamp":"2025-09-04T19:01:16.406Z"}
{"level":"info","message":"High-accuracy ML prediction generated for hyderabad at 2025-09-05T11:01:15.594Z","timestamp":"2025-09-04T19:01:16.424Z"}
{"level":"info","message":"High-accuracy ML prediction generated for hyderabad at 2025-09-05T14:01:15.594Z","timestamp":"2025-09-04T19:01:16.453Z"}
{"level":"info","message":"High-accuracy ML prediction generated for hyderabad at 2025-09-05T17:01:15.594Z","timestamp":"2025-09-04T19:01:16.482Z"}
{"level":"error","message":"Error storing traffic predictions in database:","timestamp":"2025-09-04T19:01:16.483Z"}
{"level":"info","message":"Generating high-accuracy traffic prediction for hyderabad (17.385, 78.4867)","timestamp":"2025-09-04T19:01:50.593Z"}
{"level":"warn","message":"Real-time traffic data unavailable for hyderabad:","timestamp":"2025-09-04T19:01:51.302Z"}
{"level":"info","message":"High-accuracy ML prediction generated for hyderabad at 2025-09-04T20:01:50.593Z","timestamp":"2025-09-04T19:01:51.344Z"}
{"level":"info","message":"High-accuracy ML prediction generated for hyderabad at 2025-09-04T23:01:50.593Z","timestamp":"2025-09-04T19:01:51.373Z"}
{"level":"info","message":"High-accuracy ML prediction generated for hyderabad at 2025-09-05T02:01:50.593Z","timestamp":"2025-09-04T19:01:51.390Z"}
{"level":"info","message":"High-accuracy ML prediction generated for hyderabad at 2025-09-05T05:01:50.593Z","timestamp":"2025-09-04T19:01:51.408Z"}
{"level":"info","message":"High-accuracy ML prediction generated for hyderabad at 2025-09-05T08:01:50.593Z","timestamp":"2025-09-04T19:01:51.425Z"}
{"level":"info","message":"High-accuracy ML prediction generated for hyderabad at 2025-09-05T11:01:50.593Z","timestamp":"2025-09-04T19:01:51.441Z"}
{"level":"info","message":"High-accuracy ML prediction generated for hyderabad at 2025-09-05T14:01:50.593Z","timestamp":"2025-09-04T19:01:51.459Z"}
{"level":"info","message":"High-accuracy ML prediction generated for hyderabad at 2025-09-05T17:01:50.593Z","timestamp":"2025-09-04T19:01:51.475Z"}
{"level":"error","message":"Error storing traffic predictions in database:","timestamp":"2025-09-04T19:01:51.476Z"}
{"level":"info","message":"Generating high-accuracy traffic prediction for hyderabad (17.385, 78.4867)","timestamp":"2025-09-04T19:02:25.578Z"}
{"level":"warn","message":"Real-time traffic data unavailable for hyderabad:","timestamp":"2025-09-04T19:02:26.238Z"}
{"level":"info","message":"High-accuracy ML prediction generated for hyderabad at 2025-09-04T20:02:25.578Z","timestamp":"2025-09-04T19:02:26.294Z"}
{"level":"info","message":"High-accuracy ML prediction generated for hyderabad at 2025-09-04T23:02:25.578Z","timestamp":"2025-09-04T19:02:26.329Z"}
{"level":"info","message":"High-accuracy ML prediction generated for hyderabad at 2025-09-05T02:02:25.578Z","timestamp":"2025-09-04T19:02:26.362Z"}
{"level":"info","message":"High-accuracy ML prediction generated for hyderabad at 2025-09-05T05:02:25.578Z","timestamp":"2025-09-04T19:02:26.398Z"}
{"level":"info","message":"High-accuracy ML prediction generated for hyderabad at 2025-09-05T08:02:25.578Z","timestamp":"2025-09-04T19:02:26.435Z"}
{"level":"info","message":"High-accuracy ML prediction generated for hyderabad at 2025-09-05T11:02:25.578Z","timestamp":"2025-09-04T19:02:26.472Z"}
{"level":"info","message":"High-accuracy ML prediction generated for hyderabad at 2025-09-05T14:02:25.578Z","timestamp":"2025-09-04T19:02:26.504Z"}
{"level":"info","message":"High-accuracy ML prediction generated for hyderabad at 2025-09-05T17:02:25.578Z","timestamp":"2025-09-04T19:02:26.550Z"}
{"level":"error","message":"Error storing traffic predictions in database:","timestamp":"2025-09-04T19:02:26.552Z"}
{"level":"info","message":"Generating high-accuracy traffic prediction for hyderabad (17.385, 78.4867)","timestamp":"2025-09-04T19:03:00.579Z"}
{"level":"error","message":"Error generating traffic prediction for hyderabad:","timestamp":"2025-09-04T19:03:00.580Z"}
{"level":"error","message":"Full error details:","timestamp":"2025-09-04T19:03:00.580Z"}
{"level":"info","message":"Generating high-accuracy traffic prediction for hyderabad (17.385, 78.4867)","timestamp":"2025-09-04T19:03:05.563Z"}
{"level":"error","message":"Error generating traffic prediction for hyderabad:","timestamp":"2025-09-04T19:03:05.564Z"}
{"level":"error","message":"Full error details:","timestamp":"2025-09-04T19:03:05.564Z"}
{"level":"info","message":"Generating high-accuracy traffic prediction for hyderabad (17.385, 78.4867)","timestamp":"2025-09-04T19:03:10.568Z"}
{"level":"error","message":"Error generating traffic prediction for hyderabad:","timestamp":"2025-09-04T19:03:10.569Z"}
{"level":"error","message":"Full error details:","timestamp":"2025-09-04T19:03:10.569Z"}
{"level":"info","message":"Generating high-accuracy traffic prediction for hyderabad (17.385, 78.4867)","timestamp":"2025-09-04T19:03:15.569Z"}
{"level":"error","message":"Error generating traffic prediction for hyderabad:","timestamp":"2025-09-04T19:03:15.569Z"}
{"level":"error","message":"Full error details:","timestamp":"2025-09-04T19:03:15.569Z"}
{"level":"info","message":"Generating high-accuracy traffic prediction for hyderabad (17.385, 78.4867)","timestamp":"2025-09-04T19:03:20.574Z"}
{"level":"error","message":"Error generating traffic prediction for hyderabad:","timestamp":"2025-09-04T19:03:20.575Z"}
{"level":"error","message":"Full error details:","timestamp":"2025-09-04T19:03:20.575Z"}
{"level":"info","message":"Generating high-accuracy traffic prediction for hyderabad (17.385, 78.4867)","timestamp":"2025-09-04T19:03:30.594Z"}
{"level":"info","message":"TomTom routing prediction for hyderabad: 30 km/h, low congestion","timestamp":"2025-09-04T19:03:32.189Z"}
{"level":"info","message":"TomTom routing prediction for hyderabad: 32 km/h, low congestion","timestamp":"2025-09-04T19:03:32.741Z"}
{"level":"info","message":"TomTom routing prediction for hyderabad: 37 km/h, low congestion","timestamp":"2025-09-04T19:03:33.580Z"}
{"level":"error","message":"Error generating traffic prediction for hyderabad:","timestamp":"2025-09-04T19:03:33.581Z"}
{"level":"error","message":"Full error details:","timestamp":"2025-09-04T19:03:33.581Z"}
{"level":"info","message":"Generating high-accuracy traffic prediction for hyderabad (17.385, 78.4867)","timestamp":"2025-09-04T19:03:35.567Z"}
{"level":"info","message":"TomTom routing prediction for hyderabad: 30 km/h, low congestion","timestamp":"2025-09-04T19:03:36.290Z"}
{"level":"info","message":"TomTom routing prediction for hyderabad: 32 km/h, low congestion","timestamp":"2025-09-04T19:03:37.103Z"}
{"level":"info","message":"TomTom routing prediction for hyderabad: 37 km/h, low congestion","timestamp":"2025-09-04T19:03:38.167Z"}
{"level":"error","message":"Error generating traffic prediction for hyderabad:","timestamp":"2025-09-04T19:03:38.167Z"}
{"level":"error","message":"Full error details:","timestamp":"2025-09-04T19:03:38.167Z"}
{"level":"info","message":"Generating high-accuracy traffic prediction for hyderabad (17.385, 78.4867)","timestamp":"2025-09-04T19:03:40.658Z"}
{"level":"info","message":"Generating high-accuracy traffic prediction for hyderabad (17.385, 78.4867)","timestamp":"2025-09-04T19:03:45.596Z"}
{"level":"info","message":"TomTom routing prediction for hyderabad: 30 km/h, low congestion","timestamp":"2025-09-04T19:03:46.828Z"}
{"level":"info","message":"TomTom routing prediction for hyderabad: 32 km/h, low congestion","timestamp":"2025-09-04T19:03:47.465Z"}
{"level":"info","message":"TomTom routing prediction for hyderabad: 37 km/h, low congestion","timestamp":"2025-09-04T19:03:48.314Z"}
{"level":"error","message":"Error generating traffic prediction for hyderabad:","timestamp":"2025-09-04T19:03:48.316Z"}
{"level":"error","message":"Full error details:","timestamp":"2025-09-04T19:03:48.317Z"}
{"level":"info","message":"Generating high-accuracy traffic prediction for hyderabad (17.385, 78.4867)","timestamp":"2025-09-04T19:03:50.567Z"}
{"level":"info","message":"TomTom routing prediction for hyderabad: 30 km/h, low congestion","timestamp":"2025-09-04T19:03:51.304Z"}
{"level":"info","message":"TomTom routing prediction for hyderabad: 35 km/h, low congestion","timestamp":"2025-09-04T19:03:51.955Z"}
{"level":"info","message":"TomTom routing prediction for hyderabad: 40 km/h, low congestion","timestamp":"2025-09-04T19:03:52.741Z"}
{"level":"error","message":"Error generating traffic prediction for hyderabad:","timestamp":"2025-09-04T19:03:52.741Z"}
{"level":"error","message":"Full error details:","timestamp":"2025-09-04T19:03:52.742Z"}
{"level":"info","message":"Generating high-accuracy traffic prediction for hyderabad (17.385, 78.4867)","timestamp":"2025-09-04T19:03:55.571Z"}
{"level":"info","message":"TomTom routing prediction for hyderabad: 33 km/h, low congestion","timestamp":"2025-09-04T19:03:56.756Z"}
{"level":"info","message":"Generating high-accuracy traffic prediction for hyderabad (17.385, 78.4867)","timestamp":"2025-09-04T19:04:00.586Z"}
{"level":"info","message":"TomTom routing prediction for hyderabad: 33 km/h, low congestion","timestamp":"2025-09-04T19:04:02.000Z"}
{"level":"info","message":"TomTom routing prediction for hyderabad: 35 km/h, low congestion","timestamp":"2025-09-04T19:04:02.506Z"}
{"level":"info","message":"TomTom routing prediction for hyderabad: 40 km/h, low congestion","timestamp":"2025-09-04T19:04:03.508Z"}
{"level":"error","message":"Error generating traffic prediction for hyderabad:","timestamp":"2025-09-04T19:04:03.510Z"}
{"level":"error","message":"Full error details:","timestamp":"2025-09-04T19:04:03.510Z"}
{"level":"info","message":"Generating high-accuracy traffic prediction for hyderabad (17.385, 78.4867)","timestamp":"2025-09-04T19:04:10.696Z"}
{"level":"info","message":"TomTom routing prediction for hyderabad: 33 km/h, low congestion","timestamp":"2025-09-04T19:04:12.160Z"}
{"level":"info","message":"TomTom routing prediction for hyderabad: 35 km/h, low congestion","timestamp":"2025-09-04T19:04:12.629Z"}
{"level":"info","message":"TomTom routing prediction for hyderabad: 37 km/h, low congestion","timestamp":"2025-09-04T19:04:13.338Z"}
{"level":"error","message":"Error generating traffic prediction for hyderabad:","timestamp":"2025-09-04T19:04:13.339Z"}
{"level":"error","message":"Full error details:","timestamp":"2025-09-04T19:04:13.339Z"}
{"level":"info","message":"Generating high-accuracy traffic prediction for hyderabad (17.385, 78.4867)","timestamp":"2025-09-04T19:04:15.572Z"}
{"level":"info","message":"TomTom routing prediction for hyderabad: 30 km/h, low congestion","timestamp":"2025-09-04T19:04:16.278Z"}
{"level":"info","message":"TomTom routing prediction for hyderabad: 32 km/h, low congestion","timestamp":"2025-09-04T19:04:16.776Z"}
{"level":"info","message":"TomTom routing prediction for hyderabad: 40 km/h, low congestion","timestamp":"2025-09-04T19:04:17.746Z"}
{"level":"error","message":"Error generating traffic prediction for hyderabad:","timestamp":"2025-09-04T19:04:17.747Z"}
{"level":"error","message":"Full error details:","timestamp":"2025-09-04T19:04:17.748Z"}
{"level":"info","message":"Generating high-accuracy traffic prediction for hyderabad (17.385, 78.4867)","timestamp":"2025-09-04T19:04:20.572Z"}
{"level":"info","message":"TomTom routing prediction for hyderabad: 33 km/h, low congestion","timestamp":"2025-09-04T19:04:21.312Z"}
{"level":"info","message":"TomTom routing prediction for hyderabad: 35 km/h, low congestion","timestamp":"2025-09-04T19:04:21.944Z"}
{"level":"info","message":"TomTom routing prediction for hyderabad: 37 km/h, low congestion","timestamp":"2025-09-04T19:04:22.990Z"}
{"level":"error","message":"Error generating traffic prediction for hyderabad:","timestamp":"2025-09-04T19:04:22.991Z"}
{"level":"error","message":"Full error details:","timestamp":"2025-09-04T19:04:22.991Z"}
{"level":"info","message":"Generating high-accuracy traffic prediction for hyderabad (17.385, 78.4867)","timestamp":"2025-09-04T19:04:25.563Z"}
{"level":"info","message":"TomTom routing prediction for hyderabad: 33 km/h, low congestion","timestamp":"2025-09-04T19:04:26.353Z"}
{"level":"info","message":"TomTom routing prediction for hyderabad: 35 km/h, low congestion","timestamp":"2025-09-04T19:04:26.987Z"}
{"level":"info","message":"TomTom routing prediction for hyderabad: 40 km/h, low congestion","timestamp":"2025-09-04T19:04:27.791Z"}
{"level":"error","message":"Error generating traffic prediction for hyderabad:","timestamp":"2025-09-04T19:04:27.792Z"}
{"level":"error","message":"Full error details:","timestamp":"2025-09-04T19:04:27.792Z"}
{"level":"info","message":"Generating high-accuracy traffic prediction for hyderabad (17.385, 78.4867)","timestamp":"2025-09-04T19:04:30.569Z"}
{"level":"info","message":"TomTom routing prediction for hyderabad: 30 km/h, low congestion","timestamp":"2025-09-04T19:04:31.385Z"}
{"level":"info","message":"TomTom routing prediction for hyderabad: 32 km/h, low congestion","timestamp":"2025-09-04T19:04:32.040Z"}
{"level":"info","message":"TomTom routing prediction for hyderabad: 37 km/h, low congestion","timestamp":"2025-09-04T19:04:32.828Z"}
{"level":"error","message":"Error generating traffic prediction for hyderabad:","timestamp":"2025-09-04T19:04:32.830Z"}
{"level":"error","message":"Full error details:","timestamp":"2025-09-04T19:04:32.830Z"}
{"level":"info","message":"Generating high-accuracy traffic prediction for hyderabad (17.385, 78.4867)","timestamp":"2025-09-04T19:04:35.566Z"}
{"level":"info","message":"TomTom routing prediction for hyderabad: 33 km/h, low congestion","timestamp":"2025-09-04T19:04:36.271Z"}
{"level":"info","message":"TomTom routing prediction for hyderabad: 32 km/h, low congestion","timestamp":"2025-09-04T19:04:36.919Z"}
{"level":"info","message":"TomTom routing prediction for hyderabad: 37 km/h, low congestion","timestamp":"2025-09-04T19:04:37.761Z"}
{"level":"error","message":"Error generating traffic prediction for hyderabad:","timestamp":"2025-09-04T19:04:37.762Z"}
{"level":"error","message":"Full error details:","timestamp":"2025-09-04T19:04:37.762Z"}
{"level":"info","message":"Generating high-accuracy traffic prediction for hyderabad (17.385, 78.4867)","timestamp":"2025-09-04T19:04:40.575Z"}
{"level":"info","message":"TomTom routing prediction for hyderabad: 30 km/h, low congestion","timestamp":"2025-09-04T19:04:41.305Z"}
{"level":"info","message":"TomTom routing prediction for hyderabad: 35 km/h, low congestion","timestamp":"2025-09-04T19:04:41.921Z"}
{"level":"info","message":"TomTom routing prediction for hyderabad: 40 km/h, low congestion","timestamp":"2025-09-04T19:04:42.761Z"}
{"level":"error","message":"Error generating traffic prediction for hyderabad:","timestamp":"2025-09-04T19:04:42.762Z"}
{"level":"error","message":"Full error details:","timestamp":"2025-09-04T19:04:42.762Z"}
{"level":"info","message":"Generating high-accuracy traffic prediction for hyderabad (17.385, 78.4867)","timestamp":"2025-09-04T19:04:45.612Z"}
{"level":"info","message":"TomTom routing prediction for hyderabad: 33 km/h, low congestion","timestamp":"2025-09-04T19:04:46.308Z"}
{"level":"info","message":"TomTom routing prediction for hyderabad: 32 km/h, low congestion","timestamp":"2025-09-04T19:04:46.938Z"}
{"level":"info","message":"TomTom routing prediction for hyderabad: 37 km/h, low congestion","timestamp":"2025-09-04T19:04:47.753Z"}
{"level":"error","message":"Error generating traffic prediction for hyderabad:","timestamp":"2025-09-04T19:04:47.754Z"}
{"level":"error","message":"Full error details:","timestamp":"2025-09-04T19:04:47.755Z"}
{"level":"info","message":"Generating high-accuracy traffic prediction for hyderabad (17.385, 78.4867)","timestamp":"2025-09-04T19:04:50.573Z"}
{"level":"info","message":"TomTom routing prediction for hyderabad: 30 km/h, low congestion","timestamp":"2025-09-04T19:04:51.463Z"}
{"level":"info","message":"TomTom routing prediction for hyderabad: 35 km/h, low congestion","timestamp":"2025-09-04T19:04:52.067Z"}
{"level":"info","message":"TomTom routing prediction for hyderabad: 40 km/h, low congestion","timestamp":"2025-09-04T19:04:52.912Z"}
{"level":"error","message":"Error generating traffic prediction for hyderabad:","timestamp":"2025-09-04T19:04:52.913Z"}
{"level":"error","message":"Full error details:","timestamp":"2025-09-04T19:04:52.913Z"}
{"level":"info","message":"Generating high-accuracy traffic prediction for hyderabad (17.385, 78.4867)","timestamp":"2025-09-04T19:04:55.562Z"}
{"level":"info","message":"TomTom routing prediction for hyderabad: 33 km/h, low congestion","timestamp":"2025-09-04T19:04:56.266Z"}
{"level":"info","message":"TomTom routing prediction for hyderabad: 35 km/h, low congestion","timestamp":"2025-09-04T19:04:56.903Z"}
{"level":"info","message":"TomTom routing prediction for hyderabad: 40 km/h, low congestion","timestamp":"2025-09-04T19:04:57.707Z"}
{"level":"error","message":"Error generating traffic prediction for hyderabad:","timestamp":"2025-09-04T19:04:57.708Z"}
{"level":"error","message":"Full error details:","timestamp":"2025-09-04T19:04:57.708Z"}
{"level":"info","message":"Generating high-accuracy traffic prediction for hyderabad (17.385, 78.4867)","timestamp":"2025-09-04T19:05:00.562Z"}
{"level":"info","message":"TomTom routing prediction for hyderabad: 30 km/h, low congestion","timestamp":"2025-09-04T19:05:01.309Z"}
{"level":"info","message":"TomTom routing prediction for hyderabad: 35 km/h, low congestion","timestamp":"2025-09-04T19:05:01.953Z"}
{"level":"info","message":"TomTom routing prediction for hyderabad: 37 km/h, low congestion","timestamp":"2025-09-04T19:05:02.773Z"}
{"level":"error","message":"Error generating traffic prediction for hyderabad:","timestamp":"2025-09-04T19:05:02.775Z"}
{"level":"error","message":"Full error details:","timestamp":"2025-09-04T19:05:02.775Z"}
{"level":"info","message":"Generating high-accuracy traffic prediction for hyderabad (17.385, 78.4867)","timestamp":"2025-09-04T19:05:05.680Z"}
{"level":"info","message":"TomTom routing prediction for hyderabad: 33 km/h, low congestion","timestamp":"2025-09-04T19:05:06.522Z"}
{"level":"info","message":"TomTom routing prediction for hyderabad: 35 km/h, low congestion","timestamp":"2025-09-04T19:05:07.157Z"}
{"level":"info","message":"TomTom routing prediction for hyderabad: 40 km/h, low congestion","timestamp":"2025-09-04T19:05:08.004Z"}
{"level":"error","message":"Error generating traffic prediction for hyderabad:","timestamp":"2025-09-04T19:05:08.005Z"}
{"level":"error","message":"Full error details:","timestamp":"2025-09-04T19:05:08.005Z"}
{"level":"info","message":"Generating high-accuracy traffic prediction for hyderabad (17.385, 78.4867)","timestamp":"2025-09-04T19:05:10.560Z"}
{"level":"info","message":"TomTom routing prediction for hyderabad: 33 km/h, low congestion","timestamp":"2025-09-04T19:05:11.242Z"}
{"level":"info","message":"TomTom routing prediction for hyderabad: 35 km/h, low congestion","timestamp":"2025-09-04T19:05:11.905Z"}
{"level":"info","message":"TomTom routing prediction for hyderabad: 40 km/h, low congestion","timestamp":"2025-09-04T19:05:12.695Z"}
{"level":"error","message":"Error generating traffic prediction for hyderabad:","timestamp":"2025-09-04T19:05:12.696Z"}
{"level":"error","message":"Full error details:","timestamp":"2025-09-04T19:05:12.697Z"}
{"level":"info","message":"Generating high-accuracy traffic prediction for hyderabad (17.385, 78.4867)","timestamp":"2025-09-04T19:05:15.638Z"}
{"level":"info","message":"TomTom routing prediction for hyderabad: 33 km/h, low congestion","timestamp":"2025-09-04T19:05:16.352Z"}
{"level":"info","message":"TomTom routing prediction for hyderabad: 35 km/h, low congestion","timestamp":"2025-09-04T19:05:16.979Z"}
{"level":"info","message":"TomTom routing prediction for hyderabad: 40 km/h, low congestion","timestamp":"2025-09-04T19:05:17.946Z"}
{"level":"error","message":"Error generating traffic prediction for hyderabad:","timestamp":"2025-09-04T19:05:17.946Z"}
{"level":"error","message":"Full error details:","timestamp":"2025-09-04T19:05:17.946Z"}
{"level":"info","message":"Generating high-accuracy traffic prediction for hyderabad (17.385, 78.4867)","timestamp":"2025-09-04T19:05:20.567Z"}
{"level":"info","message":"TomTom routing prediction for hyderabad: 33 km/h, low congestion","timestamp":"2025-09-04T19:05:21.430Z"}
{"level":"info","message":"TomTom routing prediction for hyderabad: 35 km/h, low congestion","timestamp":"2025-09-04T19:05:22.104Z"}
{"level":"info","message":"TomTom routing prediction for hyderabad: 40 km/h, low congestion","timestamp":"2025-09-04T19:05:22.865Z"}
{"level":"error","message":"Error generating traffic prediction for hyderabad:","timestamp":"2025-09-04T19:05:22.866Z"}
{"level":"error","message":"Full error details:","timestamp":"2025-09-04T19:05:22.866Z"}
{"level":"info","message":"Generating high-accuracy traffic prediction for hyderabad (17.385, 78.4867)","timestamp":"2025-09-04T19:05:25.564Z"}
{"level":"info","message":"TomTom routing prediction for hyderabad: 33 km/h, low congestion","timestamp":"2025-09-04T19:05:26.258Z"}
{"level":"info","message":"TomTom routing prediction for hyderabad: 35 km/h, low congestion","timestamp":"2025-09-04T19:05:26.869Z"}
{"level":"info","message":"TomTom routing prediction for hyderabad: 40 km/h, low congestion","timestamp":"2025-09-04T19:05:27.679Z"}
{"level":"error","message":"Error generating traffic prediction for hyderabad:","timestamp":"2025-09-04T19:05:27.681Z"}
{"level":"error","message":"Full error details:","timestamp":"2025-09-04T19:05:27.681Z"}
{"level":"info","message":"Generating high-accuracy traffic prediction for hyderabad (17.385, 78.4867)","timestamp":"2025-09-04T19:05:30.839Z"}
{"level":"info","message":"TomTom routing prediction for hyderabad: 33 km/h, low congestion","timestamp":"2025-09-04T19:05:31.723Z"}
{"level":"info","message":"TomTom routing prediction for hyderabad: 35 km/h, low congestion","timestamp":"2025-09-04T19:05:32.373Z"}
{"level":"info","message":"TomTom routing prediction for hyderabad: 40 km/h, low congestion","timestamp":"2025-09-04T19:05:33.657Z"}
{"level":"error","message":"Error generating traffic prediction for hyderabad:","timestamp":"2025-09-04T19:05:33.658Z"}
{"level":"error","message":"Full error details:","timestamp":"2025-09-04T19:05:33.658Z"}
{"level":"info","message":"Generating high-accuracy traffic prediction for hyderabad (17.385, 78.4867)","timestamp":"2025-09-04T19:05:33.677Z"}
{"level":"info","message":"TomTom routing prediction for hyderabad: 33 km/h, low congestion","timestamp":"2025-09-04T19:05:34.394Z"}
{"level":"info","message":"TomTom routing prediction for hyderabad: 35 km/h, low congestion","timestamp":"2025-09-04T19:05:35.040Z"}
{"level":"info","message":"TomTom routing prediction for hyderabad: 40 km/h, low congestion","timestamp":"2025-09-04T19:05:35.858Z"}
{"level":"error","message":"Error generating traffic prediction for hyderabad:","timestamp":"2025-09-04T19:05:35.861Z"}
{"level":"error","message":"Full error details:","timestamp":"2025-09-04T19:05:35.861Z"}
{"level":"info","message":"Generating high-accuracy traffic prediction for hyderabad (17.385, 78.4867)","timestamp":"2025-09-04T19:05:35.865Z"}
{"level":"info","message":"TomTom routing prediction for hyderabad: 33 km/h, low congestion","timestamp":"2025-09-04T19:05:36.387Z"}
{"level":"info","message":"TomTom routing prediction for hyderabad: 35 km/h, low congestion","timestamp":"2025-09-04T19:05:37.098Z"}
{"level":"info","message":"TomTom routing prediction for hyderabad: 40 km/h, low congestion","timestamp":"2025-09-04T19:05:38.274Z"}
{"level":"error","message":"Error generating traffic prediction for hyderabad:","timestamp":"2025-09-04T19:05:38.275Z"}
{"level":"error","message":"Full error details:","timestamp":"2025-09-04T19:05:38.275Z"}
{"level":"info","message":"Generating high-accuracy traffic prediction for hyderabad (17.385, 78.4867)","timestamp":"2025-09-04T19:05:38.278Z"}
{"level":"info","message":"TomTom routing prediction for hyderabad: 33 km/h, low congestion","timestamp":"2025-09-04T19:05:38.887Z"}
{"level":"info","message":"TomTom routing prediction for hyderabad: 35 km/h, low congestion","timestamp":"2025-09-04T19:05:39.368Z"}
{"level":"info","message":"TomTom routing prediction for hyderabad: 40 km/h, low congestion","timestamp":"2025-09-04T19:05:40.178Z"}
{"level":"error","message":"Error generating traffic prediction for hyderabad:","timestamp":"2025-09-04T19:05:40.179Z"}
{"level":"error","message":"Full error details:","timestamp":"2025-09-04T19:05:40.180Z"}
{"level":"info","message":"Generating high-accuracy traffic prediction for hyderabad (17.385, 78.4867)","timestamp":"2025-09-04T19:05:43.190Z"}
{"level":"info","message":"TomTom routing prediction for hyderabad: 33 km/h, low congestion","timestamp":"2025-09-04T19:05:43.970Z"}
{"level":"info","message":"TomTom routing prediction for hyderabad: 35 km/h, low congestion","timestamp":"2025-09-04T19:05:44.614Z"}
{"level":"info","message":"TomTom routing prediction for hyderabad: 40 km/h, low congestion","timestamp":"2025-09-04T19:05:45.441Z"}
{"level":"error","message":"Error generating traffic prediction for hyderabad:","timestamp":"2025-09-04T19:05:45.444Z"}
{"level":"error","message":"Full error details:","timestamp":"2025-09-04T19:05:45.445Z"}
{"level":"info","message":"Generating high-accuracy traffic prediction for hyderabad (17.385, 78.4867)","timestamp":"2025-09-04T19:05:45.449Z"}
{"level":"info","message":"TomTom routing prediction for hyderabad: 33 km/h, low congestion","timestamp":"2025-09-04T19:05:46.078Z"}
{"level":"info","message":"TomTom routing prediction for hyderabad: 35 km/h, low congestion","timestamp":"2025-09-04T19:05:46.715Z"}
{"level":"info","message":"TomTom routing prediction for hyderabad: 40 km/h, low congestion","timestamp":"2025-09-04T19:05:47.547Z"}
{"level":"error","message":"Error generating traffic prediction for hyderabad:","timestamp":"2025-09-04T19:05:47.550Z"}
{"level":"error","message":"Full error details:","timestamp":"2025-09-04T19:05:47.551Z"}
{"level":"info","message":"Generating high-accuracy traffic prediction for hyderabad (17.385, 78.4867)","timestamp":"2025-09-04T19:05:47.598Z"}
{"level":"info","message":"TomTom routing prediction for hyderabad: 33 km/h, low congestion","timestamp":"2025-09-04T19:05:48.194Z"}
{"level":"info","message":"TomTom routing prediction for hyderabad: 35 km/h, low congestion","timestamp":"2025-09-04T19:05:48.857Z"}
{"level":"info","message":"TomTom routing prediction for hyderabad: 40 km/h, low congestion","timestamp":"2025-09-04T19:05:49.723Z"}
{"level":"error","message":"Error generating traffic prediction for hyderabad:","timestamp":"2025-09-04T19:05:49.724Z"}
{"level":"error","message":"Full error details:","timestamp":"2025-09-04T19:05:49.724Z"}
{"level":"info","message":"Generating high-accuracy traffic prediction for hyderabad (17.385, 78.4867)","timestamp":"2025-09-04T19:05:49.727Z"}
{"level":"info","message":"TomTom routing prediction for hyderabad: 33 km/h, low congestion","timestamp":"2025-09-04T19:05:50.625Z"}
{"level":"info","message":"TomTom routing prediction for hyderabad: 35 km/h, low congestion","timestamp":"2025-09-04T19:05:51.105Z"}
{"level":"info","message":"TomTom routing prediction for hyderabad: 40 km/h, low congestion","timestamp":"2025-09-04T19:05:51.739Z"}
{"level":"error","message":"Error generating traffic prediction for hyderabad:","timestamp":"2025-09-04T19:05:51.741Z"}
{"level":"error","message":"Full error details:","timestamp":"2025-09-04T19:05:51.741Z"}
{"level":"info","message":"Generating high-accuracy traffic prediction for hyderabad (17.385, 78.4867)","timestamp":"2025-09-04T19:05:53.567Z"}
{"level":"info","message":"TomTom routing prediction for hyderabad: 33 km/h, low congestion","timestamp":"2025-09-04T19:05:54.340Z"}
{"level":"info","message":"TomTom routing prediction for hyderabad: 35 km/h, low congestion","timestamp":"2025-09-04T19:05:54.823Z"}
{"level":"info","message":"TomTom routing prediction for hyderabad: 40 km/h, low congestion","timestamp":"2025-09-04T19:05:55.638Z"}
{"level":"error","message":"Error generating traffic prediction for hyderabad:","timestamp":"2025-09-04T19:05:55.638Z"}
{"level":"error","message":"Full error details:","timestamp":"2025-09-04T19:05:55.638Z"}
{"level":"info","message":"Fetching live traffic data for hyderabad (17.385, 78.4867)","timestamp":"2025-09-04T19:05:56.931Z"}
{"level":"warn","message":"Retry attempt 1 failed, retrying in 2000ms","timestamp":"2025-09-04T19:05:59.146Z"}
{"level":"warn","message":"Retry attempt 1 failed, retrying in 2000ms","timestamp":"2025-09-04T19:05:59.592Z"}
{"level":"warn","message":"Retry attempt 2 failed, retrying in 4000ms","timestamp":"2025-09-04T19:06:03.328Z"}
{"level":"warn","message":"Retry attempt 2 failed, retrying in 4000ms","timestamp":"2025-09-04T19:06:03.793Z"}
{"level":"error","message":"Error storing traffic incidents in database:","timestamp":"2025-09-04T19:06:04.008Z"}
{"level":"info","message":"Returning cached live traffic data for hyderabad","timestamp":"2025-09-04T19:06:04.012Z"}
{"level":"info","message":"Returning cached live traffic data for hyderabad","timestamp":"2025-09-04T19:06:04.015Z"}
{"level":"info","message":"Returning cached live traffic data for hyderabad","timestamp":"2025-09-04T19:06:15.370Z"}
{"level":"info","message":"Returning cached live traffic data for hyderabad","timestamp":"2025-09-04T19:06:15.381Z"}
{"level":"info","message":"Generating high-accuracy traffic prediction for hyderabad (17.385, 78.4867)","timestamp":"2025-09-04T19:06:38.252Z"}
{"level":"info","message":"TomTom routing prediction for hyderabad: 33 km/h, low congestion","timestamp":"2025-09-04T19:06:39.437Z"}
{"level":"info","message":"TomTom routing prediction for hyderabad: 35 km/h, low congestion","timestamp":"2025-09-04T19:06:40.132Z"}
{"level":"info","message":"TomTom routing prediction for hyderabad: 40 km/h, low congestion","timestamp":"2025-09-04T19:06:40.911Z"}
{"level":"error","message":"Error generating traffic prediction for hyderabad:","timestamp":"2025-09-04T19:06:40.912Z"}
{"level":"error","message":"Full error details:","timestamp":"2025-09-04T19:06:40.912Z"}
{"level":"info","message":"Generating high-accuracy traffic prediction for hyderabad (17.385, 78.4867)","timestamp":"2025-09-04T19:06:40.914Z"}
{"level":"info","message":"TomTom routing prediction for hyderabad: 33 km/h, low congestion","timestamp":"2025-09-04T19:06:41.433Z"}
{"level":"info","message":"TomTom routing prediction for hyderabad: 35 km/h, low congestion","timestamp":"2025-09-04T19:06:42.055Z"}
{"level":"info","message":"TomTom routing prediction for hyderabad: 40 km/h, low congestion","timestamp":"2025-09-04T19:06:43.074Z"}
{"level":"error","message":"Error generating traffic prediction for hyderabad:","timestamp":"2025-09-04T19:06:43.075Z"}
{"level":"error","message":"Full error details:","timestamp":"2025-09-04T19:06:43.075Z"}
{"level":"info","message":"Generating high-accuracy traffic prediction for hyderabad (17.385, 78.4867)","timestamp":"2025-09-04T19:06:43.195Z"}
{"level":"info","message":"TomTom routing prediction for hyderabad: 33 km/h, low congestion","timestamp":"2025-09-04T19:06:43.801Z"}
{"level":"info","message":"TomTom routing prediction for hyderabad: 35 km/h, low congestion","timestamp":"2025-09-04T19:06:44.583Z"}
{"level":"info","message":"TomTom routing prediction for hyderabad: 40 km/h, low congestion","timestamp":"2025-09-04T19:06:45.398Z"}
{"level":"error","message":"Error generating traffic prediction for hyderabad:","timestamp":"2025-09-04T19:06:45.399Z"}
{"level":"error","message":"Full error details:","timestamp":"2025-09-04T19:06:45.400Z"}
{"level":"info","message":"Generating high-accuracy traffic prediction for hyderabad (17.385, 78.4867)","timestamp":"2025-09-04T19:06:48.216Z"}
{"level":"info","message":"TomTom routing prediction for hyderabad: 33 km/h, low congestion","timestamp":"2025-09-04T19:06:48.884Z"}
{"level":"info","message":"TomTom routing prediction for hyderabad: 35 km/h, low congestion","timestamp":"2025-09-04T19:06:49.481Z"}
{"level":"info","message":"TomTom routing prediction for hyderabad: 40 km/h, low congestion","timestamp":"2025-09-04T19:06:50.480Z"}
{"level":"error","message":"Error generating traffic prediction for hyderabad:","timestamp":"2025-09-04T19:06:50.481Z"}
{"level":"error","message":"Full error details:","timestamp":"2025-09-04T19:06:50.481Z"}
{"level":"info","message":"Generating high-accuracy traffic prediction for hyderabad (17.385, 78.4867)","timestamp":"2025-09-04T19:06:53.235Z"}
{"level":"info","message":"TomTom routing prediction for hyderabad: 33 km/h, low congestion","timestamp":"2025-09-04T19:06:54.019Z"}
{"level":"info","message":"TomTom routing prediction for hyderabad: 35 km/h, low congestion","timestamp":"2025-09-04T19:06:54.618Z"}
{"level":"info","message":"TomTom routing prediction for hyderabad: 40 km/h, low congestion","timestamp":"2025-09-04T19:06:55.403Z"}
{"level":"error","message":"Error generating traffic prediction for hyderabad:","timestamp":"2025-09-04T19:06:55.404Z"}
{"level":"error","message":"Full error details:","timestamp":"2025-09-04T19:06:55.404Z"}
{"level":"info","message":"Generating high-accuracy traffic prediction for hyderabad (17.385, 78.4867)","timestamp":"2025-09-04T19:06:58.207Z"}
{"level":"info","message":"TomTom routing prediction for hyderabad: 33 km/h, low congestion","timestamp":"2025-09-04T19:06:58.954Z"}
{"level":"info","message":"TomTom routing prediction for hyderabad: 35 km/h, low congestion","timestamp":"2025-09-04T19:06:59.583Z"}
{"level":"info","message":"TomTom routing prediction for hyderabad: 40 km/h, low congestion","timestamp":"2025-09-04T19:07:00.418Z"}
{"level":"error","message":"Error generating traffic prediction for hyderabad:","timestamp":"2025-09-04T19:07:00.419Z"}
{"level":"error","message":"Full error details:","timestamp":"2025-09-04T19:07:00.419Z"}
{"level":"info","message":"Generating high-accuracy traffic prediction for hyderabad (17.385, 78.4867)","timestamp":"2025-09-04T19:07:03.199Z"}
{"level":"info","message":"TomTom routing prediction for hyderabad: 33 km/h, low congestion","timestamp":"2025-09-04T19:07:03.872Z"}
{"level":"info","message":"TomTom routing prediction for hyderabad: 35 km/h, low congestion","timestamp":"2025-09-04T19:07:04.542Z"}
{"level":"info","message":"TomTom routing prediction for hyderabad: 40 km/h, low congestion","timestamp":"2025-09-04T19:07:05.305Z"}
{"level":"error","message":"Error generating traffic prediction for hyderabad:","timestamp":"2025-09-04T19:07:05.306Z"}
{"level":"error","message":"Full error details:","timestamp":"2025-09-04T19:07:05.307Z"}
{"level":"info","message":"Returning cached live traffic data for hyderabad","timestamp":"2025-09-04T19:07:07.051Z"}
{"level":"info","message":"Returning cached live traffic data for hyderabad","timestamp":"2025-09-04T19:07:07.055Z"}
{"level":"info","message":"Fetching live traffic data for bangalore (12.9716, 77.5946)","timestamp":"2025-09-04T19:07:26.514Z"}
{"level":"warn","message":"Retry attempt 1 failed, retrying in 2000ms","timestamp":"2025-09-04T19:07:29.158Z"}
{"level":"warn","message":"Retry attempt 1 failed, retrying in 2000ms","timestamp":"2025-09-04T19:07:29.175Z"}
{"level":"warn","message":"Retry attempt 2 failed, retrying in 4000ms","timestamp":"2025-09-04T19:07:33.361Z"}
{"level":"warn","message":"Retry attempt 2 failed, retrying in 4000ms","timestamp":"2025-09-04T19:07:33.374Z"}
{"level":"error","message":"Error storing traffic incidents in database:","timestamp":"2025-09-04T19:07:33.587Z"}
{"level":"info","message":"Returning cached live traffic data for bangalore","timestamp":"2025-09-04T19:07:33.590Z"}
{"level":"info","message":"Returning cached live traffic data for bangalore","timestamp":"2025-09-04T19:07:33.592Z"}
{"level":"info","message":"Fetching live traffic data for bangalore (12.9716, 77.5946)","timestamp":"2025-09-04T19:08:06.519Z"}
{"level":"warn","message":"Retry attempt 1 failed, retrying in 2000ms","timestamp":"2025-09-04T19:08:09.202Z"}
{"level":"warn","message":"Retry attempt 1 failed, retrying in 2000ms","timestamp":"2025-09-04T19:08:09.215Z"}
{"level":"warn","message":"Retry attempt 2 failed, retrying in 4000ms","timestamp":"2025-09-04T19:08:13.407Z"}
{"level":"warn","message":"Retry attempt 2 failed, retrying in 4000ms","timestamp":"2025-09-04T19:08:13.414Z"}
{"level":"error","message":"Error storing traffic incidents in database:","timestamp":"2025-09-04T19:08:13.621Z"}
{"level":"info","message":"Returning cached live traffic data for bangalore","timestamp":"2025-09-04T19:08:13.624Z"}
{"level":"info","message":"Returning cached live traffic data for bangalore","timestamp":"2025-09-04T19:08:46.520Z"}
{"level":"info","message":"Fetching live traffic data for mumbai (19.076, 72.8777)","timestamp":"2025-09-04T19:09:12.211Z"}
{"level":"warn","message":"Retry attempt 1 failed, retrying in 2000ms","timestamp":"2025-09-04T19:09:14.976Z"}
{"level":"warn","message":"Retry attempt 1 failed, retrying in 2000ms","timestamp":"2025-09-04T19:09:15.000Z"}
{"level":"warn","message":"Retry attempt 2 failed, retrying in 4000ms","timestamp":"2025-09-04T19:09:19.183Z"}
{"level":"warn","message":"Retry attempt 2 failed, retrying in 4000ms","timestamp":"2025-09-04T19:09:19.197Z"}
{"level":"error","message":"Error storing traffic incidents in database:","timestamp":"2025-09-04T19:09:19.406Z"}
{"level":"info","message":"Returning cached live traffic data for mumbai","timestamp":"2025-09-04T19:09:19.409Z"}
{"level":"info","message":"Returning cached live traffic data for mumbai","timestamp":"2025-09-04T19:09:19.412Z"}
{"level":"info","message":"Returning cached live traffic data for mumbai","timestamp":"2025-09-04T19:09:19.415Z"}
{"level":"info","message":"Returning cached live traffic data for mumbai","timestamp":"2025-09-04T19:09:19.420Z"}
{"level":"info","message":"Fetching live traffic data for kolkata (22.5726, 88.3639)","timestamp":"2025-09-04T19:09:23.960Z"}
{"level":"warn","message":"Retry attempt 1 failed, retrying in 2000ms","timestamp":"2025-09-04T19:09:26.159Z"}
{"level":"warn","message":"Retry attempt 1 failed, retrying in 2000ms","timestamp":"2025-09-04T19:09:26.175Z"}
{"level":"warn","message":"Retry attempt 2 failed, retrying in 4000ms","timestamp":"2025-09-04T19:09:30.361Z"}
{"level":"warn","message":"Retry attempt 2 failed, retrying in 4000ms","timestamp":"2025-09-04T19:09:30.369Z"}
{"level":"error","message":"Error storing traffic incidents in database:","timestamp":"2025-09-04T19:09:30.704Z"}
{"level":"info","message":"Returning cached live traffic data for kolkata","timestamp":"2025-09-04T19:09:30.707Z"}
{"level":"info","message":"Returning cached live traffic data for kolkata","timestamp":"2025-09-04T19:09:30.710Z"}
{"level":"info","message":"Generating high-accuracy traffic prediction for kolkata (22.5726, 88.3639)","timestamp":"2025-09-04T19:09:34.374Z"}
{"level":"info","message":"TomTom routing prediction for kolkata: 27 km/h, low congestion","timestamp":"2025-09-04T19:09:34.739Z"}
{"level":"info","message":"TomTom routing prediction for kolkata: 26 km/h, low congestion","timestamp":"2025-09-04T19:09:35.089Z"}
{"level":"info","message":"TomTom routing prediction for kolkata: 30 km/h, low congestion","timestamp":"2025-09-04T19:09:36.587Z"}
{"level":"error","message":"Error generating traffic prediction for kolkata:","timestamp":"2025-09-04T19:09:36.588Z"}
{"level":"error","message":"Full error details:","timestamp":"2025-09-04T19:09:36.588Z"}
{"level":"info","message":"Generating high-accuracy traffic prediction for kolkata (22.5726, 88.3639)","timestamp":"2025-09-04T19:09:36.591Z"}
{"level":"info","message":"TomTom routing prediction for kolkata: 27 km/h, low congestion","timestamp":"2025-09-04T19:09:36.944Z"}
{"level":"info","message":"TomTom routing prediction for kolkata: 26 km/h, low congestion","timestamp":"2025-09-04T19:09:37.307Z"}
{"level":"info","message":"TomTom routing prediction for kolkata: 30 km/h, low congestion","timestamp":"2025-09-04T19:09:38.830Z"}
{"level":"error","message":"Error generating traffic prediction for kolkata:","timestamp":"2025-09-04T19:09:38.831Z"}
{"level":"error","message":"Full error details:","timestamp":"2025-09-04T19:09:38.833Z"}
{"level":"info","message":"Generating high-accuracy traffic prediction for kolkata (22.5726, 88.3639)","timestamp":"2025-09-04T19:09:39.306Z"}
{"level":"info","message":"TomTom routing prediction for kolkata: 27 km/h, low congestion","timestamp":"2025-09-04T19:09:39.706Z"}
{"level":"info","message":"TomTom routing prediction for kolkata: 26 km/h, low congestion","timestamp":"2025-09-04T19:09:40.071Z"}
{"level":"info","message":"TomTom routing prediction for kolkata: 30 km/h, low congestion","timestamp":"2025-09-04T19:09:41.540Z"}
{"level":"error","message":"Error generating traffic prediction for kolkata:","timestamp":"2025-09-04T19:09:41.540Z"}
{"level":"error","message":"Full error details:","timestamp":"2025-09-04T19:09:41.541Z"}
{"level":"info","message":"Generating high-accuracy traffic prediction for kolkata (22.5726, 88.3639)","timestamp":"2025-09-04T19:09:44.307Z"}
{"level":"info","message":"TomTom routing prediction for kolkata: 27 km/h, low congestion","timestamp":"2025-09-04T19:09:44.687Z"}
{"level":"info","message":"TomTom routing prediction for kolkata: 26 km/h, low congestion","timestamp":"2025-09-04T19:09:45.035Z"}
{"level":"info","message":"TomTom routing prediction for kolkata: 30 km/h, low congestion","timestamp":"2025-09-04T19:09:46.516Z"}
{"level":"error","message":"Error generating traffic prediction for kolkata:","timestamp":"2025-09-04T19:09:46.517Z"}
{"level":"error","message":"Full error details:","timestamp":"2025-09-04T19:09:46.517Z"}
{"level":"info","message":"Fetching historical traffic data for kolkata","timestamp":"2025-09-04T19:09:47.375Z"}
{"level":"error","message":"Error fetching historical traffic data for kolkata:","timestamp":"2025-09-04T19:09:47.381Z"}
{"level":"info","message":"Fetching historical traffic data for kolkata","timestamp":"2025-09-04T19:09:47.384Z"}
{"level":"error","message":"Error fetching historical traffic data for kolkata:","timestamp":"2025-09-04T19:09:47.387Z"}
{"level":"info","message":"Fetching historical traffic data for kolkata","timestamp":"2025-09-04T19:09:52.358Z"}
{"level":"error","message":"Error fetching historical traffic data for kolkata:","timestamp":"2025-09-04T19:09:52.361Z"}
{"level":"info","message":"Generating high-accuracy traffic prediction for kolkata (22.5726, 88.3639)","timestamp":"2025-09-04T19:09:54.349Z"}
{"level":"info","message":"TomTom routing prediction for kolkata: 27 km/h, low congestion","timestamp":"2025-09-04T19:09:56.220Z"}
{"level":"info","message":"TomTom routing prediction for kolkata: 26 km/h, low congestion","timestamp":"2025-09-04T19:09:56.600Z"}
{"level":"info","message":"TomTom routing prediction for kolkata: 30 km/h, low congestion","timestamp":"2025-09-04T19:09:58.050Z"}
{"level":"error","message":"Error generating traffic prediction for kolkata:","timestamp":"2025-09-04T19:09:58.051Z"}
{"level":"error","message":"Full error details:","timestamp":"2025-09-04T19:09:58.051Z"}
{"level":"info","message":"Generating high-accuracy traffic prediction for kolkata (22.5726, 88.3639)","timestamp":"2025-09-04T19:09:58.054Z"}
{"level":"info","message":"TomTom routing prediction for kolkata: 27 km/h, low congestion","timestamp":"2025-09-04T19:09:58.419Z"}
{"level":"info","message":"TomTom routing prediction for kolkata: 26 km/h, low congestion","timestamp":"2025-09-04T19:09:58.765Z"}
{"level":"info","message":"TomTom routing prediction for kolkata: 30 km/h, low congestion","timestamp":"2025-09-04T19:10:00.197Z"}
{"level":"error","message":"Error generating traffic prediction for kolkata:","timestamp":"2025-09-04T19:10:00.198Z"}
{"level":"error","message":"Full error details:","timestamp":"2025-09-04T19:10:00.198Z"}
{"level":"info","message":"Generating high-accuracy traffic prediction for kolkata (22.5726, 88.3639)","timestamp":"2025-09-04T19:10:00.201Z"}
{"level":"info","message":"TomTom routing prediction for kolkata: 27 km/h, low congestion","timestamp":"2025-09-04T19:10:00.574Z"}
{"level":"info","message":"TomTom routing prediction for kolkata: 26 km/h, low congestion","timestamp":"2025-09-04T19:10:00.931Z"}
{"level":"info","message":"TomTom routing prediction for kolkata: 30 km/h, low congestion","timestamp":"2025-09-04T19:10:02.267Z"}
{"level":"error","message":"Error generating traffic prediction for kolkata:","timestamp":"2025-09-04T19:10:02.268Z"}
{"level":"error","message":"Full error details:","timestamp":"2025-09-04T19:10:02.268Z"}
{"level":"info","message":"Generating high-accuracy traffic prediction for kolkata (22.5726, 88.3639)","timestamp":"2025-09-04T19:10:04.310Z"}
{"level":"info","message":"TomTom routing prediction for kolkata: 27 km/h, low congestion","timestamp":"2025-09-04T19:10:04.784Z"}
{"level":"info","message":"TomTom routing prediction for kolkata: 26 km/h, low congestion","timestamp":"2025-09-04T19:10:05.173Z"}
{"level":"info","message":"TomTom routing prediction for kolkata: 30 km/h, low congestion","timestamp":"2025-09-04T19:10:06.440Z"}
{"level":"error","message":"Error generating traffic prediction for kolkata:","timestamp":"2025-09-04T19:10:06.441Z"}
{"level":"error","message":"Full error details:","timestamp":"2025-09-04T19:10:06.441Z"}
{"level":"info","message":"Generating high-accuracy traffic prediction for kolkata (22.5726, 88.3639)","timestamp":"2025-09-04T19:10:09.306Z"}
{"level":"info","message":"TomTom routing prediction for kolkata: 27 km/h, low congestion","timestamp":"2025-09-04T19:10:09.716Z"}
{"level":"info","message":"TomTom routing prediction for kolkata: 26 km/h, low congestion","timestamp":"2025-09-04T19:10:10.068Z"}
{"level":"info","message":"TomTom routing prediction for kolkata: 30 km/h, low congestion","timestamp":"2025-09-04T19:10:11.564Z"}
{"level":"error","message":"Error generating traffic prediction for kolkata:","timestamp":"2025-09-04T19:10:11.564Z"}
{"level":"error","message":"Full error details:","timestamp":"2025-09-04T19:10:11.565Z"}
{"level":"info","message":"Generating high-accuracy traffic prediction for kolkata (22.5726, 88.3639)","timestamp":"2025-09-04T19:10:14.311Z"}
{"level":"info","message":"TomTom routing prediction for kolkata: 27 km/h, low congestion","timestamp":"2025-09-04T19:10:14.667Z"}
{"level":"info","message":"TomTom routing prediction for kolkata: 26 km/h, low congestion","timestamp":"2025-09-04T19:10:15.024Z"}
{"level":"info","message":"TomTom routing prediction for kolkata: 30 km/h, low congestion","timestamp":"2025-09-04T19:10:16.586Z"}
{"level":"error","message":"Error generating traffic prediction for kolkata:","timestamp":"2025-09-04T19:10:16.587Z"}
{"level":"error","message":"Full error details:","timestamp":"2025-09-04T19:10:16.587Z"}
{"level":"info","message":"Generating high-accuracy traffic prediction for kolkata (22.5726, 88.3639)","timestamp":"2025-09-04T19:10:19.307Z"}
{"level":"info","message":"TomTom routing prediction for kolkata: 27 km/h, low congestion","timestamp":"2025-09-04T19:10:19.672Z"}
{"level":"info","message":"TomTom routing prediction for kolkata: 26 km/h, low congestion","timestamp":"2025-09-04T19:10:20.024Z"}
{"level":"info","message":"TomTom routing prediction for kolkata: 30 km/h, low congestion","timestamp":"2025-09-04T19:10:21.598Z"}
{"level":"error","message":"Error generating traffic prediction for kolkata:","timestamp":"2025-09-04T19:10:21.599Z"}
{"level":"error","message":"Full error details:","timestamp":"2025-09-04T19:10:21.599Z"}
{"level":"info","message":"Generating high-accuracy traffic prediction for kolkata (22.5726, 88.3639)","timestamp":"2025-09-04T19:10:24.363Z"}
{"level":"info","message":"TomTom routing prediction for kolkata: 27 km/h, low congestion","timestamp":"2025-09-04T19:10:24.872Z"}
{"level":"info","message":"TomTom routing prediction for kolkata: 26 km/h, low congestion","timestamp":"2025-09-04T19:10:25.250Z"}
{"level":"info","message":"TomTom routing prediction for kolkata: 30 km/h, low congestion","timestamp":"2025-09-04T19:10:26.787Z"}
{"level":"error","message":"Error generating traffic prediction for kolkata:","timestamp":"2025-09-04T19:10:26.788Z"}
{"level":"error","message":"Full error details:","timestamp":"2025-09-04T19:10:26.788Z"}
{"level":"info","message":"Generating high-accuracy traffic prediction for kolkata (22.5726, 88.3639)","timestamp":"2025-09-04T19:10:29.306Z"}
{"level":"info","message":"TomTom routing prediction for kolkata: 27 km/h, low congestion","timestamp":"2025-09-04T19:10:29.657Z"}
{"level":"info","message":"TomTom routing prediction for kolkata: 26 km/h, low congestion","timestamp":"2025-09-04T19:10:30.064Z"}
{"level":"info","message":"TomTom routing prediction for kolkata: 30 km/h, low congestion","timestamp":"2025-09-04T19:10:31.604Z"}
{"level":"error","message":"Error generating traffic prediction for kolkata:","timestamp":"2025-09-04T19:10:31.610Z"}
{"level":"error","message":"Full error details:","timestamp":"2025-09-04T19:10:31.611Z"}
{"level":"info","message":"Generating high-accuracy traffic prediction for kolkata (22.5726, 88.3639)","timestamp":"2025-09-04T19:10:34.334Z"}
{"level":"info","message":"TomTom routing prediction for kolkata: 27 km/h, low congestion","timestamp":"2025-09-04T19:10:34.683Z"}
{"level":"info","message":"TomTom routing prediction for kolkata: 26 km/h, low congestion","timestamp":"2025-09-04T19:10:35.034Z"}
{"level":"info","message":"TomTom routing prediction for kolkata: 30 km/h, low congestion","timestamp":"2025-09-04T19:10:36.350Z"}
{"level":"error","message":"Error generating traffic prediction for kolkata:","timestamp":"2025-09-04T19:10:36.351Z"}
{"level":"error","message":"Full error details:","timestamp":"2025-09-04T19:10:36.351Z"}
{"level":"info","message":"Generating high-accuracy traffic prediction for kolkata (22.5726, 88.3639)","timestamp":"2025-09-04T19:10:39.309Z"}
{"level":"info","message":"TomTom routing prediction for kolkata: 27 km/h, low congestion","timestamp":"2025-09-04T19:10:39.657Z"}
{"level":"info","message":"TomTom routing prediction for kolkata: 26 km/h, low congestion","timestamp":"2025-09-04T19:10:40.066Z"}
{"level":"info","message":"TomTom routing prediction for kolkata: 30 km/h, low congestion","timestamp":"2025-09-04T19:10:41.404Z"}
{"level":"error","message":"Error generating traffic prediction for kolkata:","timestamp":"2025-09-04T19:10:41.405Z"}
{"level":"error","message":"Full error details:","timestamp":"2025-09-04T19:10:41.405Z"}
{"level":"info","message":"Generating high-accuracy traffic prediction for kolkata (22.5726, 88.3639)","timestamp":"2025-09-04T19:10:44.310Z"}
{"level":"info","message":"TomTom routing prediction for kolkata: 27 km/h, low congestion","timestamp":"2025-09-04T19:10:44.764Z"}
{"level":"info","message":"TomTom routing prediction for kolkata: 26 km/h, low congestion","timestamp":"2025-09-04T19:10:45.188Z"}
{"level":"info","message":"TomTom routing prediction for kolkata: 30 km/h, low congestion","timestamp":"2025-09-04T19:10:46.524Z"}
{"level":"error","message":"Error generating traffic prediction for kolkata:","timestamp":"2025-09-04T19:10:46.524Z"}
{"level":"error","message":"Full error details:","timestamp":"2025-09-04T19:10:46.524Z"}
{"level":"info","message":"Generating high-accuracy traffic prediction for kolkata (22.5726, 88.3639)","timestamp":"2025-09-04T19:10:49.305Z"}
{"level":"info","message":"TomTom routing prediction for kolkata: 27 km/h, low congestion","timestamp":"2025-09-04T19:10:49.657Z"}
{"level":"info","message":"TomTom routing prediction for kolkata: 26 km/h, low congestion","timestamp":"2025-09-04T19:10:50.016Z"}
{"level":"info","message":"TomTom routing prediction for kolkata: 30 km/h, low congestion","timestamp":"2025-09-04T19:10:51.423Z"}
{"level":"error","message":"Error generating traffic prediction for kolkata:","timestamp":"2025-09-04T19:10:51.424Z"}
{"level":"error","message":"Full error details:","timestamp":"2025-09-04T19:10:51.424Z"}
{"level":"info","message":"Generating high-accuracy traffic prediction for kolkata (22.5726, 88.3639)","timestamp":"2025-09-04T19:10:54.332Z"}
{"level":"info","message":"TomTom routing prediction for kolkata: 27 km/h, low congestion","timestamp":"2025-09-04T19:10:54.719Z"}
{"level":"info","message":"TomTom routing prediction for kolkata: 26 km/h, low congestion","timestamp":"2025-09-04T19:10:55.133Z"}
{"level":"info","message":"TomTom routing prediction for kolkata: 30 km/h, low congestion","timestamp":"2025-09-04T19:10:56.469Z"}
{"level":"error","message":"Error generating traffic prediction for kolkata:","timestamp":"2025-09-04T19:10:56.470Z"}
{"level":"error","message":"Full error details:","timestamp":"2025-09-04T19:10:56.470Z"}
{"level":"info","message":"Generating high-accuracy traffic prediction for kolkata (22.5726, 88.3639)","timestamp":"2025-09-04T19:10:59.343Z"}
{"level":"info","message":"TomTom routing prediction for kolkata: 27 km/h, low congestion","timestamp":"2025-09-04T19:10:59.718Z"}
{"level":"info","message":"TomTom routing prediction for kolkata: 26 km/h, low congestion","timestamp":"2025-09-04T19:11:00.148Z"}
{"level":"info","message":"TomTom routing prediction for kolkata: 30 km/h, low congestion","timestamp":"2025-09-04T19:11:01.623Z"}
{"level":"error","message":"Error generating traffic prediction for kolkata:","timestamp":"2025-09-04T19:11:01.626Z"}
{"level":"error","message":"Full error details:","timestamp":"2025-09-04T19:11:01.626Z"}
{"level":"info","message":"Generating high-accuracy traffic prediction for kolkata (22.5726, 88.3639)","timestamp":"2025-09-04T19:11:04.377Z"}
{"level":"info","message":"TomTom routing prediction for kolkata: 27 km/h, low congestion","timestamp":"2025-09-04T19:11:04.825Z"}
{"level":"info","message":"TomTom routing prediction for kolkata: 26 km/h, low congestion","timestamp":"2025-09-04T19:11:05.186Z"}
{"level":"info","message":"TomTom routing prediction for kolkata: 30 km/h, low congestion","timestamp":"2025-09-04T19:11:06.843Z"}
{"level":"error","message":"Error generating traffic prediction for kolkata:","timestamp":"2025-09-04T19:11:06.843Z"}
{"level":"error","message":"Full error details:","timestamp":"2025-09-04T19:11:06.843Z"}
{"level":"info","message":"Generating high-accuracy traffic prediction for kolkata (22.5726, 88.3639)","timestamp":"2025-09-04T19:11:09.305Z"}
{"level":"info","message":"TomTom routing prediction for kolkata: 27 km/h, low congestion","timestamp":"2025-09-04T19:11:09.660Z"}
{"level":"info","message":"TomTom routing prediction for kolkata: 26 km/h, low congestion","timestamp":"2025-09-04T19:11:10.003Z"}
{"level":"info","message":"TomTom routing prediction for kolkata: 30 km/h, low congestion","timestamp":"2025-09-04T19:11:11.297Z"}
{"level":"error","message":"Error generating traffic prediction for kolkata:","timestamp":"2025-09-04T19:11:11.297Z"}
{"level":"error","message":"Full error details:","timestamp":"2025-09-04T19:11:11.298Z"}
{"level":"info","message":"Generating high-accuracy traffic prediction for kolkata (22.5726, 88.3639)","timestamp":"2025-09-04T19:11:14.423Z"}
{"level":"info","message":"TomTom routing prediction for kolkata: 27 km/h, low congestion","timestamp":"2025-09-04T19:11:15.218Z"}
{"level":"info","message":"TomTom routing prediction for kolkata: 26 km/h, low congestion","timestamp":"2025-09-04T19:11:15.588Z"}
{"level":"info","message":"TomTom routing prediction for kolkata: 30 km/h, low congestion","timestamp":"2025-09-04T19:11:16.982Z"}
{"level":"error","message":"Error generating traffic prediction for kolkata:","timestamp":"2025-09-04T19:11:16.983Z"}
{"level":"error","message":"Full error details:","timestamp":"2025-09-04T19:11:16.983Z"}
{"level":"info","message":"Generating high-accuracy traffic prediction for kolkata (22.5726, 88.3639)","timestamp":"2025-09-04T19:11:19.379Z"}
{"level":"info","message":"TomTom routing prediction for kolkata: 27 km/h, low congestion","timestamp":"2025-09-04T19:11:19.867Z"}
{"level":"info","message":"TomTom routing prediction for kolkata: 26 km/h, low congestion","timestamp":"2025-09-04T19:11:20.268Z"}
{"level":"info","message":"TomTom routing prediction for kolkata: 30 km/h, low congestion","timestamp":"2025-09-04T19:11:21.676Z"}
{"level":"error","message":"Error generating traffic prediction for kolkata:","timestamp":"2025-09-04T19:11:21.681Z"}
{"level":"error","message":"Full error details:","timestamp":"2025-09-04T19:11:21.682Z"}
{"level":"info","message":"Generating high-accuracy traffic prediction for kolkata (22.5726, 88.3639)","timestamp":"2025-09-04T19:11:22.244Z"}
{"level":"info","message":"TomTom routing prediction for kolkata: 27 km/h, low congestion","timestamp":"2025-09-04T19:11:22.658Z"}
{"level":"info","message":"TomTom routing prediction for kolkata: 26 km/h, low congestion","timestamp":"2025-09-04T19:11:23.004Z"}
{"level":"info","message":"TomTom routing prediction for kolkata: 30 km/h, low congestion","timestamp":"2025-09-04T19:11:24.379Z"}
{"level":"error","message":"Error generating traffic prediction for kolkata:","timestamp":"2025-09-04T19:11:24.380Z"}
{"level":"error","message":"Full error details:","timestamp":"2025-09-04T19:11:24.380Z"}
{"level":"info","message":"Generating high-accuracy traffic prediction for kolkata (22.5726, 88.3639)","timestamp":"2025-09-04T19:11:24.388Z"}
{"level":"info","message":"TomTom routing prediction for kolkata: 27 km/h, low congestion","timestamp":"2025-09-04T19:11:24.761Z"}
{"level":"info","message":"TomTom routing prediction for kolkata: 26 km/h, low congestion","timestamp":"2025-09-04T19:11:25.110Z"}
{"level":"info","message":"TomTom routing prediction for kolkata: 30 km/h, low congestion","timestamp":"2025-09-04T19:11:26.467Z"}
{"level":"error","message":"Error generating traffic prediction for kolkata:","timestamp":"2025-09-04T19:11:26.469Z"}
{"level":"error","message":"Full error details:","timestamp":"2025-09-04T19:11:26.469Z"}
{"level":"info","message":"Fetching live traffic data for mumbai (19.076, 72.8777)","timestamp":"2025-09-04T19:11:34.206Z"}
{"level":"warn","message":"Retry attempt 1 failed, retrying in 2000ms","timestamp":"2025-09-04T19:11:36.961Z"}
{"level":"warn","message":"Retry attempt 1 failed, retrying in 2000ms","timestamp":"2025-09-04T19:11:37.005Z"}
{"level":"info","message":"Fetching live traffic data for mumbai (19.076, 72.8777)","timestamp":"2025-09-04T19:11:37.520Z"}
{"level":"warn","message":"Retry attempt 1 failed, retrying in 2000ms","timestamp":"2025-09-04T19:11:39.726Z"}
{"level":"warn","message":"Retry attempt 1 failed, retrying in 2000ms","timestamp":"2025-09-04T19:11:39.728Z"}
{"level":"warn","message":"Retry attempt 2 failed, retrying in 4000ms","timestamp":"2025-09-04T19:11:41.332Z"}
{"level":"warn","message":"Retry attempt 2 failed, retrying in 4000ms","timestamp":"2025-09-04T19:11:41.358Z"}
{"level":"error","message":"Error storing traffic incidents in database:","timestamp":"2025-09-04T19:11:41.644Z"}
{"level":"warn","message":"Retry attempt 2 failed, retrying in 4000ms","timestamp":"2025-09-04T19:11:43.941Z"}
{"level":"warn","message":"Retry attempt 2 failed, retrying in 4000ms","timestamp":"2025-09-04T19:11:43.946Z"}
{"level":"error","message":"Error storing traffic incidents in database:","timestamp":"2025-09-04T19:11:44.177Z"}
{"level":"info","message":"Returning cached live traffic data for mumbai","timestamp":"2025-09-04T19:12:35.308Z"}
{"level":"info","message":"Returning cached live traffic data for mumbai","timestamp":"2025-09-04T19:12:35.312Z"}
{"level":"info","message":"Returning cached live traffic data for mumbai","timestamp":"2025-09-04T19:12:35.316Z"}
{"level":"info","message":"Returning cached live traffic data for mumbai","timestamp":"2025-09-04T19:12:35.318Z"}
{"level":"info","message":"Generating high-accuracy traffic prediction for mumbai (19.076, 72.8777)","timestamp":"2025-09-04T19:12:45.637Z"}
{"level":"info","message":"TomTom routing prediction for mumbai: 32 km/h, low congestion","timestamp":"2025-09-04T19:12:46.607Z"}
{"level":"info","message":"TomTom routing prediction for mumbai: 27 km/h, low congestion","timestamp":"2025-09-04T19:12:47.314Z"}
{"level":"info","message":"TomTom routing prediction for mumbai: 17 km/h, low congestion","timestamp":"2025-09-04T19:12:47.641Z"}
{"level":"error","message":"Error generating traffic prediction for mumbai:","timestamp":"2025-09-04T19:12:47.642Z"}
{"level":"error","message":"Full error details:","timestamp":"2025-09-04T19:12:47.642Z"}
{"level":"info","message":"Generating high-accuracy traffic prediction for mumbai (19.076, 72.8777)","timestamp":"2025-09-04T19:12:47.645Z"}
{"level":"info","message":"TomTom routing prediction for mumbai: 32 km/h, low congestion","timestamp":"2025-09-04T19:12:48.131Z"}
{"level":"info","message":"TomTom routing prediction for mumbai: 27 km/h, low congestion","timestamp":"2025-09-04T19:12:48.700Z"}
{"level":"info","message":"TomTom routing prediction for mumbai: 17 km/h, low congestion","timestamp":"2025-09-04T19:12:49.004Z"}
{"level":"error","message":"Error generating traffic prediction for mumbai:","timestamp":"2025-09-04T19:12:49.005Z"}
{"level":"error","message":"Full error details:","timestamp":"2025-09-04T19:12:49.005Z"}
{"level":"info","message":"Generating high-accuracy traffic prediction for mumbai (19.076, 72.8777)","timestamp":"2025-09-04T19:16:15.244Z"}
{"level":"info","message":"TomTom routing prediction for mumbai: 32 km/h, low congestion","timestamp":"2025-09-04T19:16:16.236Z"}
{"level":"info","message":"TomTom routing prediction for mumbai: 27 km/h, low congestion","timestamp":"2025-09-04T19:16:17.033Z"}
{"level":"info","message":"TomTom routing prediction for mumbai: 17 km/h, low congestion","timestamp":"2025-09-04T19:16:17.351Z"}
{"level":"error","message":"Error generating traffic prediction for mumbai:","timestamp":"2025-09-04T19:16:17.353Z"}
{"level":"error","message":"Full error details:","timestamp":"2025-09-04T19:16:17.353Z"}
{"level":"info","message":"Generating high-accuracy traffic prediction for mumbai (19.076, 72.8777)","timestamp":"2025-09-04T19:16:17.360Z"}
{"level":"info","message":"TomTom routing prediction for mumbai: 32 km/h, low congestion","timestamp":"2025-09-04T19:16:17.773Z"}
{"level":"info","message":"TomTom routing prediction for mumbai: 27 km/h, low congestion","timestamp":"2025-09-04T19:16:18.409Z"}
{"level":"info","message":"TomTom routing prediction for mumbai: 17 km/h, low congestion","timestamp":"2025-09-04T19:16:18.714Z"}
{"level":"error","message":"Error generating traffic prediction for mumbai:","timestamp":"2025-09-04T19:16:18.715Z"}
{"level":"error","message":"Full error details:","timestamp":"2025-09-04T19:16:18.715Z"}
{"level":"info","message":"Fetching live traffic data for mumbai (19.076, 72.8777)","timestamp":"2025-09-04T19:19:28.597Z"}
{"level":"warn","message":"Retry attempt 1 failed, retrying in 2000ms","timestamp":"2025-09-04T19:19:31.469Z"}
{"level":"warn","message":"Retry attempt 1 failed, retrying in 2000ms","timestamp":"2025-09-04T19:19:31.472Z"}
{"level":"warn","message":"Retry attempt 2 failed, retrying in 4000ms","timestamp":"2025-09-04T19:19:35.665Z"}
{"level":"warn","message":"Retry attempt 2 failed, retrying in 4000ms","timestamp":"2025-09-04T19:19:35.667Z"}
{"level":"error","message":"Error storing traffic incidents in database:","timestamp":"2025-09-04T19:19:35.894Z"}
{"level":"info","message":"Returning cached live traffic data for mumbai","timestamp":"2025-09-04T19:19:35.897Z"}
{"level":"info","message":"Returning cached live traffic data for mumbai","timestamp":"2025-09-04T19:19:35.901Z"}
{"level":"info","message":"Returning cached live traffic data for mumbai","timestamp":"2025-09-04T19:19:35.902Z"}
{"level":"info","message":"Returning cached live traffic data for mumbai","timestamp":"2025-09-04T19:19:35.903Z"}
{"level":"info","message":"Returning cached live traffic data for mumbai","timestamp":"2025-09-04T19:20:08.505Z"}
{"level":"info","message":"Returning cached live traffic data for mumbai","timestamp":"2025-09-04T19:20:30.168Z"}
{"level":"info","message":"Returning cached live traffic data for mumbai","timestamp":"2025-09-04T19:20:30.171Z"}
{"level":"info","message":"Generating high-accuracy traffic prediction for mumbai (19.076, 72.8777)","timestamp":"2025-09-04T19:20:45.179Z"}
{"level":"warn","message":"Real-time traffic data unavailable for mumbai:","timestamp":"2025-09-04T19:20:45.847Z"}
{"level":"error","message":"Error generating traffic prediction for mumbai:","timestamp":"2025-09-04T19:20:45.847Z"}
{"level":"info","message":"Generating high-accuracy traffic prediction for mumbai (19.076, 72.8777)","timestamp":"2025-09-04T19:20:45.849Z"}
{"level":"warn","message":"Real-time traffic data unavailable for mumbai:","timestamp":"2025-09-04T19:20:46.055Z"}
{"level":"error","message":"Error generating traffic prediction for mumbai:","timestamp":"2025-09-04T19:20:46.055Z"}
{"level":"info","message":"Generating high-accuracy traffic prediction for mumbai (19.076, 72.8777)","timestamp":"2025-09-04T19:20:50.151Z"}
{"level":"warn","message":"Real-time traffic data unavailable for mumbai:","timestamp":"2025-09-04T19:20:50.361Z"}
{"level":"error","message":"Error generating traffic prediction for mumbai:","timestamp":"2025-09-04T19:20:50.361Z"}
{"level":"info","message":"Generating high-accuracy traffic prediction for mumbai (19.076, 72.8777)","timestamp":"2025-09-04T19:20:55.144Z"}
{"level":"warn","message":"Real-time traffic data unavailable for mumbai:","timestamp":"2025-09-04T19:20:55.885Z"}
{"level":"error","message":"Error generating traffic prediction for mumbai:","timestamp":"2025-09-04T19:20:55.885Z"}
{"level":"info","message":"Generating high-accuracy traffic prediction for mumbai (19.076, 72.8777)","timestamp":"2025-09-04T19:21:00.145Z"}
{"level":"warn","message":"Real-time traffic data unavailable for mumbai:","timestamp":"2025-09-04T19:21:00.360Z"}
{"level":"error","message":"Error generating traffic prediction for mumbai:","timestamp":"2025-09-04T19:21:00.360Z"}
{"level":"info","message":"Generating high-accuracy traffic prediction for mumbai (19.076, 72.8777)","timestamp":"2025-09-04T19:21:05.150Z"}
{"level":"warn","message":"Real-time traffic data unavailable for mumbai:","timestamp":"2025-09-04T19:21:05.357Z"}
{"level":"error","message":"Error generating traffic prediction for mumbai:","timestamp":"2025-09-04T19:21:05.357Z"}
{"level":"info","message":"Generating high-accuracy traffic prediction for mumbai (19.076, 72.8777)","timestamp":"2025-09-04T19:21:10.145Z"}
{"level":"warn","message":"Real-time traffic data unavailable for mumbai:","timestamp":"2025-09-04T19:21:10.356Z"}
{"level":"error","message":"Error generating traffic prediction for mumbai:","timestamp":"2025-09-04T19:21:10.357Z"}
{"level":"info","message":"Generating high-accuracy traffic prediction for mumbai (19.076, 72.8777)","timestamp":"2025-09-04T19:21:15.143Z"}
{"level":"warn","message":"Real-time traffic data unavailable for mumbai:","timestamp":"2025-09-04T19:21:15.348Z"}
{"level":"error","message":"Error generating traffic prediction for mumbai:","timestamp":"2025-09-04T19:21:15.348Z"}
{"level":"info","message":"Generating high-accuracy traffic prediction for mumbai (19.076, 72.8777)","timestamp":"2025-09-04T19:21:20.144Z"}
{"level":"warn","message":"Real-time traffic data unavailable for mumbai:","timestamp":"2025-09-04T19:21:20.359Z"}
{"level":"error","message":"Error generating traffic prediction for mumbai:","timestamp":"2025-09-04T19:21:20.359Z"}
{"level":"info","message":"Generating high-accuracy traffic prediction for mumbai (19.076, 72.8777)","timestamp":"2025-09-04T19:21:25.146Z"}
{"level":"warn","message":"Real-time traffic data unavailable for mumbai:","timestamp":"2025-09-04T19:21:25.359Z"}
{"level":"error","message":"Error generating traffic prediction for mumbai:","timestamp":"2025-09-04T19:21:25.359Z"}
{"level":"info","message":"Generating high-accuracy traffic prediction for mumbai (19.076, 72.8777)","timestamp":"2025-09-04T19:21:30.146Z"}
{"level":"warn","message":"Real-time traffic data unavailable for mumbai:","timestamp":"2025-09-04T19:21:30.385Z"}
{"level":"error","message":"Error generating traffic prediction for mumbai:","timestamp":"2025-09-04T19:21:30.385Z"}
{"level":"info","message":"Generating high-accuracy traffic prediction for mumbai (19.076, 72.8777)","timestamp":"2025-09-04T19:21:35.150Z"}
{"level":"warn","message":"Real-time traffic data unavailable for mumbai:","timestamp":"2025-09-04T19:21:35.347Z"}
{"level":"error","message":"Error generating traffic prediction for mumbai:","timestamp":"2025-09-04T19:21:35.348Z"}
{"level":"info","message":"Generating high-accuracy traffic prediction for mumbai (19.076, 72.8777)","timestamp":"2025-09-04T19:21:40.139Z"}
{"level":"warn","message":"Real-time traffic data unavailable for mumbai:","timestamp":"2025-09-04T19:21:40.352Z"}
{"level":"error","message":"Error generating traffic prediction for mumbai:","timestamp":"2025-09-04T19:21:40.353Z"}
{"level":"info","message":"Generating high-accuracy traffic prediction for mumbai (19.076, 72.8777)","timestamp":"2025-09-04T19:21:45.143Z"}
{"level":"warn","message":"Real-time traffic data unavailable for mumbai:","timestamp":"2025-09-04T19:21:45.343Z"}
{"level":"error","message":"Error generating traffic prediction for mumbai:","timestamp":"2025-09-04T19:21:45.343Z"}
{"level":"info","message":"Generating high-accuracy traffic prediction for mumbai (19.076, 72.8777)","timestamp":"2025-09-04T19:21:50.143Z"}
{"level":"warn","message":"Real-time traffic data unavailable for mumbai:","timestamp":"2025-09-04T19:21:53.151Z"}
{"level":"error","message":"Error generating traffic prediction for mumbai:","timestamp":"2025-09-04T19:21:53.151Z"}
{"level":"info","message":"Generating high-accuracy traffic prediction for mumbai (19.076, 72.8777)","timestamp":"2025-09-04T19:21:55.145Z"}
{"level":"warn","message":"Real-time traffic data unavailable for mumbai:","timestamp":"2025-09-04T19:21:55.358Z"}
{"level":"error","message":"Error generating traffic prediction for mumbai:","timestamp":"2025-09-04T19:21:55.358Z"}
{"level":"info","message":"Generating high-accuracy traffic prediction for mumbai (19.076, 72.8777)","timestamp":"2025-09-04T19:22:00.143Z"}
{"level":"warn","message":"Real-time traffic data unavailable for mumbai:","timestamp":"2025-09-04T19:22:00.354Z"}
{"level":"error","message":"Error generating traffic prediction for mumbai:","timestamp":"2025-09-04T19:22:00.354Z"}
{"level":"info","message":"Generating high-accuracy traffic prediction for mumbai (19.076, 72.8777)","timestamp":"2025-09-04T19:22:05.140Z"}
{"level":"warn","message":"Real-time traffic data unavailable for mumbai:","timestamp":"2025-09-04T19:22:05.345Z"}
{"level":"error","message":"Error generating traffic prediction for mumbai:","timestamp":"2025-09-04T19:22:05.345Z"}
{"level":"info","message":"Generating high-accuracy traffic prediction for mumbai (19.076, 72.8777)","timestamp":"2025-09-04T19:22:10.140Z"}
{"level":"warn","message":"Real-time traffic data unavailable for mumbai:","timestamp":"2025-09-04T19:22:10.401Z"}
{"level":"error","message":"Error generating traffic prediction for mumbai:","timestamp":"2025-09-04T19:22:10.402Z"}
{"level":"info","message":"Generating high-accuracy traffic prediction for mumbai (19.076, 72.8777)","timestamp":"2025-09-04T19:22:15.145Z"}
{"level":"warn","message":"Real-time traffic data unavailable for mumbai:","timestamp":"2025-09-04T19:22:15.355Z"}
{"level":"error","message":"Error generating traffic prediction for mumbai:","timestamp":"2025-09-04T19:22:15.356Z"}
{"level":"info","message":"Generating high-accuracy traffic prediction for mumbai (19.076, 72.8777)","timestamp":"2025-09-04T19:22:20.142Z"}
{"level":"warn","message":"Real-time traffic data unavailable for mumbai:","timestamp":"2025-09-04T19:22:20.358Z"}
{"level":"error","message":"Error generating traffic prediction for mumbai:","timestamp":"2025-09-04T19:22:20.358Z"}
{"level":"info","message":"Generating high-accuracy traffic prediction for mumbai (19.076, 72.8777)","timestamp":"2025-09-04T19:22:25.142Z"}
{"level":"warn","message":"Real-time traffic data unavailable for mumbai:","timestamp":"2025-09-04T19:22:25.353Z"}
{"level":"error","message":"Error generating traffic prediction for mumbai:","timestamp":"2025-09-04T19:22:25.353Z"}
{"level":"info","message":"Generating high-accuracy traffic prediction for mumbai (19.076, 72.8777)","timestamp":"2025-09-04T19:22:30.142Z"}
{"level":"warn","message":"Real-time traffic data unavailable for mumbai:","timestamp":"2025-09-04T19:22:30.352Z"}
{"level":"error","message":"Error generating traffic prediction for mumbai:","timestamp":"2025-09-04T19:22:30.353Z"}
{"level":"info","message":"Generating high-accuracy traffic prediction for mumbai (19.076, 72.8777)","timestamp":"2025-09-04T19:22:35.142Z"}
{"level":"warn","message":"Real-time traffic data unavailable for mumbai:","timestamp":"2025-09-04T19:22:35.350Z"}
{"level":"error","message":"Error generating traffic prediction for mumbai:","timestamp":"2025-09-04T19:22:35.351Z"}
{"level":"info","message":"Generating high-accuracy traffic prediction for mumbai (19.076, 72.8777)","timestamp":"2025-09-04T19:22:40.142Z"}
{"level":"warn","message":"Real-time traffic data unavailable for mumbai:","timestamp":"2025-09-04T19:22:40.353Z"}
{"level":"error","message":"Error generating traffic prediction for mumbai:","timestamp":"2025-09-04T19:22:40.353Z"}
{"level":"info","message":"Generating high-accuracy traffic prediction for mumbai (19.076, 72.8777)","timestamp":"2025-09-04T19:22:45.139Z"}
{"level":"warn","message":"Real-time traffic data unavailable for mumbai:","timestamp":"2025-09-04T19:22:45.337Z"}
{"level":"error","message":"Error generating traffic prediction for mumbai:","timestamp":"2025-09-04T19:22:45.337Z"}
{"level":"info","message":"Generating high-accuracy traffic prediction for mumbai (19.076, 72.8777)","timestamp":"2025-09-04T19:22:50.139Z"}
{"level":"warn","message":"Real-time traffic data unavailable for mumbai:","timestamp":"2025-09-04T19:22:50.353Z"}
{"level":"error","message":"Error generating traffic prediction for mumbai:","timestamp":"2025-09-04T19:22:50.354Z"}
{"level":"info","message":"Generating high-accuracy traffic prediction for mumbai (19.076, 72.8777)","timestamp":"2025-09-04T19:22:55.142Z"}
{"level":"warn","message":"Real-time traffic data unavailable for mumbai:","timestamp":"2025-09-04T19:22:55.347Z"}
{"level":"error","message":"Error generating traffic prediction for mumbai:","timestamp":"2025-09-04T19:22:55.347Z"}
{"level":"info","message":"Generating high-accuracy traffic prediction for mumbai (19.076, 72.8777)","timestamp":"2025-09-04T19:23:00.143Z"}
{"level":"warn","message":"Real-time traffic data unavailable for mumbai:","timestamp":"2025-09-04T19:23:00.351Z"}
{"level":"error","message":"Error generating traffic prediction for mumbai:","timestamp":"2025-09-04T19:23:00.351Z"}
{"level":"info","message":"Generating high-accuracy traffic prediction for mumbai (19.076, 72.8777)","timestamp":"2025-09-04T19:23:05.141Z"}
{"level":"warn","message":"Real-time traffic data unavailable for mumbai:","timestamp":"2025-09-04T19:23:05.346Z"}
{"level":"error","message":"Error generating traffic prediction for mumbai:","timestamp":"2025-09-04T19:23:05.347Z"}
{"level":"info","message":"Generating high-accuracy traffic prediction for mumbai (19.076, 72.8777)","timestamp":"2025-09-04T19:23:10.137Z"}
{"level":"warn","message":"Real-time traffic data unavailable for mumbai:","timestamp":"2025-09-04T19:23:10.438Z"}
{"level":"error","message":"Error generating traffic prediction for mumbai:","timestamp":"2025-09-04T19:23:10.439Z"}
{"level":"info","message":"Generating high-accuracy traffic prediction for mumbai (19.076, 72.8777)","timestamp":"2025-09-04T19:23:15.139Z"}
{"level":"warn","message":"Real-time traffic data unavailable for mumbai:","timestamp":"2025-09-04T19:23:15.348Z"}
{"level":"error","message":"Error generating traffic prediction for mumbai:","timestamp":"2025-09-04T19:23:15.348Z"}
{"level":"info","message":"Generating high-accuracy traffic prediction for mumbai (19.076, 72.8777)","timestamp":"2025-09-04T19:23:20.138Z"}
{"level":"warn","message":"Real-time traffic data unavailable for mumbai:","timestamp":"2025-09-04T19:23:20.352Z"}
{"level":"error","message":"Error generating traffic prediction for mumbai:","timestamp":"2025-09-04T19:23:20.352Z"}
{"level":"info","message":"Generating high-accuracy traffic prediction for mumbai (19.076, 72.8777)","timestamp":"2025-09-04T19:23:25.140Z"}
{"level":"warn","message":"Real-time traffic data unavailable for mumbai:","timestamp":"2025-09-04T19:23:25.360Z"}
{"level":"error","message":"Error generating traffic prediction for mumbai:","timestamp":"2025-09-04T19:23:25.360Z"}
{"level":"info","message":"Generating high-accuracy traffic prediction for mumbai (19.076, 72.8777)","timestamp":"2025-09-04T19:23:30.137Z"}
{"level":"warn","message":"Real-time traffic data unavailable for mumbai:","timestamp":"2025-09-04T19:23:30.340Z"}
{"level":"error","message":"Error generating traffic prediction for mumbai:","timestamp":"2025-09-04T19:23:30.340Z"}
{"level":"info","message":"Generating high-accuracy traffic prediction for mumbai (19.076, 72.8777)","timestamp":"2025-09-04T19:23:35.143Z"}
{"level":"warn","message":"Real-time traffic data unavailable for mumbai:","timestamp":"2025-09-04T19:23:35.399Z"}
{"level":"error","message":"Error generating traffic prediction for mumbai:","timestamp":"2025-09-04T19:23:35.399Z"}
{"level":"info","message":"Generating high-accuracy traffic prediction for mumbai (19.076, 72.8777)","timestamp":"2025-09-04T19:23:40.136Z"}
{"level":"warn","message":"Real-time traffic data unavailable for mumbai:","timestamp":"2025-09-04T19:23:40.327Z"}
{"level":"error","message":"Error generating traffic prediction for mumbai:","timestamp":"2025-09-04T19:23:40.327Z"}
{"level":"info","message":"Generating high-accuracy traffic prediction for mumbai (19.076, 72.8777)","timestamp":"2025-09-04T19:23:45.138Z"}
{"level":"warn","message":"Real-time traffic data unavailable for mumbai:","timestamp":"2025-09-04T19:23:45.342Z"}
{"level":"error","message":"Error generating traffic prediction for mumbai:","timestamp":"2025-09-04T19:23:45.342Z"}
{"level":"info","message":"Generating high-accuracy traffic prediction for mumbai (19.076, 72.8777)","timestamp":"2025-09-04T19:23:50.136Z"}
{"level":"warn","message":"Real-time traffic data unavailable for mumbai:","timestamp":"2025-09-04T19:23:50.332Z"}
{"level":"error","message":"Error generating traffic prediction for mumbai:","timestamp":"2025-09-04T19:23:50.332Z"}
{"level":"info","message":"Generating high-accuracy traffic prediction for mumbai (19.076, 72.8777)","timestamp":"2025-09-04T19:23:55.139Z"}
{"level":"warn","message":"Real-time traffic data unavailable for mumbai:","timestamp":"2025-09-04T19:23:55.339Z"}
{"level":"error","message":"Error generating traffic prediction for mumbai:","timestamp":"2025-09-04T19:23:55.339Z"}
{"level":"info","message":"Generating high-accuracy traffic prediction for mumbai (19.076, 72.8777)","timestamp":"2025-09-04T19:24:00.137Z"}
{"level":"warn","message":"Real-time traffic data unavailable for mumbai:","timestamp":"2025-09-04T19:24:00.352Z"}
{"level":"error","message":"Error generating traffic prediction for mumbai:","timestamp":"2025-09-04T19:24:00.353Z"}
{"level":"info","message":"Generating high-accuracy traffic prediction for mumbai (19.076, 72.8777)","timestamp":"2025-09-04T19:24:05.282Z"}
{"level":"warn","message":"Real-time traffic data unavailable for mumbai:","timestamp":"2025-09-04T19:24:05.504Z"}
{"level":"error","message":"Error generating traffic prediction for mumbai:","timestamp":"2025-09-04T19:24:05.504Z"}
{"level":"info","message":"Fetching live traffic data for mumbai (19.076, 72.8777)","timestamp":"2025-09-04T19:29:21.155Z"}
{"level":"warn","message":"Retry attempt 1 failed, retrying in 2000ms","timestamp":"2025-09-04T19:29:24.303Z"}
{"level":"warn","message":"Retry attempt 1 failed, retrying in 2000ms","timestamp":"2025-09-04T19:29:24.322Z"}
{"level":"warn","message":"Retry attempt 2 failed, retrying in 4000ms","timestamp":"2025-09-04T19:29:28.518Z"}
{"level":"warn","message":"Retry attempt 2 failed, retrying in 4000ms","timestamp":"2025-09-04T19:29:28.541Z"}
{"level":"error","message":"Error storing traffic incidents in database:","timestamp":"2025-09-04T19:29:28.770Z"}
{"level":"info","message":"Returning cached live traffic data for mumbai","timestamp":"2025-09-04T19:29:28.779Z"}
{"level":"info","message":"Returning cached live traffic data for mumbai","timestamp":"2025-09-04T19:29:28.783Z"}
{"level":"info","message":"Returning cached live traffic data for mumbai","timestamp":"2025-09-04T19:29:28.787Z"}
{"level":"info","message":"Generating high-accuracy traffic prediction for mumbai (19.076, 72.8777)","timestamp":"2025-09-04T19:29:33.519Z"}
{"level":"warn","message":"Real-time traffic data unavailable for mumbai:","timestamp":"2025-09-04T19:29:33.743Z"}
{"level":"error","message":"Error generating traffic prediction for mumbai:","timestamp":"2025-09-04T19:29:33.743Z"}
{"level":"info","message":"Generating high-accuracy traffic prediction for mumbai (19.076, 72.8777)","timestamp":"2025-09-04T19:29:33.745Z"}
{"level":"warn","message":"Real-time traffic data unavailable for mumbai:","timestamp":"2025-09-04T19:29:33.952Z"}
{"level":"error","message":"Error generating traffic prediction for mumbai:","timestamp":"2025-09-04T19:29:33.952Z"}
{"level":"info","message":"Generating high-accuracy traffic prediction for mumbai (19.076, 72.8777)","timestamp":"2025-09-04T19:30:12.900Z"}
{"level":"warn","message":"Real-time traffic data unavailable for mumbai:","timestamp":"2025-09-04T19:30:14.572Z"}
{"level":"error","message":"Error generating traffic prediction for mumbai:","timestamp":"2025-09-04T19:30:14.572Z"}
{"level":"info","message":"Generating high-accuracy traffic prediction for mumbai (19.076, 72.8777)","timestamp":"2025-09-04T19:30:17.935Z"}
{"level":"warn","message":"Real-time traffic data unavailable for mumbai:","timestamp":"2025-09-04T19:30:18.154Z"}
{"level":"error","message":"Error generating traffic prediction for mumbai:","timestamp":"2025-09-04T19:30:18.154Z"}
{"level":"info","message":"Generating high-accuracy traffic prediction for mumbai (19.076, 72.8777)","timestamp":"2025-09-04T19:30:34.449Z"}
{"level":"warn","message":"Real-time traffic data unavailable for mumbai:","timestamp":"2025-09-04T19:30:36.084Z"}
{"level":"error","message":"Error generating traffic prediction for mumbai:","timestamp":"2025-09-04T19:30:36.084Z"}
{"level":"info","message":"Fetching live traffic data for mumbai (19.076, 72.8777)","timestamp":"2025-09-04T19:33:13.391Z"}
{"level":"warn","message":"Retry attempt 1 failed, retrying in 2000ms","timestamp":"2025-09-04T19:33:16.079Z"}
{"level":"warn","message":"Retry attempt 1 failed, retrying in 2000ms","timestamp":"2025-09-04T19:33:16.087Z"}
{"level":"warn","message":"Retry attempt 2 failed, retrying in 4000ms","timestamp":"2025-09-04T19:33:20.284Z"}
{"level":"warn","message":"Retry attempt 2 failed, retrying in 4000ms","timestamp":"2025-09-04T19:33:20.296Z"}
{"level":"error","message":"Error storing traffic incidents in database:","timestamp":"2025-09-04T19:33:20.500Z"}
{"level":"info","message":"Returning cached live traffic data for mumbai","timestamp":"2025-09-04T19:33:20.505Z"}
{"level":"info","message":"Returning cached live traffic data for mumbai","timestamp":"2025-09-04T19:33:20.508Z"}
{"level":"info","message":"Returning cached live traffic data for mumbai","timestamp":"2025-09-04T19:33:20.510Z"}
{"level":"info","message":"Generating high-accuracy traffic prediction for mumbai (19.076, 72.8777)","timestamp":"2025-09-04T19:33:22.006Z"}
{"level":"warn","message":"Real-time traffic data unavailable for mumbai:","timestamp":"2025-09-04T19:33:22.214Z"}
{"level":"error","message":"Error generating traffic prediction for mumbai:","timestamp":"2025-09-04T19:33:22.214Z"}
{"level":"info","message":"Generating high-accuracy traffic prediction for mumbai (19.076, 72.8777)","timestamp":"2025-09-04T19:33:22.217Z"}
{"level":"warn","message":"Real-time traffic data unavailable for mumbai:","timestamp":"2025-09-04T19:33:22.409Z"}
{"level":"error","message":"Error generating traffic prediction for mumbai:","timestamp":"2025-09-04T19:33:22.410Z"}
{"level":"info","message":"Generating high-accuracy traffic prediction for mumbai (19.076, 72.8777)","timestamp":"2025-09-04T19:34:15.251Z"}
{"level":"warn","message":"Real-time traffic data unavailable for mumbai:","timestamp":"2025-09-04T19:34:15.956Z"}
{"level":"error","message":"Error generating traffic prediction for mumbai:","timestamp":"2025-09-04T19:34:15.956Z"}
{"level":"info","message":"Fetching live traffic data for mumbai (19.076, 72.8777)","timestamp":"2025-09-04T19:35:36.282Z"}
{"level":"warn","message":"Retry attempt 1 failed, retrying in 2000ms","timestamp":"2025-09-04T19:35:39.263Z"}
{"level":"warn","message":"Retry attempt 1 failed, retrying in 2000ms","timestamp":"2025-09-04T19:35:39.297Z"}
{"level":"warn","message":"Retry attempt 2 failed, retrying in 4000ms","timestamp":"2025-09-04T19:35:43.471Z"}
{"level":"warn","message":"Retry attempt 2 failed, retrying in 4000ms","timestamp":"2025-09-04T19:35:43.502Z"}
{"level":"error","message":"Error storing traffic incidents in database:","timestamp":"2025-09-04T19:35:43.723Z"}
{"level":"info","message":"Returning cached live traffic data for mumbai","timestamp":"2025-09-04T19:35:43.726Z"}
{"level":"info","message":"Returning cached live traffic data for mumbai","timestamp":"2025-09-04T19:35:43.729Z"}
{"level":"info","message":"Returning cached live traffic data for mumbai","timestamp":"2025-09-04T19:35:43.732Z"}
{"level":"info","message":"Generating high-accuracy traffic prediction for mumbai (19.076, 72.8777)","timestamp":"2025-09-04T19:35:48.976Z"}
{"level":"warn","message":"Real-time traffic data unavailable for mumbai:","timestamp":"2025-09-04T19:35:49.513Z"}
{"level":"error","message":"Error generating traffic prediction for mumbai:","timestamp":"2025-09-04T19:35:49.513Z"}
{"level":"info","message":"Generating high-accuracy traffic prediction for mumbai (19.076, 72.8777)","timestamp":"2025-09-04T19:35:49.516Z"}
{"level":"warn","message":"Real-time traffic data unavailable for mumbai:","timestamp":"2025-09-04T19:35:49.709Z"}
{"level":"error","message":"Error generating traffic prediction for mumbai:","timestamp":"2025-09-04T19:35:49.710Z"}
{"level":"info","message":"ML Traffic prediction request for chennai: {\"hour\":16,\"day_of_week\":6,\"month\":9,\"city\":\"chennai\",\"weather\":\"clear\",\"current_volume\":50}","timestamp":"2025-09-04T19:36:17.728Z"}
{"level":"info","message":"ML Traffic prediction completed for chennai in 111ms","timestamp":"2025-09-04T19:36:17.840Z"}
{"level":"info","message":"Generating high-accuracy traffic prediction for mumbai (19.076, 72.8777)","timestamp":"2025-09-04T19:36:27.274Z"}
{"level":"warn","message":"Real-time traffic data unavailable for mumbai:","timestamp":"2025-09-04T19:36:27.924Z"}
{"level":"error","message":"Error generating traffic prediction for mumbai:","timestamp":"2025-09-04T19:36:27.925Z"}
{"level":"info","message":"ML Traffic prediction request for chennai: {\"hour\":16,\"day_of_week\":6,\"month\":9,\"city\":\"chennai\",\"weather\":\"clear\",\"current_volume\":50}","timestamp":"2025-09-04T19:36:40.469Z"}
{"level":"info","message":"ML Traffic prediction completed for chennai in 18ms","timestamp":"2025-09-04T19:36:40.487Z"}
{"level":"info","message":"ML Traffic prediction request for chennai: {\"hour\":10,\"day_of_week\":6,\"month\":9,\"city\":\"chennai\",\"weather\":\"clear\",\"current_volume\":50}","timestamp":"2025-09-04T19:37:08.235Z"}
{"level":"info","message":"ML Traffic prediction completed for chennai in 16ms","timestamp":"2025-09-04T19:37:08.251Z"}
{"level":"info","message":"Fetching historical traffic data for mumbai","timestamp":"2025-09-04T19:37:21.669Z"}
{"level":"error","message":"Error fetching historical traffic data for mumbai:","timestamp":"2025-09-04T19:37:21.675Z"}
{"level":"info","message":"Fetching historical traffic data for mumbai","timestamp":"2025-09-04T19:37:21.679Z"}
{"level":"error","message":"Error fetching historical traffic data for mumbai:","timestamp":"2025-09-04T19:37:21.683Z"}
{"level":"info","message":"Fetching live traffic data for mumbai (19.076, 72.8777)","timestamp":"2025-09-05T04:25:54.443Z"}
{"level":"warn","message":"Retry attempt 1 failed, retrying in 2000ms","timestamp":"2025-09-05T04:25:57.156Z"}
{"level":"warn","message":"Retry attempt 1 failed, retrying in 2000ms","timestamp":"2025-09-05T04:25:57.157Z"}
{"level":"warn","message":"Retry attempt 2 failed, retrying in 4000ms","timestamp":"2025-09-05T04:26:01.365Z"}
{"level":"warn","message":"Retry attempt 2 failed, retrying in 4000ms","timestamp":"2025-09-05T04:26:01.366Z"}
{"level":"error","message":"Error storing traffic incidents in database:","timestamp":"2025-09-05T04:26:01.590Z"}
{"level":"info","message":"Returning cached live traffic data for mumbai","timestamp":"2025-09-05T04:26:01.593Z"}
{"level":"info","message":"Returning cached live traffic data for mumbai","timestamp":"2025-09-05T04:26:01.595Z"}
{"level":"info","message":"Returning cached live traffic data for mumbai","timestamp":"2025-09-05T04:26:01.598Z"}
{"level":"info","message":"Generating high-accuracy traffic prediction for mumbai (19.076, 72.8777)","timestamp":"2025-09-05T04:26:04.534Z"}
{"level":"warn","message":"Real-time traffic data unavailable for mumbai:","timestamp":"2025-09-05T04:26:04.726Z"}
{"level":"error","message":"Error generating traffic prediction for mumbai:","timestamp":"2025-09-05T04:26:04.726Z"}
{"level":"info","message":"Generating high-accuracy traffic prediction for mumbai (19.076, 72.8777)","timestamp":"2025-09-05T04:26:04.728Z"}
{"level":"warn","message":"Real-time traffic data unavailable for mumbai:","timestamp":"2025-09-05T04:26:04.925Z"}
{"level":"error","message":"Error generating traffic prediction for mumbai:","timestamp":"2025-09-05T04:26:04.925Z"}
{"level":"info","message":"Generating high-accuracy traffic prediction for mumbai (19.076, 72.8777)","timestamp":"2025-09-05T04:26:27.483Z"}
{"level":"warn","message":"Real-time traffic data unavailable for mumbai:","timestamp":"2025-09-05T04:26:28.121Z"}
{"level":"error","message":"Error generating traffic prediction for mumbai:","timestamp":"2025-09-05T04:26:28.121Z"}
{"level":"info","message":"ML Traffic prediction request for chennai: {\"hour\":12,\"day_of_week\":6,\"month\":9,\"city\":\"chennai\",\"weather\":\"clear\",\"current_volume\":50}","timestamp":"2025-09-05T04:27:12.730Z"}
{"level":"warn","message":"Retry attempt 1 failed, retrying in 2000ms","timestamp":"2025-09-05T04:27:14.735Z"}
{"level":"warn","message":"Retry attempt 2 failed, retrying in 4000ms","timestamp":"2025-09-05T04:27:18.739Z"}
{"cause":{"code":"ECONNREFUSED"},"code":"ECONNREFUSED","config":{"adapter":["xhr","http","fetch"],"allowAbsoluteUrls":true,"data":"{\"hour\":12,\"day_of_week\":6,\"month\":9,\"city\":\"chennai\",\"weather\":\"clear\",\"current_volume\":50}","env":{},"headers":{"Accept":"application/json, text/plain, */*","Accept-Encoding":"gzip, compress, deflate, br","Content-Length":"92","Content-Type":"application/json","User-Agent":"axios/1.11.0"},"maxBodyLength":-1,"maxContentLength":-1,"method":"post","timeout":10000,"transformRequest":[null],"transformResponse":[null],"transitional":{"clarifyTimeoutError":false,"forcedJSONParsing":true,"silentJSONParsing":true},"url":"http://localhost:5001/predict_traffic","xsrfCookieName":"XSRF-TOKEN","xsrfHeaderName":"X-XSRF-TOKEN"},"errors":[{"address":"::1","code":"ECONNREFUSED","errno":-61,"port":5001,"syscall":"connect"},{"address":"127.0.0.1","code":"ECONNREFUSED","errno":-61,"port":5001,"syscall":"connect"}],"level":"error","message":"ML Traffic prediction error:","name":"AggregateError","request":{"_currentRequest":{"_closed":false,"_contentLength":92,"_defaultKeepAlive":true,"_ended":false,"_events":{},"_eventsCount":7,"_hasBody":true,"_header":"POST /predict_traffic HTTP/1.1\r\nAccept: application/json, text/plain, */*\r\nContent-Type: application/json\r\nUser-Agent: axios/1.11.0\r\nContent-Length: 92\r\nAccept-Encoding: gzip, compress, deflate, br\r\nHost: localhost:5001\r\nConnection: keep-alive\r\n\r\n","_headerSent":true,"_keepAliveTimeout":0,"_last":false,"_redirectable":"[Circular]","_removedConnection":false,"_removedContLen":false,"_removedTE":false,"_trailer":"","aborted":false,"agent":{"_events":{},"_eventsCount":2,"defaultPort":80,"freeSockets":{},"keepAlive":true,"keepAliveMsecs":1000,"maxFreeSockets":256,"maxSockets":null,"maxTotalSockets":null,"options":{"keepAlive":true,"noDelay":true,"path":null,"scheduling":"lifo","timeout":5000},"protocol":"http:","requests":{},"scheduling":"lifo","sockets":{"localhost:5001:":[{"_closeAfterHandlingError":false,"_events":{"close":[null,null,null],"connect":[null,null,null],"timeout":[null,null,null]},"_eventsCount":8,"_hadError":true,"_host":"localhost","_httpMessage":"[Circular]","_parent":null,"_pendingData":[{"chunk":"POST /predict_traffic HTTP/1.1\r\nAccept: application/json, text/plain, */*\r\nContent-Type: application/json\r\nUser-Agent: axios/1.11.0\r\nContent-Length: 92\r\nAccept-Encoding: gzip, compress, deflate, br\r\nHost: localhost:5001\r\nConnection: keep-alive\r\n\r\n","encoding":"latin1"},{"chunk":{"data":[123,34,104,111,117,114,34,58,49,50,44,34,100,97,121,95,111,102,95,119,101,101,107,34,58,54,44,34,109,111,110,116,104,34,58,57,44,34,99,105,116,121,34,58,34,99,104,101,110,110,97,105,34,44,34,119,101,97,116,104,101,114,34,58,34,99,108,101,97,114,34,44,34,99,117,114,114,101,110,116,95,118,111,108,117,109,101,34,58,53,48,125],"type":"Buffer"},"encoding":"buffer"}],"_pendingEncoding":"","_readableState":{"awaitDrainWriters":null,"buffer":[],"bufferIndex":0,"highWaterMark":65536,"length":0,"pipes":[]},"_server":null,"_sockname":null,"_writableState":{"bufferedIndex":0,"corked":0,"highWaterMark":65536,"length":339,"pendingcb":1,"writelen":339},"allowHalfOpen":false,"autoSelectFamilyAttemptedAddresses":["::1:5001","127.0.0.1:5001"],"connecting":false,"parser":null,"server":null,"timeout":10000}]},"totalSocketCount":1},"chunkedEncoding":false,"destroyed":false,"finished":false,"host":"localhost","maxHeadersCount":null,"maxRequestsOnConnectionReached":false,"method":"POST","outputData":[],"outputSize":0,"parser":null,"path":"/predict_traffic","protocol":"http:","res":null,"reusedSocket":false,"sendDate":false,"shouldKeepAlive":true,"strictContentLength":false,"upgradeOrConnect":false,"useChunkedEncodingByDefault":true,"writable":true},"_currentUrl":"http://localhost:5001/predict_traffic","_ended":false,"_ending":true,"_events":{"socket":[null,null]},"_eventsCount":3,"_options":{"agents":{},"beforeRedirects":{},"headers":{"Accept":"application/json, text/plain, */*","Accept-Encoding":"gzip, compress, deflate, br","Content-Length":"92","Content-Type":"application/json","User-Agent":"axios/1.11.0"},"hostname":"localhost","maxBodyLength":null,"maxRedirects":21,"method":"POST","nativeProtocols":{"http:":{"METHODS":["ACL","BIND","CHECKOUT","CONNECT","COPY","DELETE","GET","HEAD","LINK","LOCK","M-SEARCH","MERGE","MKACTIVITY","MKCALENDAR","MKCOL","MOVE","NOTIFY","OPTIONS","PATCH","POST","PROPFIND","PROPPATCH","PURGE","PUT","QUERY","REBIND","REPORT","SEARCH","SOURCE","SUBSCRIBE","TRACE","UNBIND","UNLINK","UNLOCK","UNSUBSCRIBE"],"STATUS_CODES":{"100":"Continue","101":"Switching Protocols","102":"Processing","103":"Early Hints","200":"OK","201":"Created","202":"Accepted","203":"Non-Authoritative Information","204":"No Content","205":"Reset Content","206":"Partial Content","207":"Multi-Status","208":"Already Reported","226":"IM Used","300":"Multiple Choices","301":"Moved Permanently","302":"Found","303":"See Other","304":"Not Modified","305":"Use Proxy","307":"Temporary Redirect","308":"Permanent Redirect","400":"Bad Request","401":"Unauthorized","402":"Payment Required","403":"Forbidden","404":"Not Found","405":"Method Not Allowed","406":"Not Acceptable","407":"Proxy Authentication Required","408":"Request Timeout","409":"Conflict","410":"Gone","411":"Length Required","412":"Precondition Failed","413":"Payload Too Large","414":"URI Too Long","415":"Unsupported Media Type","416":"Range Not Satisfiable","417":"Expectation Failed","418":"I'm a Teapot","421":"Misdirected Request","422":"Unprocessable Entity","423":"Locked","424":"Failed Dependency","425":"Too Early","426":"Upgrade Required","428":"Precondition Required","429":"Too Many Requests","431":"Request Header Fields Too Large","451":"Unavailable For Legal Reasons","500":"Internal Server Error","501":"Not Implemented","502":"Bad Gateway","503":"Service Unavailable","504":"Gateway Timeout","505":"HTTP Version Not Supported","506":"Variant Also Negotiates","507":"Insufficient Storage","508":"Loop Detected","509":"Bandwidth Limit Exceeded","510":"Not Extended","511":"Network Authentication Required"},"globalAgent":{"_events":{},"_eventsCount":2,"defaultPort":80,"freeSockets":{},"keepAlive":true,"keepAliveMsecs":1000,"maxFreeSockets":256,"maxSockets":null,"maxTotalSockets":null,"options":{"keepAlive":true,"noDelay":true,"path":null,"scheduling":"lifo","timeout":5000},"protocol":"http:","requests":{},"scheduling":"lifo","sockets":{"localhost:5001:":[{"_closeAfterHandlingError":false,"_events":{"close":[null,null,null],"connect":[null,null,null],"timeout":[null,null,null]},"_eventsCount":8,"_hadError":true,"_host":"localhost","_httpMessage":{"_closed":false,"_contentLength":92,"_defaultKeepAlive":true,"_ended":false,"_events":{},"_eventsCount":7,"_hasBody":true,"_header":"POST /predict_traffic HTTP/1.1\r\nAccept: application/json, text/plain, */*\r\nContent-Type: application/json\r\nUser-Agent: axios/1.11.0\r\nContent-Length: 92\r\nAccept-Encoding: gzip, compress, deflate, br\r\nHost: localhost:5001\r\nConnection: keep-alive\r\n\r\n","_headerSent":true,"_keepAliveTimeout":0,"_last":false,"_redirectable":"[Circular]","_removedConnection":false,"_removedContLen":false,"_removedTE":false,"_trailer":"","aborted":false,"agent":"[Circular]","chunkedEncoding":false,"destroyed":false,"finished":false,"host":"localhost","maxHeadersCount":null,"maxRequestsOnConnectionReached":false,"method":"POST","outputData":[],"outputSize":0,"parser":null,"path":"/predict_traffic","protocol":"http:","res":null,"reusedSocket":false,"sendDate":false,"shouldKeepAlive":true,"strictContentLength":false,"upgradeOrConnect":false,"useChunkedEncodingByDefault":true,"writable":true},"_parent":null,"_pendingData":[{"chunk":"POST /predict_traffic HTTP/1.1\r\nAccept: application/json, text/plain, */*\r\nContent-Type: application/json\r\nUser-Agent: axios/1.11.0\r\nContent-Length: 92\r\nAccept-Encoding: gzip, compress, deflate, br\r\nHost: localhost:5001\r\nConnection: keep-alive\r\n\r\n","encoding":"latin1"},{"chunk":{"data":[123,34,104,111,117,114,34,58,49,50,44,34,100,97,121,95,111,102,95,119,101,101,107,34,58,54,44,34,109,111,110,116,104,34,58,57,44,34,99,105,116,121,34,58,34,99,104,101,110,110,97,105,34,44,34,119,101,97,116,104,101,114,34,58,34,99,108,101,97,114,34,44,34,99,117,114,114,101,110,116,95,118,111,108,117,109,101,34,58,53,48,125],"type":"Buffer"},"encoding":"buffer"}],"_pendingEncoding":"","_readableState":{"awaitDrainWriters":null,"buffer":[],"bufferIndex":0,"highWaterMark":65536,"length":0,"pipes":[]},"_server":null,"_sockname":null,"_writableState":{"bufferedIndex":0,"corked":0,"highWaterMark":65536,"length":339,"pendingcb":1,"writelen":339},"allowHalfOpen":false,"autoSelectFamilyAttemptedAddresses":["::1:5001","127.0.0.1:5001"],"connecting":false,"parser":null,"server":null,"timeout":10000}]},"totalSocketCount":1},"maxHeaderSize":16384},"https:":{"globalAgent":{"_events":{},"_eventsCount":2,"_sessionCache":{"list":["api.tomtom.com:443:::::::::::::::::::::"],"map":{"api.tomtom.com:443:::::::::::::::::::::":{"data":[48,130,9,129,2,1,1,2,2,3,4,4,2,19,2,4,32,22,191,185,228,246,192,16,208,132,108,115,146,215,8,107,145,10,220,198,221,93,21,69,193,48,120,66,222,44,250,188,62,4,48,16,151,118,236,45,100,163,67,143,129,123,26,57,204,111,208,210,117,165,111,125,46,125,106,187,89,226,122,122,158,201,206,74,249,118,139,210,178,6,160,48,202,165,196,108,219,115,136,161,6,2,4,104,186,102,116,162,4,2,2,28,32,163,130,8,33,48,130,8,29,48,130,7,5,160,3,2,1,2,2,16,4,163,105,240,29,195,67,64,62,22,209,23,119,9,18,172,48,13,6,9,42,134,72,134,247,13,1,1,11,5,0,48,112,49,11,48,9,6,3,85,4,6,19,2,85,83,49,21,48,19,6,3,85,4,10,19,12,68,105,103,105,67,101,114,116,32,73,110,99,49,25,48,23,6,3,85,4,11,19,16,119,119,119,46,100,105,103,105,99,101,114,116,46,99,111,109,49,47,48,45,6,3,85,4,3,19,38,68,105,103,105,67,101,114,116,32,83,72,65,50,32,72,105,103,104,32,65,115,115,117,114,97,110,99,101,32,83,101,114,118,101,114,32,67,65,48,30,23,13,50,52,49,50,50,52,48,48,48,48,48,48,90,23,13,50,53,49,50,49,56,50,51,53,57,53,57,90,48,96,49,11,48,9,6,3,85,4,6,19,2,78,76,49,18,48,16,6,3,85,4,7,19,9,65,109,115,116,101,114,100,97,109,49,34,48,32,6,3,85,4,10,19,25,84,111,109,84,111,109,32,73,110,116,101,114,110,97,116,105,111,110,97,108,32,66,46,86,46,49,25,48,23,6,3,85,4,3,12,16,42,46,97,112,105,46,116,111,109,116,111,109,46,99,111,109,48,130,2,34,48,13,6,9,42,134,72,134,247,13,1,1,1,5,0,3,130,2,15,0,48,130,2,10,2,130,2,1,0,227,54,75,32,155,64,175,183,48,150,131,81,113,110,90,237,192,42,161,203,69,77,176,68,62,188,223,204,140,34,164,28,135,132,123,71,24,211,253,86,21,25,26,217,6,43,41,119,54,109,83,65,136,143,163,57,188,236,125,166,7,72,130,37,105,5,115,199,140,22,193,90,246,221,99,192,232,25,107,157,96,106,183,149,122,30,227,107,200,48,155,149,13,34,138,233,215,255,177,91,43,40,243,15,211,116,8,243,24,67,1,116,235,228,230,5,191,219,99,247,57,89,81,99,246,124,149,39,108,179,39,63,239,178,53,207,196,184,254,134,36,92,203,181,116,207,195,164,11,253,245,209,90,251,240,86,57,50,65,216,53,22,229,135,34,119,104,53,149,100,200,179,234,79,68,217,138,196,133,122,3,131,249,183,16,228,80,138,211,98,214,211,22,238,244,156,240,2,132,89,104,163,134,133,77,80,57,147,50,3,164,206,183,70,227,248,201,162,38,208,161,43,24,206,69,79,92,54,119,207,193,176,219,103,7,228,211,49,55,66,69,0,138,167,8,249,79,7,195,111,228,169,195,135,172,188,165,184,218,41,149,161,200,136,47,86,14,107,57,191,117,2,49,96,115,186,81,232,74,91,182,166,175,145,169,239,190,247,183,60,49,192,102,226,116,118,140,157,0,167,156,81,101,164,68,52,255,207,10,202,110,80,40,214,131,10,131,51,184,170,148,72,227,51,186,159,53,247,63,27,71,15,161,97,170,43,120,211,184,238,158,189,238,120,169,148,6,9,136,150,155,69,127,149,205,229,31,108,107,78,20,108,6,210,68,21,192,67,167,9,102,112,141,189,202,12,19,118,134,220,18,46,55,89,167,16,47,232,234,46,55,125,50,229,236,112,159,16,244,118,107,13,250,171,169,67,131,51,193,209,84,33,93,240,117,22,231,114,159,233,178,84,73,205,150,147,12,226,249,138,77,66,188,246,36,113,72,80,201,52,48,110,13,148,252,141,20,96,126,187,81,58,148,83,112,160,137,16,216,45,186,122,29,38,217,140,114,64,66,196,53,116,207,154,0,24,158,42,193,0,112,90,99,20,235,22,236,210,22,23,187,238,1,105,3,95,185,190,119,48,112,250,23,56,207,104,87,241,10,65,159,205,2,3,1,0,1,163,130,3,193,48,130,3,189,48,31,6,3,85,29,35,4,24,48,22,128,20,81,104,255,144,175,2,7,117,60,204,217,101,100,98,162,18,184,89,114,59,48,29,6,3,85,29,14,4,22,4,20,16,204,71,103,78,215,186,41,86,17,35,32,27,207,13,166,59,77,168,147,48,125,6,3,85,29,17,4,118,48,116,130,16,42,46,97,112,105,46,116,111,109,116,111,109,46,99,111,109,130,14,97,112,105,46,116,111,109,116,111,109,46,99,111,109,130,23,42,46,97,112,105,45,115,121,115,116,101,109,46,116,111,109,116,111,109,46,99,111,109,130,17,101,117,45,97,112,105,46,116,111,109,116,111,109,46,99,111,109,130,17,117,115,45,97,112,105,46,116,111,109,116,111,109,46,99,111,109,130,17,107,114,45,97,112,105,46,116,111,109,116,111,109,46,99,111,109,48,62,6,3,85,29,32,4,55,48,53,48,51,6,6,103,129,12,1,2,2,48,41,48,39,6,8,43,6,1,5,5,7,2,1,22,27,104,116,116,112,58,47,47,119,119,119,46,100,105,103,105,99,101,114,116,46,99,111,109,47,67,80,83,48,14,6,3,85,29,15,1,1,255,4,4,3,2,5,160,48,29,6,3,85,29,37,4,22,48,20,6,8,43,6,1,5,5,7,3,1,6,8,43,6,1,5,5,7,3,2,48,117,6,3,85,29,31,4,110,48,108,48,52,160,50,160,48,134,46,104,116,116,112,58,47,47,99,114,108,51,46,100,105,103,105,99,101,114,116,46,99,111,109,47,115,104,97,50,45,104,97,45,115,101,114,118,101,114,45,103,54,46,99,114,108,48,52,160,50,160,48,134,46,104,116,116,112,58,47,47,99,114,108,52,46,100,105,103,105,99,101,114,116,46,99,111,109,47,115,104,97,50,45,104,97,45,115,101,114,118,101,114,45,103,54,46,99,114,108,48,129,131,6,8,43,6,1,5,5,7,1,1,4,119,48,117,48,36,6,8,43,6,1,5,5,7,48,1,134,24,104,116,116,112,58,47,47,111,99,115,112,46,100,105,103,105,99,101,114,116,46,99,111,109,48,77,6,8,43,6,1,5,5,7,48,2,134,65,104,116,116,112,58,47,47,99,97,99,101,114,116,115,46,100,105,103,105,99,101,114,116,46,99,111,109,47,68,105,103,105,67,101,114,116,83,72,65,50,72,105,103,104,65,115,115,117,114,97,110,99,101,83,101,114,118,101,114,67,65,46,99,114,116,48,12,6,3,85,29,19,1,1,255,4,2,48,0,48,130,1,128,6,10,43,6,1,4,1,214,121,2,4,2,4,130,1,112,4,130,1,108,1,106,0,119,0,18,241,78,52,189,83,114,76,132,6,25,195,143,63,122,19,248,231,181,98,135,136,156,109,48,5,132,235,229,134,38,58,0,0,1,147,246,224,211,38,0,0,4,3,0,72,48,70,2,33,0,192,235,206,193,117,224,35,250,227,114,204,178,175,128,106,112,209,95,169,103,41,211,14,203,124,160,43,18,156,206,49,18,2,33,0,200,137,4,20,148,214,55,215,178,155,98,125,153,27,7,55,102,96,180,79,106,50,20,97,165,245,254,228,128,6,154,83,0,118,0,237,60,75,214,232,6,194,164,162,0,87,219,203,36,226,56,1,223,81,47,237,196,134,197,112,15,32,221,183,62,63,224,0,0,1,147,246,224,210,204,0,0,4,3,0,71,48,69,2,33,0,196,143,15,206,171,207,132,56,4,37,252,176,207,86,82,223,243,161,133,175,160,96,161,53,159,47,245,85,153,19,111,177,2,32,5,241,4,41,31,5,93,154,74,204,105,117,182,181,131,10,192,197,241,95,152,182,215,132,178,200,93,136,55,208,171,160,0,119,0,230,210,49,99,64,119,140,193,16,65,6,215,113,185,206,193,210,64,246,150,132,134,251,186,135,50,29,253,30,55,142,80,0,0,1,147,246,224,210,223,0,0,4,3,0,72,48,70,2,33,0,135,77,53,126,14,17,201,81,133,108,67,162,224,89,150,158,236,100,67,186,99,44,39,48,238,124,129,136,189,214,170,27,2,33,0,206,53,121,186,239,240,64,137,26,241,83,3,20,148,229,107,138,198,199,175,144,193,255,105,78,90,0,144,17,180,167,169,48,13,6,9,42,134,72,134,247,13,1,1,11,5,0,3,130,1,1,0,42,46,135,191,206,134,231,26,123,190,43,110,215,239,80,55,227,40,49,189,92,248,88,189,203,57,30,121,93,90,255,76,43,49,245,157,135,193,152,237,156,251,100,97,7,214,218,241,148,21,61,247,164,14,172,55,168,33,51,34,219,235,13,225,168,207,87,239,62,11,46,205,204,242,60,100,62,117,197,136,131,26,166,192,223,128,26,128,153,15,109,243,45,53,177,190,200,44,53,135,120,233,111,255,12,25,111,243,101,82,103,47,2,204,142,80,73,167,45,191,114,72,33,255,80,204,71,121,121,153,255,139,88,123,153,9,33,120,165,93,238,208,211,12,83,119,173,238,160,134,116,115,155,15,251,81,240,81,157,106,123,114,247,254,239,3,153,159,1,25,13,46,72,210,74,24,41,227,200,98,53,64,79,77,105,231,185,168,197,75,220,79,214,150,120,187,241,23,157,121,227,104,11,151,165,244,212,213,16,244,122,201,77,128,195,215,26,157,40,10,221,250,153,20,139,5,28,94,253,212,112,96,250,216,55,242,10,177,134,252,114,188,71,65,13,110,171,138,251,128,200,193,44,70,34,107,164,2,4,0,169,5,2,3,2,162,255,170,129,211,4,129,208,72,93,211,150,238,36,201,104,217,123,134,232,169,148,174,159,209,213,63,99,136,211,74,114,113,82,54,10,122,177,152,60,165,212,232,170,244,130,101,134,103,6,215,10,63,125,152,168,227,99,47,129,69,69,247,254,125,139,236,56,242,20,168,3,169,47,116,136,31,34,37,192,146,26,11,231,233,30,116,9,92,204,129,80,28,176,2,207,234,195,213,24,67,216,21,238,30,218,231,17,4,22,230,142,149,126,163,82,54,222,71,240,93,138,220,60,241,232,181,230,83,27,154,96,69,146,82,68,145,163,199,237,190,191,94,5,121,64,141,227,187,202,11,71,142,170,154,136,24,7,226,189,50,71,145,147,0,167,121,205,201,36,15,62,246,31,48,117,233,96,129,26,119,130,8,28,145,151,86,255,82,216,119,20,155,104,63,37,34,151,210,21,73,79,0,27,221,175,144,246,240,245,113,54,103,146,165,215,174,7,2,5,0,177,66,162,62,179,3,2,1,29],"type":"Buffer"}}},"defaultPort":443,"freeSockets":{},"keepAlive":true,"keepAliveMsecs":1000,"maxCachedSessions":100,"maxFreeSockets":256,"maxSockets":null,"maxTotalSockets":null,"options":{"defaultPort":443,"keepAlive":true,"noDelay":true,"path":null,"protocol":"https:","scheduling":"lifo","timeout":5000},"protocol":"https:","requests":{},"scheduling":"lifo","sockets":{},"totalSocketCount":0}}},"path":"/predict_traffic","pathname":"/predict_traffic","port":"5001","protocol":"http:"},"_redirectCount":0,"_redirects":[],"_requestBodyBuffers":[{"data":{"data":[123,34,104,111,117,114,34,58,49,50,44,34,100,97,121,95,111,102,95,119,101,101,107,34,58,54,44,34,109,111,110,116,104,34,58,57,44,34,99,105,116,121,34,58,34,99,104,101,110,110,97,105,34,44,34,119,101,97,116,104,101,114,34,58,34,99,108,101,97,114,34,44,34,99,117,114,114,101,110,116,95,118,111,108,117,109,101,34,58,53,48,125],"type":"Buffer"}}],"_requestBodyLength":92,"_timeout":null,"_writableState":{"bufferedIndex":0,"corked":0,"highWaterMark":65536,"length":0,"pendingcb":0,"writelen":0}},"stack":"AggregateError\n    at AxiosError.from (/Users/mullamabusubhani/Downloads/Sateesh proj/Traffic-Prediction-project/Backend/node_modules/axios/dist/node/axios.cjs:899:14)\n    at RedirectableRequest.handleRequestError (/Users/mullamabusubhani/Downloads/Sateesh proj/Traffic-Prediction-project/Backend/node_modules/axios/dist/node/axios.cjs:3228:25)\n    at RedirectableRequest.emit (node:events:520:35)\n    at eventHandlers.<computed> (/Users/mullamabusubhani/Downloads/Sateesh proj/Traffic-Prediction-project/Backend/node_modules/follow-redirects/index.js:49:24)\n    at ClientRequest.emit (node:events:508:28)\n    at emitErrorEvent (node:_http_client:107:11)\n    at Socket.socketErrorListener (node:_http_client:574:5)\n    at Socket.emit (node:events:508:28)\n    at emitErrorNT (node:internal/streams/destroy:170:8)\n    at emitErrorCloseNT (node:internal/streams/destroy:129:3)\n    at Axios.request (/Users/mullamabusubhani/Downloads/Sateesh proj/Traffic-Prediction-project/Backend/node_modules/axios/dist/node/axios.cjs:4317:41)\n    at process.processTicksAndRejections (node:internal/process/task_queues:105:5)\n    at async /Users/mullamabusubhani/Downloads/Sateesh proj/Traffic-Prediction-project/Backend/routes/traffic.js:1468:24\n    at async retryWithBackoff (/Users/mullamabusubhani/Downloads/Sateesh proj/Traffic-Prediction-project/Backend/routes/traffic.js:68:14)\n    at async /Users/mullamabusubhani/Downloads/Sateesh proj/Traffic-Prediction-project/Backend/routes/traffic.js:1467:24","timestamp":"2025-09-05T04:27:18.742Z"}
{"level":"info","message":"Generating high-accuracy traffic prediction for mumbai (19.076, 72.8777)","timestamp":"2025-09-05T04:27:22.364Z"}
{"level":"warn","message":"Real-time traffic data unavailable for mumbai:","timestamp":"2025-09-05T04:27:23.049Z"}
{"level":"error","message":"Error generating traffic prediction for mumbai:","timestamp":"2025-09-05T04:27:23.050Z"}
{"level":"info","message":"Fetching historical traffic data for mumbai","timestamp":"2025-09-05T04:30:43.044Z"}
{"level":"error","message":"Error fetching historical traffic data for mumbai:","timestamp":"2025-09-05T04:30:43.053Z"}
{"level":"info","message":"Fetching historical traffic data for mumbai","timestamp":"2025-09-05T04:30:43.068Z"}
{"level":"error","message":"Error fetching historical traffic data for mumbai:","timestamp":"2025-09-05T04:30:43.071Z"}
{"level":"info","message":"Fetching historical traffic data for mumbai","timestamp":"2025-09-05T04:32:55.479Z"}
{"level":"error","message":"Error fetching historical traffic data for mumbai:","timestamp":"2025-09-05T04:32:55.521Z"}
{"level":"info","message":"Fetching historical traffic data for mumbai","timestamp":"2025-09-05T04:32:55.530Z"}
{"level":"error","message":"Error fetching historical traffic data for mumbai:","timestamp":"2025-09-05T04:32:55.555Z"}
{"level":"info","message":"Generating high-accuracy traffic prediction for mumbai (19.076, 72.8777)","timestamp":"2025-09-05T04:32:57.158Z"}
{"level":"warn","message":"Real-time traffic data unavailable for mumbai:","timestamp":"2025-09-05T04:32:57.842Z"}
{"level":"error","message":"Error generating traffic prediction for mumbai:","timestamp":"2025-09-05T04:32:57.842Z"}
{"level":"info","message":"Generating high-accuracy traffic prediction for mumbai (19.076, 72.8777)","timestamp":"2025-09-05T04:32:57.847Z"}
{"level":"warn","message":"Real-time traffic data unavailable for mumbai:","timestamp":"2025-09-05T04:32:58.060Z"}
{"level":"error","message":"Error generating traffic prediction for mumbai:","timestamp":"2025-09-05T04:32:58.061Z"}
{"level":"info","message":"Fetching live traffic data for mumbai (19.076, 72.8777)","timestamp":"2025-09-05T04:33:25.235Z"}
{"level":"warn","message":"Retry attempt 1 failed, retrying in 2000ms","timestamp":"2025-09-05T04:33:27.905Z"}
{"level":"warn","message":"Retry attempt 1 failed, retrying in 2000ms","timestamp":"2025-09-05T04:33:27.928Z"}
{"level":"warn","message":"Retry attempt 2 failed, retrying in 4000ms","timestamp":"2025-09-05T04:33:32.143Z"}
{"level":"warn","message":"Retry attempt 2 failed, retrying in 4000ms","timestamp":"2025-09-05T04:33:32.149Z"}
{"level":"error","message":"Error storing traffic incidents in database:","timestamp":"2025-09-05T04:33:32.370Z"}
{"level":"info","message":"Returning cached live traffic data for mumbai","timestamp":"2025-09-05T04:33:32.376Z"}
{"level":"info","message":"Returning cached live traffic data for mumbai","timestamp":"2025-09-05T04:33:32.381Z"}
{"level":"info","message":"Returning cached live traffic data for mumbai","timestamp":"2025-09-05T04:33:32.384Z"}
{"level":"info","message":"Returning cached live traffic data for mumbai","timestamp":"2025-09-05T04:33:32.388Z"}
{"level":"info","message":"Returning cached live traffic data for mumbai","timestamp":"2025-09-05T04:33:32.390Z"}
{"level":"info","message":"Returning cached live traffic data for mumbai","timestamp":"2025-09-05T04:33:32.394Z"}
{"level":"info","message":"Returning cached live traffic data for mumbai","timestamp":"2025-09-05T04:33:32.398Z"}
{"level":"info","message":"Generating high-accuracy traffic prediction for mumbai (19.076, 72.8777)","timestamp":"2025-09-05T04:33:35.187Z"}
{"level":"warn","message":"Real-time traffic data unavailable for mumbai:","timestamp":"2025-09-05T04:33:35.418Z"}
{"level":"error","message":"Error generating traffic prediction for mumbai:","timestamp":"2025-09-05T04:33:35.418Z"}
{"level":"info","message":"Generating high-accuracy traffic prediction for mumbai (19.076, 72.8777)","timestamp":"2025-09-05T04:33:35.421Z"}
{"level":"warn","message":"Real-time traffic data unavailable for mumbai:","timestamp":"2025-09-05T04:33:35.602Z"}
{"level":"error","message":"Error generating traffic prediction for mumbai:","timestamp":"2025-09-05T04:33:35.603Z"}
{"level":"info","message":"Fetching historical traffic data for mumbai","timestamp":"2025-09-05T04:34:51.509Z"}
{"level":"error","message":"Error fetching historical traffic data for mumbai:","timestamp":"2025-09-05T04:34:51.536Z"}
{"level":"info","message":"Fetching historical traffic data for mumbai","timestamp":"2025-09-05T04:34:51.551Z"}
{"level":"error","message":"Error fetching historical traffic data for mumbai:","timestamp":"2025-09-05T04:34:51.561Z"}
{"level":"info","message":"Fetching historical traffic data for mumbai","timestamp":"2025-09-05T04:34:54.109Z"}
{"level":"error","message":"Error fetching historical traffic data for mumbai:","timestamp":"2025-09-05T04:34:54.117Z"}
{"level":"info","message":"Fetching historical traffic data for mumbai","timestamp":"2025-09-05T04:35:12.208Z"}
{"level":"error","message":"Error fetching historical traffic data for mumbai:","timestamp":"2025-09-05T04:35:12.229Z"}
{"level":"info","message":"Fetching historical traffic data for mumbai","timestamp":"2025-09-05T04:35:13.890Z"}
{"level":"error","message":"Error fetching historical traffic data for mumbai:","timestamp":"2025-09-05T04:35:13.907Z"}
{"level":"info","message":"Fetching historical traffic data for mumbai","timestamp":"2025-09-05T04:35:14.180Z"}
{"level":"error","message":"Error fetching historical traffic data for mumbai:","timestamp":"2025-09-05T04:35:14.183Z"}
{"level":"info","message":"Fetching historical traffic data for mumbai","timestamp":"2025-09-05T04:35:14.517Z"}
{"level":"error","message":"Error fetching historical traffic data for mumbai:","timestamp":"2025-09-05T04:35:14.520Z"}
{"level":"info","message":"Fetching historical traffic data for mumbai","timestamp":"2025-09-05T04:35:14.587Z"}
{"level":"error","message":"Error fetching historical traffic data for mumbai:","timestamp":"2025-09-05T04:35:14.590Z"}
{"level":"info","message":"Fetching historical traffic data for mumbai","timestamp":"2025-09-05T04:35:14.773Z"}
{"level":"error","message":"Error fetching historical traffic data for mumbai:","timestamp":"2025-09-05T04:35:14.777Z"}
{"level":"info","message":"Fetching historical traffic data for mumbai","timestamp":"2025-09-05T04:35:14.925Z"}
{"level":"error","message":"Error fetching historical traffic data for mumbai:","timestamp":"2025-09-05T04:35:14.927Z"}
{"level":"info","message":"Fetching historical traffic data for mumbai","timestamp":"2025-09-05T04:35:15.127Z"}
{"level":"error","message":"Error fetching historical traffic data for mumbai:","timestamp":"2025-09-05T04:35:15.129Z"}
{"level":"info","message":"Fetching historical traffic data for mumbai","timestamp":"2025-09-05T04:35:15.586Z"}
{"level":"error","message":"Error fetching historical traffic data for mumbai:","timestamp":"2025-09-05T04:35:15.595Z"}
{"level":"info","message":"Fetching live traffic data for mumbai (19.076, 72.8777)","timestamp":"2025-09-05T04:37:41.713Z"}
{"level":"warn","message":"Retry attempt 1 failed, retrying in 2000ms","timestamp":"2025-09-05T04:37:44.342Z"}
{"level":"warn","message":"Retry attempt 1 failed, retrying in 2000ms","timestamp":"2025-09-05T04:37:44.354Z"}
{"level":"warn","message":"Retry attempt 2 failed, retrying in 4000ms","timestamp":"2025-09-05T04:37:48.565Z"}
{"level":"warn","message":"Retry attempt 2 failed, retrying in 4000ms","timestamp":"2025-09-05T04:37:48.577Z"}
{"level":"error","message":"Error storing traffic incidents in database:","timestamp":"2025-09-05T04:37:49.315Z"}
{"level":"info","message":"Returning cached live traffic data for mumbai","timestamp":"2025-09-05T04:38:21.442Z"}
{"level":"info","message":"Returning cached live traffic data for mumbai","timestamp":"2025-09-05T04:38:21.457Z"}
{"level":"info","message":"Returning cached live traffic data for mumbai","timestamp":"2025-09-05T04:38:21.493Z"}
{"level":"info","message":"Returning cached live traffic data for mumbai","timestamp":"2025-09-05T04:38:21.497Z"}
{"level":"info","message":"Generating high-accuracy traffic prediction for mumbai (19.076, 72.8777)","timestamp":"2025-09-05T04:38:24.394Z"}
{"level":"warn","message":"Real-time traffic data unavailable for mumbai:","timestamp":"2025-09-05T04:38:24.991Z"}
{"level":"error","message":"Error generating traffic prediction for mumbai:","timestamp":"2025-09-05T04:38:24.991Z"}
{"level":"info","message":"Generating high-accuracy traffic prediction for mumbai (19.076, 72.8777)","timestamp":"2025-09-05T04:38:24.994Z"}
{"level":"warn","message":"Real-time traffic data unavailable for mumbai:","timestamp":"2025-09-05T04:38:25.181Z"}
{"level":"error","message":"Error generating traffic prediction for mumbai:","timestamp":"2025-09-05T04:38:25.181Z"}
{"level":"info","message":"Fetching historical traffic data for mumbai","timestamp":"2025-09-05T04:38:29.143Z"}
{"level":"error","message":"Error fetching historical traffic data for mumbai:","timestamp":"2025-09-05T04:38:29.146Z"}
{"level":"info","message":"Fetching historical traffic data for mumbai","timestamp":"2025-09-05T04:38:29.150Z"}
{"level":"error","message":"Error fetching historical traffic data for mumbai:","timestamp":"2025-09-05T04:38:29.153Z"}
{"level":"info","message":"Generating high-accuracy traffic prediction for mumbai (19.076, 72.8777)","timestamp":"2025-09-05T04:38:50.468Z"}
{"level":"warn","message":"Real-time traffic data unavailable for mumbai:","timestamp":"2025-09-05T04:38:51.091Z"}
{"level":"error","message":"Error generating traffic prediction for mumbai:","timestamp":"2025-09-05T04:38:51.092Z"}
{"level":"info","message":"Generating high-accuracy traffic prediction for mumbai (19.076, 72.8777)","timestamp":"2025-09-05T04:38:51.093Z"}
{"level":"warn","message":"Real-time traffic data unavailable for mumbai:","timestamp":"2025-09-05T04:38:51.286Z"}
{"level":"error","message":"Error generating traffic prediction for mumbai:","timestamp":"2025-09-05T04:38:51.287Z"}
{"level":"info","message":"ML Traffic prediction request for mumbai: {\"hour\":10,\"day_of_week\":5,\"month\":9,\"city\":\"mumbai\",\"weather\":\"clear\",\"current_volume\":50}","timestamp":"2025-09-05T04:38:56.202Z"}
{"level":"info","message":"ML Traffic prediction request for mumbai: {\"hour\":10,\"day_of_week\":5,\"month\":9,\"city\":\"mumbai\",\"weather\":\"clear\",\"current_volume\":50}","timestamp":"2025-09-05T04:38:56.278Z"}
{"level":"info","message":"ML Traffic prediction request for mumbai: {\"hour\":10,\"day_of_week\":5,\"month\":9,\"city\":\"mumbai\",\"weather\":\"clear\",\"current_volume\":50}","timestamp":"2025-09-05T04:38:56.483Z"}
{"level":"info","message":"ML Traffic prediction request for mumbai: {\"hour\":10,\"day_of_week\":5,\"month\":9,\"city\":\"mumbai\",\"weather\":\"clear\",\"current_volume\":50}","timestamp":"2025-09-05T04:38:56.645Z"}
{"level":"info","message":"ML Traffic prediction request for mumbai: {\"hour\":10,\"day_of_week\":5,\"month\":9,\"city\":\"mumbai\",\"weather\":\"clear\",\"current_volume\":50}","timestamp":"2025-09-05T04:38:57.068Z"}
{"level":"info","message":"ML Traffic prediction request for mumbai: {\"hour\":10,\"day_of_week\":5,\"month\":9,\"city\":\"mumbai\",\"weather\":\"clear\",\"current_volume\":50}","timestamp":"2025-09-05T04:38:57.171Z"}
{"level":"warn","message":"Retry attempt 1 failed, retrying in 2000ms","timestamp":"2025-09-05T04:38:58.208Z"}
{"level":"warn","message":"Retry attempt 1 failed, retrying in 2000ms","timestamp":"2025-09-05T04:38:58.281Z"}
{"level":"warn","message":"Retry attempt 1 failed, retrying in 2000ms","timestamp":"2025-09-05T04:38:58.485Z"}
{"level":"warn","message":"Retry attempt 1 failed, retrying in 2000ms","timestamp":"2025-09-05T04:38:58.648Z"}
{"level":"warn","message":"Retry attempt 1 failed, retrying in 2000ms","timestamp":"2025-09-05T04:38:59.072Z"}
{"level":"warn","message":"Retry attempt 1 failed, retrying in 2000ms","timestamp":"2025-09-05T04:38:59.174Z"}
{"level":"warn","message":"Retry attempt 2 failed, retrying in 4000ms","timestamp":"2025-09-05T04:39:02.211Z"}
{"cause":{"code":"ECONNREFUSED"},"code":"ECONNREFUSED","config":{"adapter":["xhr","http","fetch"],"allowAbsoluteUrls":true,"data":"{\"hour\":10,\"day_of_week\":5,\"month\":9,\"city\":\"mumbai\",\"weather\":\"clear\",\"current_volume\":50}","env":{},"headers":{"Accept":"application/json, text/plain, */*","Accept-Encoding":"gzip, compress, deflate, br","Content-Length":"91","Content-Type":"application/json","User-Agent":"axios/1.11.0"},"maxBodyLength":-1,"maxContentLength":-1,"method":"post","timeout":10000,"transformRequest":[null],"transformResponse":[null],"transitional":{"clarifyTimeoutError":false,"forcedJSONParsing":true,"silentJSONParsing":true},"url":"http://localhost:5001/predict_traffic","xsrfCookieName":"XSRF-TOKEN","xsrfHeaderName":"X-XSRF-TOKEN"},"errors":[{"address":"::1","code":"ECONNREFUSED","errno":-61,"port":5001,"syscall":"connect"},{"address":"127.0.0.1","code":"ECONNREFUSED","errno":-61,"port":5001,"syscall":"connect"}],"level":"error","message":"ML Traffic prediction error:","name":"AggregateError","request":{"_currentRequest":{"_closed":false,"_contentLength":91,"_defaultKeepAlive":true,"_ended":false,"_events":{},"_eventsCount":7,"_hasBody":true,"_header":"POST /predict_traffic HTTP/1.1\r\nAccept: application/json, text/plain, */*\r\nContent-Type: application/json\r\nUser-Agent: axios/1.11.0\r\nContent-Length: 91\r\nAccept-Encoding: gzip, compress, deflate, br\r\nHost: localhost:5001\r\nConnection: keep-alive\r\n\r\n","_headerSent":true,"_keepAliveTimeout":0,"_last":false,"_redirectable":"[Circular]","_removedConnection":false,"_removedContLen":false,"_removedTE":false,"_trailer":"","aborted":false,"agent":{"_events":{},"_eventsCount":2,"defaultPort":80,"freeSockets":{},"keepAlive":true,"keepAliveMsecs":1000,"maxFreeSockets":256,"maxSockets":null,"maxTotalSockets":null,"options":{"keepAlive":true,"noDelay":true,"path":null,"scheduling":"lifo","timeout":5000},"protocol":"http:","requests":{},"scheduling":"lifo","sockets":{"localhost:5001:":[{"_closeAfterHandlingError":false,"_events":{"close":[null,null,null],"connect":[null,null,null],"timeout":[null,null,null]},"_eventsCount":8,"_hadError":true,"_host":"localhost","_httpMessage":"[Circular]","_parent":null,"_pendingData":[{"chunk":"POST /predict_traffic HTTP/1.1\r\nAccept: application/json, text/plain, */*\r\nContent-Type: application/json\r\nUser-Agent: axios/1.11.0\r\nContent-Length: 91\r\nAccept-Encoding: gzip, compress, deflate, br\r\nHost: localhost:5001\r\nConnection: keep-alive\r\n\r\n","encoding":"latin1"},{"chunk":{"data":[123,34,104,111,117,114,34,58,49,48,44,34,100,97,121,95,111,102,95,119,101,101,107,34,58,53,44,34,109,111,110,116,104,34,58,57,44,34,99,105,116,121,34,58,34,109,117,109,98,97,105,34,44,34,119,101,97,116,104,101,114,34,58,34,99,108,101,97,114,34,44,34,99,117,114,114,101,110,116,95,118,111,108,117,109,101,34,58,53,48,125],"type":"Buffer"},"encoding":"buffer"}],"_pendingEncoding":"","_readableState":{"awaitDrainWriters":null,"buffer":[],"bufferIndex":0,"highWaterMark":65536,"length":0,"pipes":[]},"_server":null,"_sockname":null,"_writableState":{"bufferedIndex":0,"corked":0,"highWaterMark":65536,"length":338,"pendingcb":1,"writelen":338},"allowHalfOpen":false,"autoSelectFamilyAttemptedAddresses":["::1:5001","127.0.0.1:5001"],"connecting":false,"parser":null,"server":null,"timeout":10000}]},"totalSocketCount":1},"chunkedEncoding":false,"destroyed":false,"finished":false,"host":"localhost","maxHeadersCount":null,"maxRequestsOnConnectionReached":false,"method":"POST","outputData":[],"outputSize":0,"parser":null,"path":"/predict_traffic","protocol":"http:","res":null,"reusedSocket":false,"sendDate":false,"shouldKeepAlive":true,"strictContentLength":false,"upgradeOrConnect":false,"useChunkedEncodingByDefault":true,"writable":true},"_currentUrl":"http://localhost:5001/predict_traffic","_ended":false,"_ending":true,"_events":{"socket":[null,null]},"_eventsCount":3,"_options":{"agents":{},"beforeRedirects":{},"headers":{"Accept":"application/json, text/plain, */*","Accept-Encoding":"gzip, compress, deflate, br","Content-Length":"91","Content-Type":"application/json","User-Agent":"axios/1.11.0"},"hostname":"localhost","maxBodyLength":null,"maxRedirects":21,"method":"POST","nativeProtocols":{"http:":{"METHODS":["ACL","BIND","CHECKOUT","CONNECT","COPY","DELETE","GET","HEAD","LINK","LOCK","M-SEARCH","MERGE","MKACTIVITY","MKCALENDAR","MKCOL","MOVE","NOTIFY","OPTIONS","PATCH","POST","PROPFIND","PROPPATCH","PURGE","PUT","QUERY","REBIND","REPORT","SEARCH","SOURCE","SUBSCRIBE","TRACE","UNBIND","UNLINK","UNLOCK","UNSUBSCRIBE"],"STATUS_CODES":{"100":"Continue","101":"Switching Protocols","102":"Processing","103":"Early Hints","200":"OK","201":"Created","202":"Accepted","203":"Non-Authoritative Information","204":"No Content","205":"Reset Content","206":"Partial Content","207":"Multi-Status","208":"Already Reported","226":"IM Used","300":"Multiple Choices","301":"Moved Permanently","302":"Found","303":"See Other","304":"Not Modified","305":"Use Proxy","307":"Temporary Redirect","308":"Permanent Redirect","400":"Bad Request","401":"Unauthorized","402":"Payment Required","403":"Forbidden","404":"Not Found","405":"Method Not Allowed","406":"Not Acceptable","407":"Proxy Authentication Required","408":"Request Timeout","409":"Conflict","410":"Gone","411":"Length Required","412":"Precondition Failed","413":"Payload Too Large","414":"URI Too Long","415":"Unsupported Media Type","416":"Range Not Satisfiable","417":"Expectation Failed","418":"I'm a Teapot","421":"Misdirected Request","422":"Unprocessable Entity","423":"Locked","424":"Failed Dependency","425":"Too Early","426":"Upgrade Required","428":"Precondition Required","429":"Too Many Requests","431":"Request Header Fields Too Large","451":"Unavailable For Legal Reasons","500":"Internal Server Error","501":"Not Implemented","502":"Bad Gateway","503":"Service Unavailable","504":"Gateway Timeout","505":"HTTP Version Not Supported","506":"Variant Also Negotiates","507":"Insufficient Storage","508":"Loop Detected","509":"Bandwidth Limit Exceeded","510":"Not Extended","511":"Network Authentication Required"},"globalAgent":{"_events":{},"_eventsCount":2,"defaultPort":80,"freeSockets":{},"keepAlive":true,"keepAliveMsecs":1000,"maxFreeSockets":256,"maxSockets":null,"maxTotalSockets":null,"options":{"keepAlive":true,"noDelay":true,"path":null,"scheduling":"lifo","timeout":5000},"protocol":"http:","requests":{},"scheduling":"lifo","sockets":{"localhost:5001:":[{"_closeAfterHandlingError":false,"_events":{"close":[null,null,null],"connect":[null,null,null],"timeout":[null,null,null]},"_eventsCount":8,"_hadError":true,"_host":"localhost","_httpMessage":{"_closed":false,"_contentLength":91,"_defaultKeepAlive":true,"_ended":false,"_events":{},"_eventsCount":7,"_hasBody":true,"_header":"POST /predict_traffic HTTP/1.1\r\nAccept: application/json, text/plain, */*\r\nContent-Type: application/json\r\nUser-Agent: axios/1.11.0\r\nContent-Length: 91\r\nAccept-Encoding: gzip, compress, deflate, br\r\nHost: localhost:5001\r\nConnection: keep-alive\r\n\r\n","_headerSent":true,"_keepAliveTimeout":0,"_last":false,"_redirectable":"[Circular]","_removedConnection":false,"_removedContLen":false,"_removedTE":false,"_trailer":"","aborted":false,"agent":"[Circular]","chunkedEncoding":false,"destroyed":false,"finished":false,"host":"localhost","maxHeadersCount":null,"maxRequestsOnConnectionReached":false,"method":"POST","outputData":[],"outputSize":0,"parser":null,"path":"/predict_traffic","protocol":"http:","res":null,"reusedSocket":false,"sendDate":false,"shouldKeepAlive":true,"strictContentLength":false,"upgradeOrConnect":false,"useChunkedEncodingByDefault":true,"writable":true},"_parent":null,"_pendingData":[{"chunk":"POST /predict_traffic HTTP/1.1\r\nAccept: application/json, text/plain, */*\r\nContent-Type: application/json\r\nUser-Agent: axios/1.11.0\r\nContent-Length: 91\r\nAccept-Encoding: gzip, compress, deflate, br\r\nHost: localhost:5001\r\nConnection: keep-alive\r\n\r\n","encoding":"latin1"},{"chunk":{"data":[123,34,104,111,117,114,34,58,49,48,44,34,100,97,121,95,111,102,95,119,101,101,107,34,58,53,44,34,109,111,110,116,104,34,58,57,44,34,99,105,116,121,34,58,34,109,117,109,98,97,105,34,44,34,119,101,97,116,104,101,114,34,58,34,99,108,101,97,114,34,44,34,99,117,114,114,101,110,116,95,118,111,108,117,109,101,34,58,53,48,125],"type":"Buffer"},"encoding":"buffer"}],"_pendingEncoding":"","_readableState":{"awaitDrainWriters":null,"buffer":[],"bufferIndex":0,"highWaterMark":65536,"length":0,"pipes":[]},"_server":null,"_sockname":null,"_writableState":{"bufferedIndex":0,"corked":0,"highWaterMark":65536,"length":338,"pendingcb":1,"writelen":338},"allowHalfOpen":false,"autoSelectFamilyAttemptedAddresses":["::1:5001","127.0.0.1:5001"],"connecting":false,"parser":null,"server":null,"timeout":10000}]},"totalSocketCount":1},"maxHeaderSize":16384},"https:":{"globalAgent":{"_events":{},"_eventsCount":2,"_sessionCache":{"list":["api.tomtom.com:443:::::::::::::::::::::"],"map":{"api.tomtom.com:443:::::::::::::::::::::":{"data":[48,130,9,129,2,1,1,2,2,3,4,4,2,19,2,4,32,78,110,203,232,170,52,234,214,77,202,57,0,150,206,139,154,182,137,65,78,148,214,45,226,231,228,62,209,250,133,69,173,4,48,131,73,7,229,228,14,167,197,7,136,119,155,128,32,138,19,13,167,159,60,189,52,103,224,133,224,226,182,109,79,244,44,104,253,78,21,167,171,197,23,65,29,14,10,212,232,24,142,161,6,2,4,104,186,105,91,162,4,2,2,28,32,163,130,8,33,48,130,8,29,48,130,7,5,160,3,2,1,2,2,16,4,163,105,240,29,195,67,64,62,22,209,23,119,9,18,172,48,13,6,9,42,134,72,134,247,13,1,1,11,5,0,48,112,49,11,48,9,6,3,85,4,6,19,2,85,83,49,21,48,19,6,3,85,4,10,19,12,68,105,103,105,67,101,114,116,32,73,110,99,49,25,48,23,6,3,85,4,11,19,16,119,119,119,46,100,105,103,105,99,101,114,116,46,99,111,109,49,47,48,45,6,3,85,4,3,19,38,68,105,103,105,67,101,114,116,32,83,72,65,50,32,72,105,103,104,32,65,115,115,117,114,97,110,99,101,32,83,101,114,118,101,114,32,67,65,48,30,23,13,50,52,49,50,50,52,48,48,48,48,48,48,90,23,13,50,53,49,50,49,56,50,51,53,57,53,57,90,48,96,49,11,48,9,6,3,85,4,6,19,2,78,76,49,18,48,16,6,3,85,4,7,19,9,65,109,115,116,101,114,100,97,109,49,34,48,32,6,3,85,4,10,19,25,84,111,109,84,111,109,32,73,110,116,101,114,110,97,116,105,111,110,97,108,32,66,46,86,46,49,25,48,23,6,3,85,4,3,12,16,42,46,97,112,105,46,116,111,109,116,111,109,46,99,111,109,48,130,2,34,48,13,6,9,42,134,72,134,247,13,1,1,1,5,0,3,130,2,15,0,48,130,2,10,2,130,2,1,0,227,54,75,32,155,64,175,183,48,150,131,81,113,110,90,237,192,42,161,203,69,77,176,68,62,188,223,204,140,34,164,28,135,132,123,71,24,211,253,86,21,25,26,217,6,43,41,119,54,109,83,65,136,143,163,57,188,236,125,166,7,72,130,37,105,5,115,199,140,22,193,90,246,221,99,192,232,25,107,157,96,106,183,149,122,30,227,107,200,48,155,149,13,34,138,233,215,255,177,91,43,40,243,15,211,116,8,243,24,67,1,116,235,228,230,5,191,219,99,247,57,89,81,99,246,124,149,39,108,179,39,63,239,178,53,207,196,184,254,134,36,92,203,181,116,207,195,164,11,253,245,209,90,251,240,86,57,50,65,216,53,22,229,135,34,119,104,53,149,100,200,179,234,79,68,217,138,196,133,122,3,131,249,183,16,228,80,138,211,98,214,211,22,238,244,156,240,2,132,89,104,163,134,133,77,80,57,147,50,3,164,206,183,70,227,248,201,162,38,208,161,43,24,206,69,79,92,54,119,207,193,176,219,103,7,228,211,49,55,66,69,0,138,167,8,249,79,7,195,111,228,169,195,135,172,188,165,184,218,41,149,161,200,136,47,86,14,107,57,191,117,2,49,96,115,186,81,232,74,91,182,166,175,145,169,239,190,247,183,60,49,192,102,226,116,118,140,157,0,167,156,81,101,164,68,52,255,207,10,202,110,80,40,214,131,10,131,51,184,170,148,72,227,51,186,159,53,247,63,27,71,15,161,97,170,43,120,211,184,238,158,189,238,120,169,148,6,9,136,150,155,69,127,149,205,229,31,108,107,78,20,108,6,210,68,21,192,67,167,9,102,112,141,189,202,12,19,118,134,220,18,46,55,89,167,16,47,232,234,46,55,125,50,229,236,112,159,16,244,118,107,13,250,171,169,67,131,51,193,209,84,33,93,240,117,22,231,114,159,233,178,84,73,205,150,147,12,226,249,138,77,66,188,246,36,113,72,80,201,52,48,110,13,148,252,141,20,96,126,187,81,58,148,83,112,160,137,16,216,45,186,122,29,38,217,140,114,64,66,196,53,116,207,154,0,24,158,42,193,0,112,90,99,20,235,22,236,210,22,23,187,238,1,105,3,95,185,190,119,48,112,250,23,56,207,104,87,241,10,65,159,205,2,3,1,0,1,163,130,3,193,48,130,3,189,48,31,6,3,85,29,35,4,24,48,22,128,20,81,104,255,144,175,2,7,117,60,204,217,101,100,98,162,18,184,89,114,59,48,29,6,3,85,29,14,4,22,4,20,16,204,71,103,78,215,186,41,86,17,35,32,27,207,13,166,59,77,168,147,48,125,6,3,85,29,17,4,118,48,116,130,16,42,46,97,112,105,46,116,111,109,116,111,109,46,99,111,109,130,14,97,112,105,46,116,111,109,116,111,109,46,99,111,109,130,23,42,46,97,112,105,45,115,121,115,116,101,109,46,116,111,109,116,111,109,46,99,111,109,130,17,101,117,45,97,112,105,46,116,111,109,116,111,109,46,99,111,109,130,17,117,115,45,97,112,105,46,116,111,109,116,111,109,46,99,111,109,130,17,107,114,45,97,112,105,46,116,111,109,116,111,109,46,99,111,109,48,62,6,3,85,29,32,4,55,48,53,48,51,6,6,103,129,12,1,2,2,48,41,48,39,6,8,43,6,1,5,5,7,2,1,22,27,104,116,116,112,58,47,47,119,119,119,46,100,105,103,105,99,101,114,116,46,99,111,109,47,67,80,83,48,14,6,3,85,29,15,1,1,255,4,4,3,2,5,160,48,29,6,3,85,29,37,4,22,48,20,6,8,43,6,1,5,5,7,3,1,6,8,43,6,1,5,5,7,3,2,48,117,6,3,85,29,31,4,110,48,108,48,52,160,50,160,48,134,46,104,116,116,112,58,47,47,99,114,108,51,46,100,105,103,105,99,101,114,116,46,99,111,109,47,115,104,97,50,45,104,97,45,115,101,114,118,101,114,45,103,54,46,99,114,108,48,52,160,50,160,48,134,46,104,116,116,112,58,47,47,99,114,108,52,46,100,105,103,105,99,101,114,116,46,99,111,109,47,115,104,97,50,45,104,97,45,115,101,114,118,101,114,45,103,54,46,99,114,108,48,129,131,6,8,43,6,1,5,5,7,1,1,4,119,48,117,48,36,6,8,43,6,1,5,5,7,48,1,134,24,104,116,116,112,58,47,47,111,99,115,112,46,100,105,103,105,99,101,114,116,46,99,111,109,48,77,6,8,43,6,1,5,5,7,48,2,134,65,104,116,116,112,58,47,47,99,97,99,101,114,116,115,46,100,105,103,105,99,101,114,116,46,99,111,109,47,68,105,103,105,67,101,114,116,83,72,65,50,72,105,103,104,65,115,115,117,114,97,110,99,101,83,101,114,118,101,114,67,65,46,99,114,116,48,12,6,3,85,29,19,1,1,255,4,2,48,0,48,130,1,128,6,10,43,6,1,4,1,214,121,2,4,2,4,130,1,112,4,130,1,108,1,106,0,119,0,18,241,78,52,189,83,114,76,132,6,25,195,143,63,122,19,248,231,181,98,135,136,156,109,48,5,132,235,229,134,38,58,0,0,1,147,246,224,211,38,0,0,4,3,0,72,48,70,2,33,0,192,235,206,193,117,224,35,250,227,114,204,178,175,128,106,112,209,95,169,103,41,211,14,203,124,160,43,18,156,206,49,18,2,33,0,200,137,4,20,148,214,55,215,178,155,98,125,153,27,7,55,102,96,180,79,106,50,20,97,165,245,254,228,128,6,154,83,0,118,0,237,60,75,214,232,6,194,164,162,0,87,219,203,36,226,56,1,223,81,47,237,196,134,197,112,15,32,221,183,62,63,224,0,0,1,147,246,224,210,204,0,0,4,3,0,71,48,69,2,33,0,196,143,15,206,171,207,132,56,4,37,252,176,207,86,82,223,243,161,133,175,160,96,161,53,159,47,245,85,153,19,111,177,2,32,5,241,4,41,31,5,93,154,74,204,105,117,182,181,131,10,192,197,241,95,152,182,215,132,178,200,93,136,55,208,171,160,0,119,0,230,210,49,99,64,119,140,193,16,65,6,215,113,185,206,193,210,64,246,150,132,134,251,186,135,50,29,253,30,55,142,80,0,0,1,147,246,224,210,223,0,0,4,3,0,72,48,70,2,33,0,135,77,53,126,14,17,201,81,133,108,67,162,224,89,150,158,236,100,67,186,99,44,39,48,238,124,129,136,189,214,170,27,2,33,0,206,53,121,186,239,240,64,137,26,241,83,3,20,148,229,107,138,198,199,175,144,193,255,105,78,90,0,144,17,180,167,169,48,13,6,9,42,134,72,134,247,13,1,1,11,5,0,3,130,1,1,0,42,46,135,191,206,134,231,26,123,190,43,110,215,239,80,55,227,40,49,189,92,248,88,189,203,57,30,121,93,90,255,76,43,49,245,157,135,193,152,237,156,251,100,97,7,214,218,241,148,21,61,247,164,14,172,55,168,33,51,34,219,235,13,225,168,207,87,239,62,11,46,205,204,242,60,100,62,117,197,136,131,26,166,192,223,128,26,128,153,15,109,243,45,53,177,190,200,44,53,135,120,233,111,255,12,25,111,243,101,82,103,47,2,204,142,80,73,167,45,191,114,72,33,255,80,204,71,121,121,153,255,139,88,123,153,9,33,120,165,93,238,208,211,12,83,119,173,238,160,134,116,115,155,15,251,81,240,81,157,106,123,114,247,254,239,3,153,159,1,25,13,46,72,210,74,24,41,227,200,98,53,64,79,77,105,231,185,168,197,75,220,79,214,150,120,187,241,23,157,121,227,104,11,151,165,244,212,213,16,244,122,201,77,128,195,215,26,157,40,10,221,250,153,20,139,5,28,94,253,212,112,96,250,216,55,242,10,177,134,252,114,188,71,65,13,110,171,138,251,128,200,193,44,70,34,107,164,2,4,0,169,5,2,3,2,162,255,170,129,211,4,129,208,229,86,152,83,138,81,182,76,184,156,119,215,57,137,97,160,44,252,74,42,168,177,43,98,52,58,145,5,203,231,234,0,189,179,60,227,88,142,139,183,122,250,28,124,86,120,234,23,108,82,193,139,187,120,11,185,129,102,208,198,107,220,53,98,43,223,53,163,193,92,58,198,3,153,20,64,110,43,200,28,182,121,216,96,117,81,208,62,180,243,36,42,98,88,90,39,91,138,0,129,204,40,7,171,54,116,232,167,68,34,15,248,84,19,252,249,212,244,92,231,187,1,224,251,65,43,104,132,187,107,213,144,224,89,110,103,111,2,94,232,127,175,207,194,196,25,117,4,223,4,210,9,101,45,49,73,137,95,92,186,36,152,89,115,61,50,148,191,57,226,252,37,247,198,181,245,51,2,223,71,249,67,1,57,67,99,160,16,16,31,50,197,249,185,35,96,163,31,133,3,209,114,85,234,166,80,153,250,174,7,2,5,0,183,150,121,26,179,3,2,1,29],"type":"Buffer"}}},"defaultPort":443,"freeSockets":{},"keepAlive":true,"keepAliveMsecs":1000,"maxCachedSessions":100,"maxFreeSockets":256,"maxSockets":null,"maxTotalSockets":null,"options":{"defaultPort":443,"keepAlive":true,"noDelay":true,"path":null,"protocol":"https:","scheduling":"lifo","timeout":5000},"protocol":"https:","requests":{},"scheduling":"lifo","sockets":{},"totalSocketCount":0}}},"path":"/predict_traffic","pathname":"/predict_traffic","port":"5001","protocol":"http:"},"_redirectCount":0,"_redirects":[],"_requestBodyBuffers":[{"data":{"data":[123,34,104,111,117,114,34,58,49,48,44,34,100,97,121,95,111,102,95,119,101,101,107,34,58,53,44,34,109,111,110,116,104,34,58,57,44,34,99,105,116,121,34,58,34,109,117,109,98,97,105,34,44,34,119,101,97,116,104,101,114,34,58,34,99,108,101,97,114,34,44,34,99,117,114,114,101,110,116,95,118,111,108,117,109,101,34,58,53,48,125],"type":"Buffer"}}],"_requestBodyLength":91,"_timeout":null,"_writableState":{"bufferedIndex":0,"corked":0,"highWaterMark":65536,"length":0,"pendingcb":0,"writelen":0}},"stack":"AggregateError\n    at AxiosError.from (/Users/mullamabusubhani/Downloads/Sateesh proj/Traffic-Prediction-project/Backend/node_modules/axios/dist/node/axios.cjs:899:14)\n    at RedirectableRequest.handleRequestError (/Users/mullamabusubhani/Downloads/Sateesh proj/Traffic-Prediction-project/Backend/node_modules/axios/dist/node/axios.cjs:3228:25)\n    at RedirectableRequest.emit (node:events:520:35)\n    at eventHandlers.<computed> (/Users/mullamabusubhani/Downloads/Sateesh proj/Traffic-Prediction-project/Backend/node_modules/follow-redirects/index.js:49:24)\n    at ClientRequest.emit (node:events:508:28)\n    at emitErrorEvent (node:_http_client:107:11)\n    at Socket.socketErrorListener (node:_http_client:574:5)\n    at Socket.emit (node:events:508:28)\n    at emitErrorNT (node:internal/streams/destroy:170:8)\n    at emitErrorCloseNT (node:internal/streams/destroy:129:3)\n    at Axios.request (/Users/mullamabusubhani/Downloads/Sateesh proj/Traffic-Prediction-project/Backend/node_modules/axios/dist/node/axios.cjs:4317:41)\n    at process.processTicksAndRejections (node:internal/process/task_queues:105:5)\n    at async /Users/mullamabusubhani/Downloads/Sateesh proj/Traffic-Prediction-project/Backend/routes/traffic.js:1468:24\n    at async retryWithBackoff (/Users/mullamabusubhani/Downloads/Sateesh proj/Traffic-Prediction-project/Backend/routes/traffic.js:68:14)\n    at async /Users/mullamabusubhani/Downloads/Sateesh proj/Traffic-Prediction-project/Backend/routes/traffic.js:1467:24","timestamp":"2025-09-05T04:39:02.212Z"}
{"level":"warn","message":"Retry attempt 2 failed, retrying in 4000ms","timestamp":"2025-09-05T04:39:02.287Z"}
{"cause":{"code":"ECONNREFUSED"},"code":"ECONNREFUSED","config":{"adapter":["xhr","http","fetch"],"allowAbsoluteUrls":true,"data":"{\"hour\":10,\"day_of_week\":5,\"month\":9,\"city\":\"mumbai\",\"weather\":\"clear\",\"current_volume\":50}","env":{},"headers":{"Accept":"application/json, text/plain, */*","Accept-Encoding":"gzip, compress, deflate, br","Content-Length":"91","Content-Type":"application/json","User-Agent":"axios/1.11.0"},"maxBodyLength":-1,"maxContentLength":-1,"method":"post","timeout":10000,"transformRequest":[null],"transformResponse":[null],"transitional":{"clarifyTimeoutError":false,"forcedJSONParsing":true,"silentJSONParsing":true},"url":"http://localhost:5001/predict_traffic","xsrfCookieName":"XSRF-TOKEN","xsrfHeaderName":"X-XSRF-TOKEN"},"errors":[{"address":"::1","code":"ECONNREFUSED","errno":-61,"port":5001,"syscall":"connect"},{"address":"127.0.0.1","code":"ECONNREFUSED","errno":-61,"port":5001,"syscall":"connect"}],"level":"error","message":"ML Traffic prediction error:","name":"AggregateError","request":{"_currentRequest":{"_closed":false,"_contentLength":91,"_defaultKeepAlive":true,"_ended":false,"_events":{},"_eventsCount":7,"_hasBody":true,"_header":"POST /predict_traffic HTTP/1.1\r\nAccept: application/json, text/plain, */*\r\nContent-Type: application/json\r\nUser-Agent: axios/1.11.0\r\nContent-Length: 91\r\nAccept-Encoding: gzip, compress, deflate, br\r\nHost: localhost:5001\r\nConnection: keep-alive\r\n\r\n","_headerSent":true,"_keepAliveTimeout":0,"_last":false,"_redirectable":"[Circular]","_removedConnection":false,"_removedContLen":false,"_removedTE":false,"_trailer":"","aborted":false,"agent":{"_events":{},"_eventsCount":2,"defaultPort":80,"freeSockets":{},"keepAlive":true,"keepAliveMsecs":1000,"maxFreeSockets":256,"maxSockets":null,"maxTotalSockets":null,"options":{"keepAlive":true,"noDelay":true,"path":null,"scheduling":"lifo","timeout":5000},"protocol":"http:","requests":{},"scheduling":"lifo","sockets":{"localhost:5001:":[{"_closeAfterHandlingError":false,"_events":{"close":[null,null,null],"connect":[null,null,null],"timeout":[null,null,null]},"_eventsCount":8,"_hadError":true,"_host":"localhost","_httpMessage":"[Circular]","_parent":null,"_pendingData":[{"chunk":"POST /predict_traffic HTTP/1.1\r\nAccept: application/json, text/plain, */*\r\nContent-Type: application/json\r\nUser-Agent: axios/1.11.0\r\nContent-Length: 91\r\nAccept-Encoding: gzip, compress, deflate, br\r\nHost: localhost:5001\r\nConnection: keep-alive\r\n\r\n","encoding":"latin1"},{"chunk":{"data":[123,34,104,111,117,114,34,58,49,48,44,34,100,97,121,95,111,102,95,119,101,101,107,34,58,53,44,34,109,111,110,116,104,34,58,57,44,34,99,105,116,121,34,58,34,109,117,109,98,97,105,34,44,34,119,101,97,116,104,101,114,34,58,34,99,108,101,97,114,34,44,34,99,117,114,114,101,110,116,95,118,111,108,117,109,101,34,58,53,48,125],"type":"Buffer"},"encoding":"buffer"}],"_pendingEncoding":"","_readableState":{"awaitDrainWriters":null,"buffer":[],"bufferIndex":0,"highWaterMark":65536,"length":0,"pipes":[]},"_server":null,"_sockname":null,"_writableState":{"bufferedIndex":0,"corked":0,"highWaterMark":65536,"length":338,"pendingcb":1,"writelen":338},"allowHalfOpen":false,"autoSelectFamilyAttemptedAddresses":["::1:5001","127.0.0.1:5001"],"connecting":false,"parser":null,"server":null,"timeout":10000}]},"totalSocketCount":1},"chunkedEncoding":false,"destroyed":false,"finished":false,"host":"localhost","maxHeadersCount":null,"maxRequestsOnConnectionReached":false,"method":"POST","outputData":[],"outputSize":0,"parser":null,"path":"/predict_traffic","protocol":"http:","res":null,"reusedSocket":false,"sendDate":false,"shouldKeepAlive":true,"strictContentLength":false,"upgradeOrConnect":false,"useChunkedEncodingByDefault":true,"writable":true},"_currentUrl":"http://localhost:5001/predict_traffic","_ended":false,"_ending":true,"_events":{"socket":[null,null]},"_eventsCount":3,"_options":{"agents":{},"beforeRedirects":{},"headers":{"Accept":"application/json, text/plain, */*","Accept-Encoding":"gzip, compress, deflate, br","Content-Length":"91","Content-Type":"application/json","User-Agent":"axios/1.11.0"},"hostname":"localhost","maxBodyLength":null,"maxRedirects":21,"method":"POST","nativeProtocols":{"http:":{"METHODS":["ACL","BIND","CHECKOUT","CONNECT","COPY","DELETE","GET","HEAD","LINK","LOCK","M-SEARCH","MERGE","MKACTIVITY","MKCALENDAR","MKCOL","MOVE","NOTIFY","OPTIONS","PATCH","POST","PROPFIND","PROPPATCH","PURGE","PUT","QUERY","REBIND","REPORT","SEARCH","SOURCE","SUBSCRIBE","TRACE","UNBIND","UNLINK","UNLOCK","UNSUBSCRIBE"],"STATUS_CODES":{"100":"Continue","101":"Switching Protocols","102":"Processing","103":"Early Hints","200":"OK","201":"Created","202":"Accepted","203":"Non-Authoritative Information","204":"No Content","205":"Reset Content","206":"Partial Content","207":"Multi-Status","208":"Already Reported","226":"IM Used","300":"Multiple Choices","301":"Moved Permanently","302":"Found","303":"See Other","304":"Not Modified","305":"Use Proxy","307":"Temporary Redirect","308":"Permanent Redirect","400":"Bad Request","401":"Unauthorized","402":"Payment Required","403":"Forbidden","404":"Not Found","405":"Method Not Allowed","406":"Not Acceptable","407":"Proxy Authentication Required","408":"Request Timeout","409":"Conflict","410":"Gone","411":"Length Required","412":"Precondition Failed","413":"Payload Too Large","414":"URI Too Long","415":"Unsupported Media Type","416":"Range Not Satisfiable","417":"Expectation Failed","418":"I'm a Teapot","421":"Misdirected Request","422":"Unprocessable Entity","423":"Locked","424":"Failed Dependency","425":"Too Early","426":"Upgrade Required","428":"Precondition Required","429":"Too Many Requests","431":"Request Header Fields Too Large","451":"Unavailable For Legal Reasons","500":"Internal Server Error","501":"Not Implemented","502":"Bad Gateway","503":"Service Unavailable","504":"Gateway Timeout","505":"HTTP Version Not Supported","506":"Variant Also Negotiates","507":"Insufficient Storage","508":"Loop Detected","509":"Bandwidth Limit Exceeded","510":"Not Extended","511":"Network Authentication Required"},"globalAgent":{"_events":{},"_eventsCount":2,"defaultPort":80,"freeSockets":{},"keepAlive":true,"keepAliveMsecs":1000,"maxFreeSockets":256,"maxSockets":null,"maxTotalSockets":null,"options":{"keepAlive":true,"noDelay":true,"path":null,"scheduling":"lifo","timeout":5000},"protocol":"http:","requests":{},"scheduling":"lifo","sockets":{"localhost:5001:":[{"_closeAfterHandlingError":false,"_events":{"close":[null,null,null],"connect":[null,null,null],"timeout":[null,null,null]},"_eventsCount":8,"_hadError":true,"_host":"localhost","_httpMessage":{"_closed":false,"_contentLength":91,"_defaultKeepAlive":true,"_ended":false,"_events":{},"_eventsCount":7,"_hasBody":true,"_header":"POST /predict_traffic HTTP/1.1\r\nAccept: application/json, text/plain, */*\r\nContent-Type: application/json\r\nUser-Agent: axios/1.11.0\r\nContent-Length: 91\r\nAccept-Encoding: gzip, compress, deflate, br\r\nHost: localhost:5001\r\nConnection: keep-alive\r\n\r\n","_headerSent":true,"_keepAliveTimeout":0,"_last":false,"_redirectable":"[Circular]","_removedConnection":false,"_removedContLen":false,"_removedTE":false,"_trailer":"","aborted":false,"agent":"[Circular]","chunkedEncoding":false,"destroyed":false,"finished":false,"host":"localhost","maxHeadersCount":null,"maxRequestsOnConnectionReached":false,"method":"POST","outputData":[],"outputSize":0,"parser":null,"path":"/predict_traffic","protocol":"http:","res":null,"reusedSocket":false,"sendDate":false,"shouldKeepAlive":true,"strictContentLength":false,"upgradeOrConnect":false,"useChunkedEncodingByDefault":true,"writable":true},"_parent":null,"_pendingData":[{"chunk":"POST /predict_traffic HTTP/1.1\r\nAccept: application/json, text/plain, */*\r\nContent-Type: application/json\r\nUser-Agent: axios/1.11.0\r\nContent-Length: 91\r\nAccept-Encoding: gzip, compress, deflate, br\r\nHost: localhost:5001\r\nConnection: keep-alive\r\n\r\n","encoding":"latin1"},{"chunk":{"data":[123,34,104,111,117,114,34,58,49,48,44,34,100,97,121,95,111,102,95,119,101,101,107,34,58,53,44,34,109,111,110,116,104,34,58,57,44,34,99,105,116,121,34,58,34,109,117,109,98,97,105,34,44,34,119,101,97,116,104,101,114,34,58,34,99,108,101,97,114,34,44,34,99,117,114,114,101,110,116,95,118,111,108,117,109,101,34,58,53,48,125],"type":"Buffer"},"encoding":"buffer"}],"_pendingEncoding":"","_readableState":{"awaitDrainWriters":null,"buffer":[],"bufferIndex":0,"highWaterMark":65536,"length":0,"pipes":[]},"_server":null,"_sockname":null,"_writableState":{"bufferedIndex":0,"corked":0,"highWaterMark":65536,"length":338,"pendingcb":1,"writelen":338},"allowHalfOpen":false,"autoSelectFamilyAttemptedAddresses":["::1:5001","127.0.0.1:5001"],"connecting":false,"parser":null,"server":null,"timeout":10000}]},"totalSocketCount":1},"maxHeaderSize":16384},"https:":{"globalAgent":{"_events":{},"_eventsCount":2,"_sessionCache":{"list":["api.tomtom.com:443:::::::::::::::::::::"],"map":{"api.tomtom.com:443:::::::::::::::::::::":{"data":[48,130,9,129,2,1,1,2,2,3,4,4,2,19,2,4,32,78,110,203,232,170,52,234,214,77,202,57,0,150,206,139,154,182,137,65,78,148,214,45,226,231,228,62,209,250,133,69,173,4,48,131,73,7,229,228,14,167,197,7,136,119,155,128,32,138,19,13,167,159,60,189,52,103,224,133,224,226,182,109,79,244,44,104,253,78,21,167,171,197,23,65,29,14,10,212,232,24,142,161,6,2,4,104,186,105,91,162,4,2,2,28,32,163,130,8,33,48,130,8,29,48,130,7,5,160,3,2,1,2,2,16,4,163,105,240,29,195,67,64,62,22,209,23,119,9,18,172,48,13,6,9,42,134,72,134,247,13,1,1,11,5,0,48,112,49,11,48,9,6,3,85,4,6,19,2,85,83,49,21,48,19,6,3,85,4,10,19,12,68,105,103,105,67,101,114,116,32,73,110,99,49,25,48,23,6,3,85,4,11,19,16,119,119,119,46,100,105,103,105,99,101,114,116,46,99,111,109,49,47,48,45,6,3,85,4,3,19,38,68,105,103,105,67,101,114,116,32,83,72,65,50,32,72,105,103,104,32,65,115,115,117,114,97,110,99,101,32,83,101,114,118,101,114,32,67,65,48,30,23,13,50,52,49,50,50,52,48,48,48,48,48,48,90,23,13,50,53,49,50,49,56,50,51,53,57,53,57,90,48,96,49,11,48,9,6,3,85,4,6,19,2,78,76,49,18,48,16,6,3,85,4,7,19,9,65,109,115,116,101,114,100,97,109,49,34,48,32,6,3,85,4,10,19,25,84,111,109,84,111,109,32,73,110,116,101,114,110,97,116,105,111,110,97,108,32,66,46,86,46,49,25,48,23,6,3,85,4,3,12,16,42,46,97,112,105,46,116,111,109,116,111,109,46,99,111,109,48,130,2,34,48,13,6,9,42,134,72,134,247,13,1,1,1,5,0,3,130,2,15,0,48,130,2,10,2,130,2,1,0,227,54,75,32,155,64,175,183,48,150,131,81,113,110,90,237,192,42,161,203,69,77,176,68,62,188,223,204,140,34,164,28,135,132,123,71,24,211,253,86,21,25,26,217,6,43,41,119,54,109,83,65,136,143,163,57,188,236,125,166,7,72,130,37,105,5,115,199,140,22,193,90,246,221,99,192,232,25,107,157,96,106,183,149,122,30,227,107,200,48,155,149,13,34,138,233,215,255,177,91,43,40,243,15,211,116,8,243,24,67,1,116,235,228,230,5,191,219,99,247,57,89,81,99,246,124,149,39,108,179,39,63,239,178,53,207,196,184,254,134,36,92,203,181,116,207,195,164,11,253,245,209,90,251,240,86,57,50,65,216,53,22,229,135,34,119,104,53,149,100,200,179,234,79,68,217,138,196,133,122,3,131,249,183,16,228,80,138,211,98,214,211,22,238,244,156,240,2,132,89,104,163,134,133,77,80,57,147,50,3,164,206,183,70,227,248,201,162,38,208,161,43,24,206,69,79,92,54,119,207,193,176,219,103,7,228,211,49,55,66,69,0,138,167,8,249,79,7,195,111,228,169,195,135,172,188,165,184,218,41,149,161,200,136,47,86,14,107,57,191,117,2,49,96,115,186,81,232,74,91,182,166,175,145,169,239,190,247,183,60,49,192,102,226,116,118,140,157,0,167,156,81,101,164,68,52,255,207,10,202,110,80,40,214,131,10,131,51,184,170,148,72,227,51,186,159,53,247,63,27,71,15,161,97,170,43,120,211,184,238,158,189,238,120,169,148,6,9,136,150,155,69,127,149,205,229,31,108,107,78,20,108,6,210,68,21,192,67,167,9,102,112,141,189,202,12,19,118,134,220,18,46,55,89,167,16,47,232,234,46,55,125,50,229,236,112,159,16,244,118,107,13,250,171,169,67,131,51,193,209,84,33,93,240,117,22,231,114,159,233,178,84,73,205,150,147,12,226,249,138,77,66,188,246,36,113,72,80,201,52,48,110,13,148,252,141,20,96,126,187,81,58,148,83,112,160,137,16,216,45,186,122,29,38,217,140,114,64,66,196,53,116,207,154,0,24,158,42,193,0,112,90,99,20,235,22,236,210,22,23,187,238,1,105,3,95,185,190,119,48,112,250,23,56,207,104,87,241,10,65,159,205,2,3,1,0,1,163,130,3,193,48,130,3,189,48,31,6,3,85,29,35,4,24,48,22,128,20,81,104,255,144,175,2,7,117,60,204,217,101,100,98,162,18,184,89,114,59,48,29,6,3,85,29,14,4,22,4,20,16,204,71,103,78,215,186,41,86,17,35,32,27,207,13,166,59,77,168,147,48,125,6,3,85,29,17,4,118,48,116,130,16,42,46,97,112,105,46,116,111,109,116,111,109,46,99,111,109,130,14,97,112,105,46,116,111,109,116,111,109,46,99,111,109,130,23,42,46,97,112,105,45,115,121,115,116,101,109,46,116,111,109,116,111,109,46,99,111,109,130,17,101,117,45,97,112,105,46,116,111,109,116,111,109,46,99,111,109,130,17,117,115,45,97,112,105,46,116,111,109,116,111,109,46,99,111,109,130,17,107,114,45,97,112,105,46,116,111,109,116,111,109,46,99,111,109,48,62,6,3,85,29,32,4,55,48,53,48,51,6,6,103,129,12,1,2,2,48,41,48,39,6,8,43,6,1,5,5,7,2,1,22,27,104,116,116,112,58,47,47,119,119,119,46,100,105,103,105,99,101,114,116,46,99,111,109,47,67,80,83,48,14,6,3,85,29,15,1,1,255,4,4,3,2,5,160,48,29,6,3,85,29,37,4,22,48,20,6,8,43,6,1,5,5,7,3,1,6,8,43,6,1,5,5,7,3,2,48,117,6,3,85,29,31,4,110,48,108,48,52,160,50,160,48,134,46,104,116,116,112,58,47,47,99,114,108,51,46,100,105,103,105,99,101,114,116,46,99,111,109,47,115,104,97,50,45,104,97,45,115,101,114,118,101,114,45,103,54,46,99,114,108,48,52,160,50,160,48,134,46,104,116,116,112,58,47,47,99,114,108,52,46,100,105,103,105,99,101,114,116,46,99,111,109,47,115,104,97,50,45,104,97,45,115,101,114,118,101,114,45,103,54,46,99,114,108,48,129,131,6,8,43,6,1,5,5,7,1,1,4,119,48,117,48,36,6,8,43,6,1,5,5,7,48,1,134,24,104,116,116,112,58,47,47,111,99,115,112,46,100,105,103,105,99,101,114,116,46,99,111,109,48,77,6,8,43,6,1,5,5,7,48,2,134,65,104,116,116,112,58,47,47,99,97,99,101,114,116,115,46,100,105,103,105,99,101,114,116,46,99,111,109,47,68,105,103,105,67,101,114,116,83,72,65,50,72,105,103,104,65,115,115,117,114,97,110,99,101,83,101,114,118,101,114,67,65,46,99,114,116,48,12,6,3,85,29,19,1,1,255,4,2,48,0,48,130,1,128,6,10,43,6,1,4,1,214,121,2,4,2,4,130,1,112,4,130,1,108,1,106,0,119,0,18,241,78,52,189,83,114,76,132,6,25,195,143,63,122,19,248,231,181,98,135,136,156,109,48,5,132,235,229,134,38,58,0,0,1,147,246,224,211,38,0,0,4,3,0,72,48,70,2,33,0,192,235,206,193,117,224,35,250,227,114,204,178,175,128,106,112,209,95,169,103,41,211,14,203,124,160,43,18,156,206,49,18,2,33,0,200,137,4,20,148,214,55,215,178,155,98,125,153,27,7,55,102,96,180,79,106,50,20,97,165,245,254,228,128,6,154,83,0,118,0,237,60,75,214,232,6,194,164,162,0,87,219,203,36,226,56,1,223,81,47,237,196,134,197,112,15,32,221,183,62,63,224,0,0,1,147,246,224,210,204,0,0,4,3,0,71,48,69,2,33,0,196,143,15,206,171,207,132,56,4,37,252,176,207,86,82,223,243,161,133,175,160,96,161,53,159,47,245,85,153,19,111,177,2,32,5,241,4,41,31,5,93,154,74,204,105,117,182,181,131,10,192,197,241,95,152,182,215,132,178,200,93,136,55,208,171,160,0,119,0,230,210,49,99,64,119,140,193,16,65,6,215,113,185,206,193,210,64,246,150,132,134,251,186,135,50,29,253,30,55,142,80,0,0,1,147,246,224,210,223,0,0,4,3,0,72,48,70,2,33,0,135,77,53,126,14,17,201,81,133,108,67,162,224,89,150,158,236,100,67,186,99,44,39,48,238,124,129,136,189,214,170,27,2,33,0,206,53,121,186,239,240,64,137,26,241,83,3,20,148,229,107,138,198,199,175,144,193,255,105,78,90,0,144,17,180,167,169,48,13,6,9,42,134,72,134,247,13,1,1,11,5,0,3,130,1,1,0,42,46,135,191,206,134,231,26,123,190,43,110,215,239,80,55,227,40,49,189,92,248,88,189,203,57,30,121,93,90,255,76,43,49,245,157,135,193,152,237,156,251,100,97,7,214,218,241,148,21,61,247,164,14,172,55,168,33,51,34,219,235,13,225,168,207,87,239,62,11,46,205,204,242,60,100,62,117,197,136,131,26,166,192,223,128,26,128,153,15,109,243,45,53,177,190,200,44,53,135,120,233,111,255,12,25,111,243,101,82,103,47,2,204,142,80,73,167,45,191,114,72,33,255,80,204,71,121,121,153,255,139,88,123,153,9,33,120,165,93,238,208,211,12,83,119,173,238,160,134,116,115,155,15,251,81,240,81,157,106,123,114,247,254,239,3,153,159,1,25,13,46,72,210,74,24,41,227,200,98,53,64,79,77,105,231,185,168,197,75,220,79,214,150,120,187,241,23,157,121,227,104,11,151,165,244,212,213,16,244,122,201,77,128,195,215,26,157,40,10,221,250,153,20,139,5,28,94,253,212,112,96,250,216,55,242,10,177,134,252,114,188,71,65,13,110,171,138,251,128,200,193,44,70,34,107,164,2,4,0,169,5,2,3,2,162,255,170,129,211,4,129,208,229,86,152,83,138,81,182,76,184,156,119,215,57,137,97,160,44,252,74,42,168,177,43,98,52,58,145,5,203,231,234,0,189,179,60,227,88,142,139,183,122,250,28,124,86,120,234,23,108,82,193,139,187,120,11,185,129,102,208,198,107,220,53,98,43,223,53,163,193,92,58,198,3,153,20,64,110,43,200,28,182,121,216,96,117,81,208,62,180,243,36,42,98,88,90,39,91,138,0,129,204,40,7,171,54,116,232,167,68,34,15,248,84,19,252,249,212,244,92,231,187,1,224,251,65,43,104,132,187,107,213,144,224,89,110,103,111,2,94,232,127,175,207,194,196,25,117,4,223,4,210,9,101,45,49,73,137,95,92,186,36,152,89,115,61,50,148,191,57,226,252,37,247,198,181,245,51,2,223,71,249,67,1,57,67,99,160,16,16,31,50,197,249,185,35,96,163,31,133,3,209,114,85,234,166,80,153,250,174,7,2,5,0,183,150,121,26,179,3,2,1,29],"type":"Buffer"}}},"defaultPort":443,"freeSockets":{},"keepAlive":true,"keepAliveMsecs":1000,"maxCachedSessions":100,"maxFreeSockets":256,"maxSockets":null,"maxTotalSockets":null,"options":{"defaultPort":443,"keepAlive":true,"noDelay":true,"path":null,"protocol":"https:","scheduling":"lifo","timeout":5000},"protocol":"https:","requests":{},"scheduling":"lifo","sockets":{},"totalSocketCount":0}}},"path":"/predict_traffic","pathname":"/predict_traffic","port":"5001","protocol":"http:"},"_redirectCount":0,"_redirects":[],"_requestBodyBuffers":[{"data":{"data":[123,34,104,111,117,114,34,58,49,48,44,34,100,97,121,95,111,102,95,119,101,101,107,34,58,53,44,34,109,111,110,116,104,34,58,57,44,34,99,105,116,121,34,58,34,109,117,109,98,97,105,34,44,34,119,101,97,116,104,101,114,34,58,34,99,108,101,97,114,34,44,34,99,117,114,114,101,110,116,95,118,111,108,117,109,101,34,58,53,48,125],"type":"Buffer"}}],"_requestBodyLength":91,"_timeout":null,"_writableState":{"bufferedIndex":0,"corked":0,"highWaterMark":65536,"length":0,"pendingcb":0,"writelen":0}},"stack":"AggregateError\n    at AxiosError.from (/Users/mullamabusubhani/Downloads/Sateesh proj/Traffic-Prediction-project/Backend/node_modules/axios/dist/node/axios.cjs:899:14)\n    at RedirectableRequest.handleRequestError (/Users/mullamabusubhani/Downloads/Sateesh proj/Traffic-Prediction-project/Backend/node_modules/axios/dist/node/axios.cjs:3228:25)\n    at RedirectableRequest.emit (node:events:520:35)\n    at eventHandlers.<computed> (/Users/mullamabusubhani/Downloads/Sateesh proj/Traffic-Prediction-project/Backend/node_modules/follow-redirects/index.js:49:24)\n    at ClientRequest.emit (node:events:508:28)\n    at emitErrorEvent (node:_http_client:107:11)\n    at Socket.socketErrorListener (node:_http_client:574:5)\n    at Socket.emit (node:events:508:28)\n    at emitErrorNT (node:internal/streams/destroy:170:8)\n    at emitErrorCloseNT (node:internal/streams/destroy:129:3)\n    at Axios.request (/Users/mullamabusubhani/Downloads/Sateesh proj/Traffic-Prediction-project/Backend/node_modules/axios/dist/node/axios.cjs:4317:41)\n    at process.processTicksAndRejections (node:internal/process/task_queues:105:5)\n    at async /Users/mullamabusubhani/Downloads/Sateesh proj/Traffic-Prediction-project/Backend/routes/traffic.js:1468:24\n    at async retryWithBackoff (/Users/mullamabusubhani/Downloads/Sateesh proj/Traffic-Prediction-project/Backend/routes/traffic.js:68:14)\n    at async /Users/mullamabusubhani/Downloads/Sateesh proj/Traffic-Prediction-project/Backend/routes/traffic.js:1467:24","timestamp":"2025-09-05T04:39:02.289Z"}
{"level":"warn","message":"Retry attempt 2 failed, retrying in 4000ms","timestamp":"2025-09-05T04:39:02.488Z"}
{"cause":{"code":"ECONNREFUSED"},"code":"ECONNREFUSED","config":{"adapter":["xhr","http","fetch"],"allowAbsoluteUrls":true,"data":"{\"hour\":10,\"day_of_week\":5,\"month\":9,\"city\":\"mumbai\",\"weather\":\"clear\",\"current_volume\":50}","env":{},"headers":{"Accept":"application/json, text/plain, */*","Accept-Encoding":"gzip, compress, deflate, br","Content-Length":"91","Content-Type":"application/json","User-Agent":"axios/1.11.0"},"maxBodyLength":-1,"maxContentLength":-1,"method":"post","timeout":10000,"transformRequest":[null],"transformResponse":[null],"transitional":{"clarifyTimeoutError":false,"forcedJSONParsing":true,"silentJSONParsing":true},"url":"http://localhost:5001/predict_traffic","xsrfCookieName":"XSRF-TOKEN","xsrfHeaderName":"X-XSRF-TOKEN"},"errors":[{"address":"::1","code":"ECONNREFUSED","errno":-61,"port":5001,"syscall":"connect"},{"address":"127.0.0.1","code":"ECONNREFUSED","errno":-61,"port":5001,"syscall":"connect"}],"level":"error","message":"ML Traffic prediction error:","name":"AggregateError","request":{"_currentRequest":{"_closed":false,"_contentLength":91,"_defaultKeepAlive":true,"_ended":false,"_events":{},"_eventsCount":7,"_hasBody":true,"_header":"POST /predict_traffic HTTP/1.1\r\nAccept: application/json, text/plain, */*\r\nContent-Type: application/json\r\nUser-Agent: axios/1.11.0\r\nContent-Length: 91\r\nAccept-Encoding: gzip, compress, deflate, br\r\nHost: localhost:5001\r\nConnection: keep-alive\r\n\r\n","_headerSent":true,"_keepAliveTimeout":0,"_last":false,"_redirectable":"[Circular]","_removedConnection":false,"_removedContLen":false,"_removedTE":false,"_trailer":"","aborted":false,"agent":{"_events":{},"_eventsCount":2,"defaultPort":80,"freeSockets":{},"keepAlive":true,"keepAliveMsecs":1000,"maxFreeSockets":256,"maxSockets":null,"maxTotalSockets":null,"options":{"keepAlive":true,"noDelay":true,"path":null,"scheduling":"lifo","timeout":5000},"protocol":"http:","requests":{},"scheduling":"lifo","sockets":{"localhost:5001:":[{"_closeAfterHandlingError":false,"_events":{"close":[null,null,null],"connect":[null,null,null],"timeout":[null,null,null]},"_eventsCount":8,"_hadError":true,"_host":"localhost","_httpMessage":"[Circular]","_parent":null,"_pendingData":[{"chunk":"POST /predict_traffic HTTP/1.1\r\nAccept: application/json, text/plain, */*\r\nContent-Type: application/json\r\nUser-Agent: axios/1.11.0\r\nContent-Length: 91\r\nAccept-Encoding: gzip, compress, deflate, br\r\nHost: localhost:5001\r\nConnection: keep-alive\r\n\r\n","encoding":"latin1"},{"chunk":{"data":[123,34,104,111,117,114,34,58,49,48,44,34,100,97,121,95,111,102,95,119,101,101,107,34,58,53,44,34,109,111,110,116,104,34,58,57,44,34,99,105,116,121,34,58,34,109,117,109,98,97,105,34,44,34,119,101,97,116,104,101,114,34,58,34,99,108,101,97,114,34,44,34,99,117,114,114,101,110,116,95,118,111,108,117,109,101,34,58,53,48,125],"type":"Buffer"},"encoding":"buffer"}],"_pendingEncoding":"","_readableState":{"awaitDrainWriters":null,"buffer":[],"bufferIndex":0,"highWaterMark":65536,"length":0,"pipes":[]},"_server":null,"_sockname":null,"_writableState":{"bufferedIndex":0,"corked":0,"highWaterMark":65536,"length":338,"pendingcb":1,"writelen":338},"allowHalfOpen":false,"autoSelectFamilyAttemptedAddresses":["::1:5001","127.0.0.1:5001"],"connecting":false,"parser":null,"server":null,"timeout":10000}]},"totalSocketCount":1},"chunkedEncoding":false,"destroyed":false,"finished":false,"host":"localhost","maxHeadersCount":null,"maxRequestsOnConnectionReached":false,"method":"POST","outputData":[],"outputSize":0,"parser":null,"path":"/predict_traffic","protocol":"http:","res":null,"reusedSocket":false,"sendDate":false,"shouldKeepAlive":true,"strictContentLength":false,"upgradeOrConnect":false,"useChunkedEncodingByDefault":true,"writable":true},"_currentUrl":"http://localhost:5001/predict_traffic","_ended":false,"_ending":true,"_events":{"socket":[null,null]},"_eventsCount":3,"_options":{"agents":{},"beforeRedirects":{},"headers":{"Accept":"application/json, text/plain, */*","Accept-Encoding":"gzip, compress, deflate, br","Content-Length":"91","Content-Type":"application/json","User-Agent":"axios/1.11.0"},"hostname":"localhost","maxBodyLength":null,"maxRedirects":21,"method":"POST","nativeProtocols":{"http:":{"METHODS":["ACL","BIND","CHECKOUT","CONNECT","COPY","DELETE","GET","HEAD","LINK","LOCK","M-SEARCH","MERGE","MKACTIVITY","MKCALENDAR","MKCOL","MOVE","NOTIFY","OPTIONS","PATCH","POST","PROPFIND","PROPPATCH","PURGE","PUT","QUERY","REBIND","REPORT","SEARCH","SOURCE","SUBSCRIBE","TRACE","UNBIND","UNLINK","UNLOCK","UNSUBSCRIBE"],"STATUS_CODES":{"100":"Continue","101":"Switching Protocols","102":"Processing","103":"Early Hints","200":"OK","201":"Created","202":"Accepted","203":"Non-Authoritative Information","204":"No Content","205":"Reset Content","206":"Partial Content","207":"Multi-Status","208":"Already Reported","226":"IM Used","300":"Multiple Choices","301":"Moved Permanently","302":"Found","303":"See Other","304":"Not Modified","305":"Use Proxy","307":"Temporary Redirect","308":"Permanent Redirect","400":"Bad Request","401":"Unauthorized","402":"Payment Required","403":"Forbidden","404":"Not Found","405":"Method Not Allowed","406":"Not Acceptable","407":"Proxy Authentication Required","408":"Request Timeout","409":"Conflict","410":"Gone","411":"Length Required","412":"Precondition Failed","413":"Payload Too Large","414":"URI Too Long","415":"Unsupported Media Type","416":"Range Not Satisfiable","417":"Expectation Failed","418":"I'm a Teapot","421":"Misdirected Request","422":"Unprocessable Entity","423":"Locked","424":"Failed Dependency","425":"Too Early","426":"Upgrade Required","428":"Precondition Required","429":"Too Many Requests","431":"Request Header Fields Too Large","451":"Unavailable For Legal Reasons","500":"Internal Server Error","501":"Not Implemented","502":"Bad Gateway","503":"Service Unavailable","504":"Gateway Timeout","505":"HTTP Version Not Supported","506":"Variant Also Negotiates","507":"Insufficient Storage","508":"Loop Detected","509":"Bandwidth Limit Exceeded","510":"Not Extended","511":"Network Authentication Required"},"globalAgent":{"_events":{},"_eventsCount":2,"defaultPort":80,"freeSockets":{},"keepAlive":true,"keepAliveMsecs":1000,"maxFreeSockets":256,"maxSockets":null,"maxTotalSockets":null,"options":{"keepAlive":true,"noDelay":true,"path":null,"scheduling":"lifo","timeout":5000},"protocol":"http:","requests":{},"scheduling":"lifo","sockets":{"localhost:5001:":[{"_closeAfterHandlingError":false,"_events":{"close":[null,null,null],"connect":[null,null,null],"timeout":[null,null,null]},"_eventsCount":8,"_hadError":true,"_host":"localhost","_httpMessage":{"_closed":false,"_contentLength":91,"_defaultKeepAlive":true,"_ended":false,"_events":{},"_eventsCount":7,"_hasBody":true,"_header":"POST /predict_traffic HTTP/1.1\r\nAccept: application/json, text/plain, */*\r\nContent-Type: application/json\r\nUser-Agent: axios/1.11.0\r\nContent-Length: 91\r\nAccept-Encoding: gzip, compress, deflate, br\r\nHost: localhost:5001\r\nConnection: keep-alive\r\n\r\n","_headerSent":true,"_keepAliveTimeout":0,"_last":false,"_redirectable":"[Circular]","_removedConnection":false,"_removedContLen":false,"_removedTE":false,"_trailer":"","aborted":false,"agent":"[Circular]","chunkedEncoding":false,"destroyed":false,"finished":false,"host":"localhost","maxHeadersCount":null,"maxRequestsOnConnectionReached":false,"method":"POST","outputData":[],"outputSize":0,"parser":null,"path":"/predict_traffic","protocol":"http:","res":null,"reusedSocket":false,"sendDate":false,"shouldKeepAlive":true,"strictContentLength":false,"upgradeOrConnect":false,"useChunkedEncodingByDefault":true,"writable":true},"_parent":null,"_pendingData":[{"chunk":"POST /predict_traffic HTTP/1.1\r\nAccept: application/json, text/plain, */*\r\nContent-Type: application/json\r\nUser-Agent: axios/1.11.0\r\nContent-Length: 91\r\nAccept-Encoding: gzip, compress, deflate, br\r\nHost: localhost:5001\r\nConnection: keep-alive\r\n\r\n","encoding":"latin1"},{"chunk":{"data":[123,34,104,111,117,114,34,58,49,48,44,34,100,97,121,95,111,102,95,119,101,101,107,34,58,53,44,34,109,111,110,116,104,34,58,57,44,34,99,105,116,121,34,58,34,109,117,109,98,97,105,34,44,34,119,101,97,116,104,101,114,34,58,34,99,108,101,97,114,34,44,34,99,117,114,114,101,110,116,95,118,111,108,117,109,101,34,58,53,48,125],"type":"Buffer"},"encoding":"buffer"}],"_pendingEncoding":"","_readableState":{"awaitDrainWriters":null,"buffer":[],"bufferIndex":0,"highWaterMark":65536,"length":0,"pipes":[]},"_server":null,"_sockname":null,"_writableState":{"bufferedIndex":0,"corked":0,"highWaterMark":65536,"length":338,"pendingcb":1,"writelen":338},"allowHalfOpen":false,"autoSelectFamilyAttemptedAddresses":["::1:5001","127.0.0.1:5001"],"connecting":false,"parser":null,"server":null,"timeout":10000}]},"totalSocketCount":1},"maxHeaderSize":16384},"https:":{"globalAgent":{"_events":{},"_eventsCount":2,"_sessionCache":{"list":["api.tomtom.com:443:::::::::::::::::::::"],"map":{"api.tomtom.com:443:::::::::::::::::::::":{"data":[48,130,9,129,2,1,1,2,2,3,4,4,2,19,2,4,32,78,110,203,232,170,52,234,214,77,202,57,0,150,206,139,154,182,137,65,78,148,214,45,226,231,228,62,209,250,133,69,173,4,48,131,73,7,229,228,14,167,197,7,136,119,155,128,32,138,19,13,167,159,60,189,52,103,224,133,224,226,182,109,79,244,44,104,253,78,21,167,171,197,23,65,29,14,10,212,232,24,142,161,6,2,4,104,186,105,91,162,4,2,2,28,32,163,130,8,33,48,130,8,29,48,130,7,5,160,3,2,1,2,2,16,4,163,105,240,29,195,67,64,62,22,209,23,119,9,18,172,48,13,6,9,42,134,72,134,247,13,1,1,11,5,0,48,112,49,11,48,9,6,3,85,4,6,19,2,85,83,49,21,48,19,6,3,85,4,10,19,12,68,105,103,105,67,101,114,116,32,73,110,99,49,25,48,23,6,3,85,4,11,19,16,119,119,119,46,100,105,103,105,99,101,114,116,46,99,111,109,49,47,48,45,6,3,85,4,3,19,38,68,105,103,105,67,101,114,116,32,83,72,65,50,32,72,105,103,104,32,65,115,115,117,114,97,110,99,101,32,83,101,114,118,101,114,32,67,65,48,30,23,13,50,52,49,50,50,52,48,48,48,48,48,48,90,23,13,50,53,49,50,49,56,50,51,53,57,53,57,90,48,96,49,11,48,9,6,3,85,4,6,19,2,78,76,49,18,48,16,6,3,85,4,7,19,9,65,109,115,116,101,114,100,97,109,49,34,48,32,6,3,85,4,10,19,25,84,111,109,84,111,109,32,73,110,116,101,114,110,97,116,105,111,110,97,108,32,66,46,86,46,49,25,48,23,6,3,85,4,3,12,16,42,46,97,112,105,46,116,111,109,116,111,109,46,99,111,109,48,130,2,34,48,13,6,9,42,134,72,134,247,13,1,1,1,5,0,3,130,2,15,0,48,130,2,10,2,130,2,1,0,227,54,75,32,155,64,175,183,48,150,131,81,113,110,90,237,192,42,161,203,69,77,176,68,62,188,223,204,140,34,164,28,135,132,123,71,24,211,253,86,21,25,26,217,6,43,41,119,54,109,83,65,136,143,163,57,188,236,125,166,7,72,130,37,105,5,115,199,140,22,193,90,246,221,99,192,232,25,107,157,96,106,183,149,122,30,227,107,200,48,155,149,13,34,138,233,215,255,177,91,43,40,243,15,211,116,8,243,24,67,1,116,235,228,230,5,191,219,99,247,57,89,81,99,246,124,149,39,108,179,39,63,239,178,53,207,196,184,254,134,36,92,203,181,116,207,195,164,11,253,245,209,90,251,240,86,57,50,65,216,53,22,229,135,34,119,104,53,149,100,200,179,234,79,68,217,138,196,133,122,3,131,249,183,16,228,80,138,211,98,214,211,22,238,244,156,240,2,132,89,104,163,134,133,77,80,57,147,50,3,164,206,183,70,227,248,201,162,38,208,161,43,24,206,69,79,92,54,119,207,193,176,219,103,7,228,211,49,55,66,69,0,138,167,8,249,79,7,195,111,228,169,195,135,172,188,165,184,218,41,149,161,200,136,47,86,14,107,57,191,117,2,49,96,115,186,81,232,74,91,182,166,175,145,169,239,190,247,183,60,49,192,102,226,116,118,140,157,0,167,156,81,101,164,68,52,255,207,10,202,110,80,40,214,131,10,131,51,184,170,148,72,227,51,186,159,53,247,63,27,71,15,161,97,170,43,120,211,184,238,158,189,238,120,169,148,6,9,136,150,155,69,127,149,205,229,31,108,107,78,20,108,6,210,68,21,192,67,167,9,102,112,141,189,202,12,19,118,134,220,18,46,55,89,167,16,47,232,234,46,55,125,50,229,236,112,159,16,244,118,107,13,250,171,169,67,131,51,193,209,84,33,93,240,117,22,231,114,159,233,178,84,73,205,150,147,12,226,249,138,77,66,188,246,36,113,72,80,201,52,48,110,13,148,252,141,20,96,126,187,81,58,148,83,112,160,137,16,216,45,186,122,29,38,217,140,114,64,66,196,53,116,207,154,0,24,158,42,193,0,112,90,99,20,235,22,236,210,22,23,187,238,1,105,3,95,185,190,119,48,112,250,23,56,207,104,87,241,10,65,159,205,2,3,1,0,1,163,130,3,193,48,130,3,189,48,31,6,3,85,29,35,4,24,48,22,128,20,81,104,255,144,175,2,7,117,60,204,217,101,100,98,162,18,184,89,114,59,48,29,6,3,85,29,14,4,22,4,20,16,204,71,103,78,215,186,41,86,17,35,32,27,207,13,166,59,77,168,147,48,125,6,3,85,29,17,4,118,48,116,130,16,42,46,97,112,105,46,116,111,109,116,111,109,46,99,111,109,130,14,97,112,105,46,116,111,109,116,111,109,46,99,111,109,130,23,42,46,97,112,105,45,115,121,115,116,101,109,46,116,111,109,116,111,109,46,99,111,109,130,17,101,117,45,97,112,105,46,116,111,109,116,111,109,46,99,111,109,130,17,117,115,45,97,112,105,46,116,111,109,116,111,109,46,99,111,109,130,17,107,114,45,97,112,105,46,116,111,109,116,111,109,46,99,111,109,48,62,6,3,85,29,32,4,55,48,53,48,51,6,6,103,129,12,1,2,2,48,41,48,39,6,8,43,6,1,5,5,7,2,1,22,27,104,116,116,112,58,47,47,119,119,119,46,100,105,103,105,99,101,114,116,46,99,111,109,47,67,80,83,48,14,6,3,85,29,15,1,1,255,4,4,3,2,5,160,48,29,6,3,85,29,37,4,22,48,20,6,8,43,6,1,5,5,7,3,1,6,8,43,6,1,5,5,7,3,2,48,117,6,3,85,29,31,4,110,48,108,48,52,160,50,160,48,134,46,104,116,116,112,58,47,47,99,114,108,51,46,100,105,103,105,99,101,114,116,46,99,111,109,47,115,104,97,50,45,104,97,45,115,101,114,118,101,114,45,103,54,46,99,114,108,48,52,160,50,160,48,134,46,104,116,116,112,58,47,47,99,114,108,52,46,100,105,103,105,99,101,114,116,46,99,111,109,47,115,104,97,50,45,104,97,45,115,101,114,118,101,114,45,103,54,46,99,114,108,48,129,131,6,8,43,6,1,5,5,7,1,1,4,119,48,117,48,36,6,8,43,6,1,5,5,7,48,1,134,24,104,116,116,112,58,47,47,111,99,115,112,46,100,105,103,105,99,101,114,116,46,99,111,109,48,77,6,8,43,6,1,5,5,7,48,2,134,65,104,116,116,112,58,47,47,99,97,99,101,114,116,115,46,100,105,103,105,99,101,114,116,46,99,111,109,47,68,105,103,105,67,101,114,116,83,72,65,50,72,105,103,104,65,115,115,117,114,97,110,99,101,83,101,114,118,101,114,67,65,46,99,114,116,48,12,6,3,85,29,19,1,1,255,4,2,48,0,48,130,1,128,6,10,43,6,1,4,1,214,121,2,4,2,4,130,1,112,4,130,1,108,1,106,0,119,0,18,241,78,52,189,83,114,76,132,6,25,195,143,63,122,19,248,231,181,98,135,136,156,109,48,5,132,235,229,134,38,58,0,0,1,147,246,224,211,38,0,0,4,3,0,72,48,70,2,33,0,192,235,206,193,117,224,35,250,227,114,204,178,175,128,106,112,209,95,169,103,41,211,14,203,124,160,43,18,156,206,49,18,2,33,0,200,137,4,20,148,214,55,215,178,155,98,125,153,27,7,55,102,96,180,79,106,50,20,97,165,245,254,228,128,6,154,83,0,118,0,237,60,75,214,232,6,194,164,162,0,87,219,203,36,226,56,1,223,81,47,237,196,134,197,112,15,32,221,183,62,63,224,0,0,1,147,246,224,210,204,0,0,4,3,0,71,48,69,2,33,0,196,143,15,206,171,207,132,56,4,37,252,176,207,86,82,223,243,161,133,175,160,96,161,53,159,47,245,85,153,19,111,177,2,32,5,241,4,41,31,5,93,154,74,204,105,117,182,181,131,10,192,197,241,95,152,182,215,132,178,200,93,136,55,208,171,160,0,119,0,230,210,49,99,64,119,140,193,16,65,6,215,113,185,206,193,210,64,246,150,132,134,251,186,135,50,29,253,30,55,142,80,0,0,1,147,246,224,210,223,0,0,4,3,0,72,48,70,2,33,0,135,77,53,126,14,17,201,81,133,108,67,162,224,89,150,158,236,100,67,186,99,44,39,48,238,124,129,136,189,214,170,27,2,33,0,206,53,121,186,239,240,64,137,26,241,83,3,20,148,229,107,138,198,199,175,144,193,255,105,78,90,0,144,17,180,167,169,48,13,6,9,42,134,72,134,247,13,1,1,11,5,0,3,130,1,1,0,42,46,135,191,206,134,231,26,123,190,43,110,215,239,80,55,227,40,49,189,92,248,88,189,203,57,30,121,93,90,255,76,43,49,245,157,135,193,152,237,156,251,100,97,7,214,218,241,148,21,61,247,164,14,172,55,168,33,51,34,219,235,13,225,168,207,87,239,62,11,46,205,204,242,60,100,62,117,197,136,131,26,166,192,223,128,26,128,153,15,109,243,45,53,177,190,200,44,53,135,120,233,111,255,12,25,111,243,101,82,103,47,2,204,142,80,73,167,45,191,114,72,33,255,80,204,71,121,121,153,255,139,88,123,153,9,33,120,165,93,238,208,211,12,83,119,173,238,160,134,116,115,155,15,251,81,240,81,157,106,123,114,247,254,239,3,153,159,1,25,13,46,72,210,74,24,41,227,200,98,53,64,79,77,105,231,185,168,197,75,220,79,214,150,120,187,241,23,157,121,227,104,11,151,165,244,212,213,16,244,122,201,77,128,195,215,26,157,40,10,221,250,153,20,139,5,28,94,253,212,112,96,250,216,55,242,10,177,134,252,114,188,71,65,13,110,171,138,251,128,200,193,44,70,34,107,164,2,4,0,169,5,2,3,2,162,255,170,129,211,4,129,208,229,86,152,83,138,81,182,76,184,156,119,215,57,137,97,160,44,252,74,42,168,177,43,98,52,58,145,5,203,231,234,0,189,179,60,227,88,142,139,183,122,250,28,124,86,120,234,23,108,82,193,139,187,120,11,185,129,102,208,198,107,220,53,98,43,223,53,163,193,92,58,198,3,153,20,64,110,43,200,28,182,121,216,96,117,81,208,62,180,243,36,42,98,88,90,39,91,138,0,129,204,40,7,171,54,116,232,167,68,34,15,248,84,19,252,249,212,244,92,231,187,1,224,251,65,43,104,132,187,107,213,144,224,89,110,103,111,2,94,232,127,175,207,194,196,25,117,4,223,4,210,9,101,45,49,73,137,95,92,186,36,152,89,115,61,50,148,191,57,226,252,37,247,198,181,245,51,2,223,71,249,67,1,57,67,99,160,16,16,31,50,197,249,185,35,96,163,31,133,3,209,114,85,234,166,80,153,250,174,7,2,5,0,183,150,121,26,179,3,2,1,29],"type":"Buffer"}}},"defaultPort":443,"freeSockets":{},"keepAlive":true,"keepAliveMsecs":1000,"maxCachedSessions":100,"maxFreeSockets":256,"maxSockets":null,"maxTotalSockets":null,"options":{"defaultPort":443,"keepAlive":true,"noDelay":true,"path":null,"protocol":"https:","scheduling":"lifo","timeout":5000},"protocol":"https:","requests":{},"scheduling":"lifo","sockets":{},"totalSocketCount":0}}},"path":"/predict_traffic","pathname":"/predict_traffic","port":"5001","protocol":"http:"},"_redirectCount":0,"_redirects":[],"_requestBodyBuffers":[{"data":{"data":[123,34,104,111,117,114,34,58,49,48,44,34,100,97,121,95,111,102,95,119,101,101,107,34,58,53,44,34,109,111,110,116,104,34,58,57,44,34,99,105,116,121,34,58,34,109,117,109,98,97,105,34,44,34,119,101,97,116,104,101,114,34,58,34,99,108,101,97,114,34,44,34,99,117,114,114,101,110,116,95,118,111,108,117,109,101,34,58,53,48,125],"type":"Buffer"}}],"_requestBodyLength":91,"_timeout":null,"_writableState":{"bufferedIndex":0,"corked":0,"highWaterMark":65536,"length":0,"pendingcb":0,"writelen":0}},"stack":"AggregateError\n    at AxiosError.from (/Users/mullamabusubhani/Downloads/Sateesh proj/Traffic-Prediction-project/Backend/node_modules/axios/dist/node/axios.cjs:899:14)\n    at RedirectableRequest.handleRequestError (/Users/mullamabusubhani/Downloads/Sateesh proj/Traffic-Prediction-project/Backend/node_modules/axios/dist/node/axios.cjs:3228:25)\n    at RedirectableRequest.emit (node:events:520:35)\n    at eventHandlers.<computed> (/Users/mullamabusubhani/Downloads/Sateesh proj/Traffic-Prediction-project/Backend/node_modules/follow-redirects/index.js:49:24)\n    at ClientRequest.emit (node:events:508:28)\n    at emitErrorEvent (node:_http_client:107:11)\n    at Socket.socketErrorListener (node:_http_client:574:5)\n    at Socket.emit (node:events:508:28)\n    at emitErrorNT (node:internal/streams/destroy:170:8)\n    at emitErrorCloseNT (node:internal/streams/destroy:129:3)\n    at Axios.request (/Users/mullamabusubhani/Downloads/Sateesh proj/Traffic-Prediction-project/Backend/node_modules/axios/dist/node/axios.cjs:4317:41)\n    at process.processTicksAndRejections (node:internal/process/task_queues:105:5)\n    at async /Users/mullamabusubhani/Downloads/Sateesh proj/Traffic-Prediction-project/Backend/routes/traffic.js:1468:24\n    at async retryWithBackoff (/Users/mullamabusubhani/Downloads/Sateesh proj/Traffic-Prediction-project/Backend/routes/traffic.js:68:14)\n    at async /Users/mullamabusubhani/Downloads/Sateesh proj/Traffic-Prediction-project/Backend/routes/traffic.js:1467:24","timestamp":"2025-09-05T04:39:02.492Z"}
{"level":"warn","message":"Retry attempt 2 failed, retrying in 4000ms","timestamp":"2025-09-05T04:39:02.652Z"}
{"cause":{"code":"ECONNREFUSED"},"code":"ECONNREFUSED","config":{"adapter":["xhr","http","fetch"],"allowAbsoluteUrls":true,"data":"{\"hour\":10,\"day_of_week\":5,\"month\":9,\"city\":\"mumbai\",\"weather\":\"clear\",\"current_volume\":50}","env":{},"headers":{"Accept":"application/json, text/plain, */*","Accept-Encoding":"gzip, compress, deflate, br","Content-Length":"91","Content-Type":"application/json","User-Agent":"axios/1.11.0"},"maxBodyLength":-1,"maxContentLength":-1,"method":"post","timeout":10000,"transformRequest":[null],"transformResponse":[null],"transitional":{"clarifyTimeoutError":false,"forcedJSONParsing":true,"silentJSONParsing":true},"url":"http://localhost:5001/predict_traffic","xsrfCookieName":"XSRF-TOKEN","xsrfHeaderName":"X-XSRF-TOKEN"},"errors":[{"address":"::1","code":"ECONNREFUSED","errno":-61,"port":5001,"syscall":"connect"},{"address":"127.0.0.1","code":"ECONNREFUSED","errno":-61,"port":5001,"syscall":"connect"}],"level":"error","message":"ML Traffic prediction error:","name":"AggregateError","request":{"_currentRequest":{"_closed":false,"_contentLength":91,"_defaultKeepAlive":true,"_ended":false,"_events":{},"_eventsCount":7,"_hasBody":true,"_header":"POST /predict_traffic HTTP/1.1\r\nAccept: application/json, text/plain, */*\r\nContent-Type: application/json\r\nUser-Agent: axios/1.11.0\r\nContent-Length: 91\r\nAccept-Encoding: gzip, compress, deflate, br\r\nHost: localhost:5001\r\nConnection: keep-alive\r\n\r\n","_headerSent":true,"_keepAliveTimeout":0,"_last":false,"_redirectable":"[Circular]","_removedConnection":false,"_removedContLen":false,"_removedTE":false,"_trailer":"","aborted":false,"agent":{"_events":{},"_eventsCount":2,"defaultPort":80,"freeSockets":{},"keepAlive":true,"keepAliveMsecs":1000,"maxFreeSockets":256,"maxSockets":null,"maxTotalSockets":null,"options":{"keepAlive":true,"noDelay":true,"path":null,"scheduling":"lifo","timeout":5000},"protocol":"http:","requests":{},"scheduling":"lifo","sockets":{"localhost:5001:":[{"_closeAfterHandlingError":false,"_events":{"close":[null,null,null],"connect":[null,null,null],"timeout":[null,null,null]},"_eventsCount":8,"_hadError":true,"_host":"localhost","_httpMessage":"[Circular]","_parent":null,"_pendingData":[{"chunk":"POST /predict_traffic HTTP/1.1\r\nAccept: application/json, text/plain, */*\r\nContent-Type: application/json\r\nUser-Agent: axios/1.11.0\r\nContent-Length: 91\r\nAccept-Encoding: gzip, compress, deflate, br\r\nHost: localhost:5001\r\nConnection: keep-alive\r\n\r\n","encoding":"latin1"},{"chunk":{"data":[123,34,104,111,117,114,34,58,49,48,44,34,100,97,121,95,111,102,95,119,101,101,107,34,58,53,44,34,109,111,110,116,104,34,58,57,44,34,99,105,116,121,34,58,34,109,117,109,98,97,105,34,44,34,119,101,97,116,104,101,114,34,58,34,99,108,101,97,114,34,44,34,99,117,114,114,101,110,116,95,118,111,108,117,109,101,34,58,53,48,125],"type":"Buffer"},"encoding":"buffer"}],"_pendingEncoding":"","_readableState":{"awaitDrainWriters":null,"buffer":[],"bufferIndex":0,"highWaterMark":65536,"length":0,"pipes":[]},"_server":null,"_sockname":null,"_writableState":{"bufferedIndex":0,"corked":0,"highWaterMark":65536,"length":338,"pendingcb":1,"writelen":338},"allowHalfOpen":false,"autoSelectFamilyAttemptedAddresses":["::1:5001","127.0.0.1:5001"],"connecting":false,"parser":null,"server":null,"timeout":10000}]},"totalSocketCount":1},"chunkedEncoding":false,"destroyed":false,"finished":false,"host":"localhost","maxHeadersCount":null,"maxRequestsOnConnectionReached":false,"method":"POST","outputData":[],"outputSize":0,"parser":null,"path":"/predict_traffic","protocol":"http:","res":null,"reusedSocket":false,"sendDate":false,"shouldKeepAlive":true,"strictContentLength":false,"upgradeOrConnect":false,"useChunkedEncodingByDefault":true,"writable":true},"_currentUrl":"http://localhost:5001/predict_traffic","_ended":false,"_ending":true,"_events":{"socket":[null,null]},"_eventsCount":3,"_options":{"agents":{},"beforeRedirects":{},"headers":{"Accept":"application/json, text/plain, */*","Accept-Encoding":"gzip, compress, deflate, br","Content-Length":"91","Content-Type":"application/json","User-Agent":"axios/1.11.0"},"hostname":"localhost","maxBodyLength":null,"maxRedirects":21,"method":"POST","nativeProtocols":{"http:":{"METHODS":["ACL","BIND","CHECKOUT","CONNECT","COPY","DELETE","GET","HEAD","LINK","LOCK","M-SEARCH","MERGE","MKACTIVITY","MKCALENDAR","MKCOL","MOVE","NOTIFY","OPTIONS","PATCH","POST","PROPFIND","PROPPATCH","PURGE","PUT","QUERY","REBIND","REPORT","SEARCH","SOURCE","SUBSCRIBE","TRACE","UNBIND","UNLINK","UNLOCK","UNSUBSCRIBE"],"STATUS_CODES":{"100":"Continue","101":"Switching Protocols","102":"Processing","103":"Early Hints","200":"OK","201":"Created","202":"Accepted","203":"Non-Authoritative Information","204":"No Content","205":"Reset Content","206":"Partial Content","207":"Multi-Status","208":"Already Reported","226":"IM Used","300":"Multiple Choices","301":"Moved Permanently","302":"Found","303":"See Other","304":"Not Modified","305":"Use Proxy","307":"Temporary Redirect","308":"Permanent Redirect","400":"Bad Request","401":"Unauthorized","402":"Payment Required","403":"Forbidden","404":"Not Found","405":"Method Not Allowed","406":"Not Acceptable","407":"Proxy Authentication Required","408":"Request Timeout","409":"Conflict","410":"Gone","411":"Length Required","412":"Precondition Failed","413":"Payload Too Large","414":"URI Too Long","415":"Unsupported Media Type","416":"Range Not Satisfiable","417":"Expectation Failed","418":"I'm a Teapot","421":"Misdirected Request","422":"Unprocessable Entity","423":"Locked","424":"Failed Dependency","425":"Too Early","426":"Upgrade Required","428":"Precondition Required","429":"Too Many Requests","431":"Request Header Fields Too Large","451":"Unavailable For Legal Reasons","500":"Internal Server Error","501":"Not Implemented","502":"Bad Gateway","503":"Service Unavailable","504":"Gateway Timeout","505":"HTTP Version Not Supported","506":"Variant Also Negotiates","507":"Insufficient Storage","508":"Loop Detected","509":"Bandwidth Limit Exceeded","510":"Not Extended","511":"Network Authentication Required"},"globalAgent":{"_events":{},"_eventsCount":2,"defaultPort":80,"freeSockets":{},"keepAlive":true,"keepAliveMsecs":1000,"maxFreeSockets":256,"maxSockets":null,"maxTotalSockets":null,"options":{"keepAlive":true,"noDelay":true,"path":null,"scheduling":"lifo","timeout":5000},"protocol":"http:","requests":{},"scheduling":"lifo","sockets":{"localhost:5001:":[{"_closeAfterHandlingError":false,"_events":{"close":[null,null,null],"connect":[null,null,null],"timeout":[null,null,null]},"_eventsCount":8,"_hadError":true,"_host":"localhost","_httpMessage":{"_closed":false,"_contentLength":91,"_defaultKeepAlive":true,"_ended":false,"_events":{},"_eventsCount":7,"_hasBody":true,"_header":"POST /predict_traffic HTTP/1.1\r\nAccept: application/json, text/plain, */*\r\nContent-Type: application/json\r\nUser-Agent: axios/1.11.0\r\nContent-Length: 91\r\nAccept-Encoding: gzip, compress, deflate, br\r\nHost: localhost:5001\r\nConnection: keep-alive\r\n\r\n","_headerSent":true,"_keepAliveTimeout":0,"_last":false,"_redirectable":"[Circular]","_removedConnection":false,"_removedContLen":false,"_removedTE":false,"_trailer":"","aborted":false,"agent":"[Circular]","chunkedEncoding":false,"destroyed":false,"finished":false,"host":"localhost","maxHeadersCount":null,"maxRequestsOnConnectionReached":false,"method":"POST","outputData":[],"outputSize":0,"parser":null,"path":"/predict_traffic","protocol":"http:","res":null,"reusedSocket":false,"sendDate":false,"shouldKeepAlive":true,"strictContentLength":false,"upgradeOrConnect":false,"useChunkedEncodingByDefault":true,"writable":true},"_parent":null,"_pendingData":[{"chunk":"POST /predict_traffic HTTP/1.1\r\nAccept: application/json, text/plain, */*\r\nContent-Type: application/json\r\nUser-Agent: axios/1.11.0\r\nContent-Length: 91\r\nAccept-Encoding: gzip, compress, deflate, br\r\nHost: localhost:5001\r\nConnection: keep-alive\r\n\r\n","encoding":"latin1"},{"chunk":{"data":[123,34,104,111,117,114,34,58,49,48,44,34,100,97,121,95,111,102,95,119,101,101,107,34,58,53,44,34,109,111,110,116,104,34,58,57,44,34,99,105,116,121,34,58,34,109,117,109,98,97,105,34,44,34,119,101,97,116,104,101,114,34,58,34,99,108,101,97,114,34,44,34,99,117,114,114,101,110,116,95,118,111,108,117,109,101,34,58,53,48,125],"type":"Buffer"},"encoding":"buffer"}],"_pendingEncoding":"","_readableState":{"awaitDrainWriters":null,"buffer":[],"bufferIndex":0,"highWaterMark":65536,"length":0,"pipes":[]},"_server":null,"_sockname":null,"_writableState":{"bufferedIndex":0,"corked":0,"highWaterMark":65536,"length":338,"pendingcb":1,"writelen":338},"allowHalfOpen":false,"autoSelectFamilyAttemptedAddresses":["::1:5001","127.0.0.1:5001"],"connecting":false,"parser":null,"server":null,"timeout":10000}]},"totalSocketCount":1},"maxHeaderSize":16384},"https:":{"globalAgent":{"_events":{},"_eventsCount":2,"_sessionCache":{"list":["api.tomtom.com:443:::::::::::::::::::::"],"map":{"api.tomtom.com:443:::::::::::::::::::::":{"data":[48,130,9,129,2,1,1,2,2,3,4,4,2,19,2,4,32,78,110,203,232,170,52,234,214,77,202,57,0,150,206,139,154,182,137,65,78,148,214,45,226,231,228,62,209,250,133,69,173,4,48,131,73,7,229,228,14,167,197,7,136,119,155,128,32,138,19,13,167,159,60,189,52,103,224,133,224,226,182,109,79,244,44,104,253,78,21,167,171,197,23,65,29,14,10,212,232,24,142,161,6,2,4,104,186,105,91,162,4,2,2,28,32,163,130,8,33,48,130,8,29,48,130,7,5,160,3,2,1,2,2,16,4,163,105,240,29,195,67,64,62,22,209,23,119,9,18,172,48,13,6,9,42,134,72,134,247,13,1,1,11,5,0,48,112,49,11,48,9,6,3,85,4,6,19,2,85,83,49,21,48,19,6,3,85,4,10,19,12,68,105,103,105,67,101,114,116,32,73,110,99,49,25,48,23,6,3,85,4,11,19,16,119,119,119,46,100,105,103,105,99,101,114,116,46,99,111,109,49,47,48,45,6,3,85,4,3,19,38,68,105,103,105,67,101,114,116,32,83,72,65,50,32,72,105,103,104,32,65,115,115,117,114,97,110,99,101,32,83,101,114,118,101,114,32,67,65,48,30,23,13,50,52,49,50,50,52,48,48,48,48,48,48,90,23,13,50,53,49,50,49,56,50,51,53,57,53,57,90,48,96,49,11,48,9,6,3,85,4,6,19,2,78,76,49,18,48,16,6,3,85,4,7,19,9,65,109,115,116,101,114,100,97,109,49,34,48,32,6,3,85,4,10,19,25,84,111,109,84,111,109,32,73,110,116,101,114,110,97,116,105,111,110,97,108,32,66,46,86,46,49,25,48,23,6,3,85,4,3,12,16,42,46,97,112,105,46,116,111,109,116,111,109,46,99,111,109,48,130,2,34,48,13,6,9,42,134,72,134,247,13,1,1,1,5,0,3,130,2,15,0,48,130,2,10,2,130,2,1,0,227,54,75,32,155,64,175,183,48,150,131,81,113,110,90,237,192,42,161,203,69,77,176,68,62,188,223,204,140,34,164,28,135,132,123,71,24,211,253,86,21,25,26,217,6,43,41,119,54,109,83,65,136,143,163,57,188,236,125,166,7,72,130,37,105,5,115,199,140,22,193,90,246,221,99,192,232,25,107,157,96,106,183,149,122,30,227,107,200,48,155,149,13,34,138,233,215,255,177,91,43,40,243,15,211,116,8,243,24,67,1,116,235,228,230,5,191,219,99,247,57,89,81,99,246,124,149,39,108,179,39,63,239,178,53,207,196,184,254,134,36,92,203,181,116,207,195,164,11,253,245,209,90,251,240,86,57,50,65,216,53,22,229,135,34,119,104,53,149,100,200,179,234,79,68,217,138,196,133,122,3,131,249,183,16,228,80,138,211,98,214,211,22,238,244,156,240,2,132,89,104,163,134,133,77,80,57,147,50,3,164,206,183,70,227,248,201,162,38,208,161,43,24,206,69,79,92,54,119,207,193,176,219,103,7,228,211,49,55,66,69,0,138,167,8,249,79,7,195,111,228,169,195,135,172,188,165,184,218,41,149,161,200,136,47,86,14,107,57,191,117,2,49,96,115,186,81,232,74,91,182,166,175,145,169,239,190,247,183,60,49,192,102,226,116,118,140,157,0,167,156,81,101,164,68,52,255,207,10,202,110,80,40,214,131,10,131,51,184,170,148,72,227,51,186,159,53,247,63,27,71,15,161,97,170,43,120,211,184,238,158,189,238,120,169,148,6,9,136,150,155,69,127,149,205,229,31,108,107,78,20,108,6,210,68,21,192,67,167,9,102,112,141,189,202,12,19,118,134,220,18,46,55,89,167,16,47,232,234,46,55,125,50,229,236,112,159,16,244,118,107,13,250,171,169,67,131,51,193,209,84,33,93,240,117,22,231,114,159,233,178,84,73,205,150,147,12,226,249,138,77,66,188,246,36,113,72,80,201,52,48,110,13,148,252,141,20,96,126,187,81,58,148,83,112,160,137,16,216,45,186,122,29,38,217,140,114,64,66,196,53,116,207,154,0,24,158,42,193,0,112,90,99,20,235,22,236,210,22,23,187,238,1,105,3,95,185,190,119,48,112,250,23,56,207,104,87,241,10,65,159,205,2,3,1,0,1,163,130,3,193,48,130,3,189,48,31,6,3,85,29,35,4,24,48,22,128,20,81,104,255,144,175,2,7,117,60,204,217,101,100,98,162,18,184,89,114,59,48,29,6,3,85,29,14,4,22,4,20,16,204,71,103,78,215,186,41,86,17,35,32,27,207,13,166,59,77,168,147,48,125,6,3,85,29,17,4,118,48,116,130,16,42,46,97,112,105,46,116,111,109,116,111,109,46,99,111,109,130,14,97,112,105,46,116,111,109,116,111,109,46,99,111,109,130,23,42,46,97,112,105,45,115,121,115,116,101,109,46,116,111,109,116,111,109,46,99,111,109,130,17,101,117,45,97,112,105,46,116,111,109,116,111,109,46,99,111,109,130,17,117,115,45,97,112,105,46,116,111,109,116,111,109,46,99,111,109,130,17,107,114,45,97,112,105,46,116,111,109,116,111,109,46,99,111,109,48,62,6,3,85,29,32,4,55,48,53,48,51,6,6,103,129,12,1,2,2,48,41,48,39,6,8,43,6,1,5,5,7,2,1,22,27,104,116,116,112,58,47,47,119,119,119,46,100,105,103,105,99,101,114,116,46,99,111,109,47,67,80,83,48,14,6,3,85,29,15,1,1,255,4,4,3,2,5,160,48,29,6,3,85,29,37,4,22,48,20,6,8,43,6,1,5,5,7,3,1,6,8,43,6,1,5,5,7,3,2,48,117,6,3,85,29,31,4,110,48,108,48,52,160,50,160,48,134,46,104,116,116,112,58,47,47,99,114,108,51,46,100,105,103,105,99,101,114,116,46,99,111,109,47,115,104,97,50,45,104,97,45,115,101,114,118,101,114,45,103,54,46,99,114,108,48,52,160,50,160,48,134,46,104,116,116,112,58,47,47,99,114,108,52,46,100,105,103,105,99,101,114,116,46,99,111,109,47,115,104,97,50,45,104,97,45,115,101,114,118,101,114,45,103,54,46,99,114,108,48,129,131,6,8,43,6,1,5,5,7,1,1,4,119,48,117,48,36,6,8,43,6,1,5,5,7,48,1,134,24,104,116,116,112,58,47,47,111,99,115,112,46,100,105,103,105,99,101,114,116,46,99,111,109,48,77,6,8,43,6,1,5,5,7,48,2,134,65,104,116,116,112,58,47,47,99,97,99,101,114,116,115,46,100,105,103,105,99,101,114,116,46,99,111,109,47,68,105,103,105,67,101,114,116,83,72,65,50,72,105,103,104,65,115,115,117,114,97,110,99,101,83,101,114,118,101,114,67,65,46,99,114,116,48,12,6,3,85,29,19,1,1,255,4,2,48,0,48,130,1,128,6,10,43,6,1,4,1,214,121,2,4,2,4,130,1,112,4,130,1,108,1,106,0,119,0,18,241,78,52,189,83,114,76,132,6,25,195,143,63,122,19,248,231,181,98,135,136,156,109,48,5,132,235,229,134,38,58,0,0,1,147,246,224,211,38,0,0,4,3,0,72,48,70,2,33,0,192,235,206,193,117,224,35,250,227,114,204,178,175,128,106,112,209,95,169,103,41,211,14,203,124,160,43,18,156,206,49,18,2,33,0,200,137,4,20,148,214,55,215,178,155,98,125,153,27,7,55,102,96,180,79,106,50,20,97,165,245,254,228,128,6,154,83,0,118,0,237,60,75,214,232,6,194,164,162,0,87,219,203,36,226,56,1,223,81,47,237,196,134,197,112,15,32,221,183,62,63,224,0,0,1,147,246,224,210,204,0,0,4,3,0,71,48,69,2,33,0,196,143,15,206,171,207,132,56,4,37,252,176,207,86,82,223,243,161,133,175,160,96,161,53,159,47,245,85,153,19,111,177,2,32,5,241,4,41,31,5,93,154,74,204,105,117,182,181,131,10,192,197,241,95,152,182,215,132,178,200,93,136,55,208,171,160,0,119,0,230,210,49,99,64,119,140,193,16,65,6,215,113,185,206,193,210,64,246,150,132,134,251,186,135,50,29,253,30,55,142,80,0,0,1,147,246,224,210,223,0,0,4,3,0,72,48,70,2,33,0,135,77,53,126,14,17,201,81,133,108,67,162,224,89,150,158,236,100,67,186,99,44,39,48,238,124,129,136,189,214,170,27,2,33,0,206,53,121,186,239,240,64,137,26,241,83,3,20,148,229,107,138,198,199,175,144,193,255,105,78,90,0,144,17,180,167,169,48,13,6,9,42,134,72,134,247,13,1,1,11,5,0,3,130,1,1,0,42,46,135,191,206,134,231,26,123,190,43,110,215,239,80,55,227,40,49,189,92,248,88,189,203,57,30,121,93,90,255,76,43,49,245,157,135,193,152,237,156,251,100,97,7,214,218,241,148,21,61,247,164,14,172,55,168,33,51,34,219,235,13,225,168,207,87,239,62,11,46,205,204,242,60,100,62,117,197,136,131,26,166,192,223,128,26,128,153,15,109,243,45,53,177,190,200,44,53,135,120,233,111,255,12,25,111,243,101,82,103,47,2,204,142,80,73,167,45,191,114,72,33,255,80,204,71,121,121,153,255,139,88,123,153,9,33,120,165,93,238,208,211,12,83,119,173,238,160,134,116,115,155,15,251,81,240,81,157,106,123,114,247,254,239,3,153,159,1,25,13,46,72,210,74,24,41,227,200,98,53,64,79,77,105,231,185,168,197,75,220,79,214,150,120,187,241,23,157,121,227,104,11,151,165,244,212,213,16,244,122,201,77,128,195,215,26,157,40,10,221,250,153,20,139,5,28,94,253,212,112,96,250,216,55,242,10,177,134,252,114,188,71,65,13,110,171,138,251,128,200,193,44,70,34,107,164,2,4,0,169,5,2,3,2,162,255,170,129,211,4,129,208,229,86,152,83,138,81,182,76,184,156,119,215,57,137,97,160,44,252,74,42,168,177,43,98,52,58,145,5,203,231,234,0,189,179,60,227,88,142,139,183,122,250,28,124,86,120,234,23,108,82,193,139,187,120,11,185,129,102,208,198,107,220,53,98,43,223,53,163,193,92,58,198,3,153,20,64,110,43,200,28,182,121,216,96,117,81,208,62,180,243,36,42,98,88,90,39,91,138,0,129,204,40,7,171,54,116,232,167,68,34,15,248,84,19,252,249,212,244,92,231,187,1,224,251,65,43,104,132,187,107,213,144,224,89,110,103,111,2,94,232,127,175,207,194,196,25,117,4,223,4,210,9,101,45,49,73,137,95,92,186,36,152,89,115,61,50,148,191,57,226,252,37,247,198,181,245,51,2,223,71,249,67,1,57,67,99,160,16,16,31,50,197,249,185,35,96,163,31,133,3,209,114,85,234,166,80,153,250,174,7,2,5,0,183,150,121,26,179,3,2,1,29],"type":"Buffer"}}},"defaultPort":443,"freeSockets":{},"keepAlive":true,"keepAliveMsecs":1000,"maxCachedSessions":100,"maxFreeSockets":256,"maxSockets":null,"maxTotalSockets":null,"options":{"defaultPort":443,"keepAlive":true,"noDelay":true,"path":null,"protocol":"https:","scheduling":"lifo","timeout":5000},"protocol":"https:","requests":{},"scheduling":"lifo","sockets":{},"totalSocketCount":0}}},"path":"/predict_traffic","pathname":"/predict_traffic","port":"5001","protocol":"http:"},"_redirectCount":0,"_redirects":[],"_requestBodyBuffers":[{"data":{"data":[123,34,104,111,117,114,34,58,49,48,44,34,100,97,121,95,111,102,95,119,101,101,107,34,58,53,44,34,109,111,110,116,104,34,58,57,44,34,99,105,116,121,34,58,34,109,117,109,98,97,105,34,44,34,119,101,97,116,104,101,114,34,58,34,99,108,101,97,114,34,44,34,99,117,114,114,101,110,116,95,118,111,108,117,109,101,34,58,53,48,125],"type":"Buffer"}}],"_requestBodyLength":91,"_timeout":null,"_writableState":{"bufferedIndex":0,"corked":0,"highWaterMark":65536,"length":0,"pendingcb":0,"writelen":0}},"stack":"AggregateError\n    at AxiosError.from (/Users/mullamabusubhani/Downloads/Sateesh proj/Traffic-Prediction-project/Backend/node_modules/axios/dist/node/axios.cjs:899:14)\n    at RedirectableRequest.handleRequestError (/Users/mullamabusubhani/Downloads/Sateesh proj/Traffic-Prediction-project/Backend/node_modules/axios/dist/node/axios.cjs:3228:25)\n    at RedirectableRequest.emit (node:events:520:35)\n    at eventHandlers.<computed> (/Users/mullamabusubhani/Downloads/Sateesh proj/Traffic-Prediction-project/Backend/node_modules/follow-redirects/index.js:49:24)\n    at ClientRequest.emit (node:events:508:28)\n    at emitErrorEvent (node:_http_client:107:11)\n    at Socket.socketErrorListener (node:_http_client:574:5)\n    at Socket.emit (node:events:508:28)\n    at emitErrorNT (node:internal/streams/destroy:170:8)\n    at emitErrorCloseNT (node:internal/streams/destroy:129:3)\n    at Axios.request (/Users/mullamabusubhani/Downloads/Sateesh proj/Traffic-Prediction-project/Backend/node_modules/axios/dist/node/axios.cjs:4317:41)\n    at process.processTicksAndRejections (node:internal/process/task_queues:105:5)\n    at async /Users/mullamabusubhani/Downloads/Sateesh proj/Traffic-Prediction-project/Backend/routes/traffic.js:1468:24\n    at async retryWithBackoff (/Users/mullamabusubhani/Downloads/Sateesh proj/Traffic-Prediction-project/Backend/routes/traffic.js:68:14)\n    at async /Users/mullamabusubhani/Downloads/Sateesh proj/Traffic-Prediction-project/Backend/routes/traffic.js:1467:24","timestamp":"2025-09-05T04:39:02.656Z"}
{"level":"warn","message":"Retry attempt 2 failed, retrying in 4000ms","timestamp":"2025-09-05T04:39:03.077Z"}
{"cause":{"code":"ECONNREFUSED"},"code":"ECONNREFUSED","config":{"adapter":["xhr","http","fetch"],"allowAbsoluteUrls":true,"data":"{\"hour\":10,\"day_of_week\":5,\"month\":9,\"city\":\"mumbai\",\"weather\":\"clear\",\"current_volume\":50}","env":{},"headers":{"Accept":"application/json, text/plain, */*","Accept-Encoding":"gzip, compress, deflate, br","Content-Length":"91","Content-Type":"application/json","User-Agent":"axios/1.11.0"},"maxBodyLength":-1,"maxContentLength":-1,"method":"post","timeout":10000,"transformRequest":[null],"transformResponse":[null],"transitional":{"clarifyTimeoutError":false,"forcedJSONParsing":true,"silentJSONParsing":true},"url":"http://localhost:5001/predict_traffic","xsrfCookieName":"XSRF-TOKEN","xsrfHeaderName":"X-XSRF-TOKEN"},"errors":[{"address":"::1","code":"ECONNREFUSED","errno":-61,"port":5001,"syscall":"connect"},{"address":"127.0.0.1","code":"ECONNREFUSED","errno":-61,"port":5001,"syscall":"connect"}],"level":"error","message":"ML Traffic prediction error:","name":"AggregateError","request":{"_currentRequest":{"_closed":false,"_contentLength":91,"_defaultKeepAlive":true,"_ended":false,"_events":{},"_eventsCount":7,"_hasBody":true,"_header":"POST /predict_traffic HTTP/1.1\r\nAccept: application/json, text/plain, */*\r\nContent-Type: application/json\r\nUser-Agent: axios/1.11.0\r\nContent-Length: 91\r\nAccept-Encoding: gzip, compress, deflate, br\r\nHost: localhost:5001\r\nConnection: keep-alive\r\n\r\n","_headerSent":true,"_keepAliveTimeout":0,"_last":false,"_redirectable":"[Circular]","_removedConnection":false,"_removedContLen":false,"_removedTE":false,"_trailer":"","aborted":false,"agent":{"_events":{},"_eventsCount":2,"defaultPort":80,"freeSockets":{},"keepAlive":true,"keepAliveMsecs":1000,"maxFreeSockets":256,"maxSockets":null,"maxTotalSockets":null,"options":{"keepAlive":true,"noDelay":true,"path":null,"scheduling":"lifo","timeout":5000},"protocol":"http:","requests":{},"scheduling":"lifo","sockets":{"localhost:5001:":[{"_closeAfterHandlingError":false,"_events":{"close":[null,null,null],"connect":[null,null,null],"timeout":[null,null,null]},"_eventsCount":8,"_hadError":true,"_host":"localhost","_httpMessage":"[Circular]","_parent":null,"_pendingData":[{"chunk":"POST /predict_traffic HTTP/1.1\r\nAccept: application/json, text/plain, */*\r\nContent-Type: application/json\r\nUser-Agent: axios/1.11.0\r\nContent-Length: 91\r\nAccept-Encoding: gzip, compress, deflate, br\r\nHost: localhost:5001\r\nConnection: keep-alive\r\n\r\n","encoding":"latin1"},{"chunk":{"data":[123,34,104,111,117,114,34,58,49,48,44,34,100,97,121,95,111,102,95,119,101,101,107,34,58,53,44,34,109,111,110,116,104,34,58,57,44,34,99,105,116,121,34,58,34,109,117,109,98,97,105,34,44,34,119,101,97,116,104,101,114,34,58,34,99,108,101,97,114,34,44,34,99,117,114,114,101,110,116,95,118,111,108,117,109,101,34,58,53,48,125],"type":"Buffer"},"encoding":"buffer"}],"_pendingEncoding":"","_readableState":{"awaitDrainWriters":null,"buffer":[],"bufferIndex":0,"highWaterMark":65536,"length":0,"pipes":[]},"_server":null,"_sockname":null,"_writableState":{"bufferedIndex":0,"corked":0,"highWaterMark":65536,"length":338,"pendingcb":1,"writelen":338},"allowHalfOpen":false,"autoSelectFamilyAttemptedAddresses":["::1:5001","127.0.0.1:5001"],"connecting":false,"parser":null,"server":null,"timeout":10000}]},"totalSocketCount":1},"chunkedEncoding":false,"destroyed":false,"finished":false,"host":"localhost","maxHeadersCount":null,"maxRequestsOnConnectionReached":false,"method":"POST","outputData":[],"outputSize":0,"parser":null,"path":"/predict_traffic","protocol":"http:","res":null,"reusedSocket":false,"sendDate":false,"shouldKeepAlive":true,"strictContentLength":false,"upgradeOrConnect":false,"useChunkedEncodingByDefault":true,"writable":true},"_currentUrl":"http://localhost:5001/predict_traffic","_ended":false,"_ending":true,"_events":{"socket":[null,null]},"_eventsCount":3,"_options":{"agents":{},"beforeRedirects":{},"headers":{"Accept":"application/json, text/plain, */*","Accept-Encoding":"gzip, compress, deflate, br","Content-Length":"91","Content-Type":"application/json","User-Agent":"axios/1.11.0"},"hostname":"localhost","maxBodyLength":null,"maxRedirects":21,"method":"POST","nativeProtocols":{"http:":{"METHODS":["ACL","BIND","CHECKOUT","CONNECT","COPY","DELETE","GET","HEAD","LINK","LOCK","M-SEARCH","MERGE","MKACTIVITY","MKCALENDAR","MKCOL","MOVE","NOTIFY","OPTIONS","PATCH","POST","PROPFIND","PROPPATCH","PURGE","PUT","QUERY","REBIND","REPORT","SEARCH","SOURCE","SUBSCRIBE","TRACE","UNBIND","UNLINK","UNLOCK","UNSUBSCRIBE"],"STATUS_CODES":{"100":"Continue","101":"Switching Protocols","102":"Processing","103":"Early Hints","200":"OK","201":"Created","202":"Accepted","203":"Non-Authoritative Information","204":"No Content","205":"Reset Content","206":"Partial Content","207":"Multi-Status","208":"Already Reported","226":"IM Used","300":"Multiple Choices","301":"Moved Permanently","302":"Found","303":"See Other","304":"Not Modified","305":"Use Proxy","307":"Temporary Redirect","308":"Permanent Redirect","400":"Bad Request","401":"Unauthorized","402":"Payment Required","403":"Forbidden","404":"Not Found","405":"Method Not Allowed","406":"Not Acceptable","407":"Proxy Authentication Required","408":"Request Timeout","409":"Conflict","410":"Gone","411":"Length Required","412":"Precondition Failed","413":"Payload Too Large","414":"URI Too Long","415":"Unsupported Media Type","416":"Range Not Satisfiable","417":"Expectation Failed","418":"I'm a Teapot","421":"Misdirected Request","422":"Unprocessable Entity","423":"Locked","424":"Failed Dependency","425":"Too Early","426":"Upgrade Required","428":"Precondition Required","429":"Too Many Requests","431":"Request Header Fields Too Large","451":"Unavailable For Legal Reasons","500":"Internal Server Error","501":"Not Implemented","502":"Bad Gateway","503":"Service Unavailable","504":"Gateway Timeout","505":"HTTP Version Not Supported","506":"Variant Also Negotiates","507":"Insufficient Storage","508":"Loop Detected","509":"Bandwidth Limit Exceeded","510":"Not Extended","511":"Network Authentication Required"},"globalAgent":{"_events":{},"_eventsCount":2,"defaultPort":80,"freeSockets":{},"keepAlive":true,"keepAliveMsecs":1000,"maxFreeSockets":256,"maxSockets":null,"maxTotalSockets":null,"options":{"keepAlive":true,"noDelay":true,"path":null,"scheduling":"lifo","timeout":5000},"protocol":"http:","requests":{},"scheduling":"lifo","sockets":{"localhost:5001:":[{"_closeAfterHandlingError":false,"_events":{"close":[null,null,null],"connect":[null,null,null],"timeout":[null,null,null]},"_eventsCount":8,"_hadError":true,"_host":"localhost","_httpMessage":{"_closed":false,"_contentLength":91,"_defaultKeepAlive":true,"_ended":false,"_events":{},"_eventsCount":7,"_hasBody":true,"_header":"POST /predict_traffic HTTP/1.1\r\nAccept: application/json, text/plain, */*\r\nContent-Type: application/json\r\nUser-Agent: axios/1.11.0\r\nContent-Length: 91\r\nAccept-Encoding: gzip, compress, deflate, br\r\nHost: localhost:5001\r\nConnection: keep-alive\r\n\r\n","_headerSent":true,"_keepAliveTimeout":0,"_last":false,"_redirectable":"[Circular]","_removedConnection":false,"_removedContLen":false,"_removedTE":false,"_trailer":"","aborted":false,"agent":"[Circular]","chunkedEncoding":false,"destroyed":false,"finished":false,"host":"localhost","maxHeadersCount":null,"maxRequestsOnConnectionReached":false,"method":"POST","outputData":[],"outputSize":0,"parser":null,"path":"/predict_traffic","protocol":"http:","res":null,"reusedSocket":false,"sendDate":false,"shouldKeepAlive":true,"strictContentLength":false,"upgradeOrConnect":false,"useChunkedEncodingByDefault":true,"writable":true},"_parent":null,"_pendingData":[{"chunk":"POST /predict_traffic HTTP/1.1\r\nAccept: application/json, text/plain, */*\r\nContent-Type: application/json\r\nUser-Agent: axios/1.11.0\r\nContent-Length: 91\r\nAccept-Encoding: gzip, compress, deflate, br\r\nHost: localhost:5001\r\nConnection: keep-alive\r\n\r\n","encoding":"latin1"},{"chunk":{"data":[123,34,104,111,117,114,34,58,49,48,44,34,100,97,121,95,111,102,95,119,101,101,107,34,58,53,44,34,109,111,110,116,104,34,58,57,44,34,99,105,116,121,34,58,34,109,117,109,98,97,105,34,44,34,119,101,97,116,104,101,114,34,58,34,99,108,101,97,114,34,44,34,99,117,114,114,101,110,116,95,118,111,108,117,109,101,34,58,53,48,125],"type":"Buffer"},"encoding":"buffer"}],"_pendingEncoding":"","_readableState":{"awaitDrainWriters":null,"buffer":[],"bufferIndex":0,"highWaterMark":65536,"length":0,"pipes":[]},"_server":null,"_sockname":null,"_writableState":{"bufferedIndex":0,"corked":0,"highWaterMark":65536,"length":338,"pendingcb":1,"writelen":338},"allowHalfOpen":false,"autoSelectFamilyAttemptedAddresses":["::1:5001","127.0.0.1:5001"],"connecting":false,"parser":null,"server":null,"timeout":10000}]},"totalSocketCount":1},"maxHeaderSize":16384},"https:":{"globalAgent":{"_events":{},"_eventsCount":2,"_sessionCache":{"list":["api.tomtom.com:443:::::::::::::::::::::"],"map":{"api.tomtom.com:443:::::::::::::::::::::":{"data":[48,130,9,129,2,1,1,2,2,3,4,4,2,19,2,4,32,78,110,203,232,170,52,234,214,77,202,57,0,150,206,139,154,182,137,65,78,148,214,45,226,231,228,62,209,250,133,69,173,4,48,131,73,7,229,228,14,167,197,7,136,119,155,128,32,138,19,13,167,159,60,189,52,103,224,133,224,226,182,109,79,244,44,104,253,78,21,167,171,197,23,65,29,14,10,212,232,24,142,161,6,2,4,104,186,105,91,162,4,2,2,28,32,163,130,8,33,48,130,8,29,48,130,7,5,160,3,2,1,2,2,16,4,163,105,240,29,195,67,64,62,22,209,23,119,9,18,172,48,13,6,9,42,134,72,134,247,13,1,1,11,5,0,48,112,49,11,48,9,6,3,85,4,6,19,2,85,83,49,21,48,19,6,3,85,4,10,19,12,68,105,103,105,67,101,114,116,32,73,110,99,49,25,48,23,6,3,85,4,11,19,16,119,119,119,46,100,105,103,105,99,101,114,116,46,99,111,109,49,47,48,45,6,3,85,4,3,19,38,68,105,103,105,67,101,114,116,32,83,72,65,50,32,72,105,103,104,32,65,115,115,117,114,97,110,99,101,32,83,101,114,118,101,114,32,67,65,48,30,23,13,50,52,49,50,50,52,48,48,48,48,48,48,90,23,13,50,53,49,50,49,56,50,51,53,57,53,57,90,48,96,49,11,48,9,6,3,85,4,6,19,2,78,76,49,18,48,16,6,3,85,4,7,19,9,65,109,115,116,101,114,100,97,109,49,34,48,32,6,3,85,4,10,19,25,84,111,109,84,111,109,32,73,110,116,101,114,110,97,116,105,111,110,97,108,32,66,46,86,46,49,25,48,23,6,3,85,4,3,12,16,42,46,97,112,105,46,116,111,109,116,111,109,46,99,111,109,48,130,2,34,48,13,6,9,42,134,72,134,247,13,1,1,1,5,0,3,130,2,15,0,48,130,2,10,2,130,2,1,0,227,54,75,32,155,64,175,183,48,150,131,81,113,110,90,237,192,42,161,203,69,77,176,68,62,188,223,204,140,34,164,28,135,132,123,71,24,211,253,86,21,25,26,217,6,43,41,119,54,109,83,65,136,143,163,57,188,236,125,166,7,72,130,37,105,5,115,199,140,22,193,90,246,221,99,192,232,25,107,157,96,106,183,149,122,30,227,107,200,48,155,149,13,34,138,233,215,255,177,91,43,40,243,15,211,116,8,243,24,67,1,116,235,228,230,5,191,219,99,247,57,89,81,99,246,124,149,39,108,179,39,63,239,178,53,207,196,184,254,134,36,92,203,181,116,207,195,164,11,253,245,209,90,251,240,86,57,50,65,216,53,22,229,135,34,119,104,53,149,100,200,179,234,79,68,217,138,196,133,122,3,131,249,183,16,228,80,138,211,98,214,211,22,238,244,156,240,2,132,89,104,163,134,133,77,80,57,147,50,3,164,206,183,70,227,248,201,162,38,208,161,43,24,206,69,79,92,54,119,207,193,176,219,103,7,228,211,49,55,66,69,0,138,167,8,249,79,7,195,111,228,169,195,135,172,188,165,184,218,41,149,161,200,136,47,86,14,107,57,191,117,2,49,96,115,186,81,232,74,91,182,166,175,145,169,239,190,247,183,60,49,192,102,226,116,118,140,157,0,167,156,81,101,164,68,52,255,207,10,202,110,80,40,214,131,10,131,51,184,170,148,72,227,51,186,159,53,247,63,27,71,15,161,97,170,43,120,211,184,238,158,189,238,120,169,148,6,9,136,150,155,69,127,149,205,229,31,108,107,78,20,108,6,210,68,21,192,67,167,9,102,112,141,189,202,12,19,118,134,220,18,46,55,89,167,16,47,232,234,46,55,125,50,229,236,112,159,16,244,118,107,13,250,171,169,67,131,51,193,209,84,33,93,240,117,22,231,114,159,233,178,84,73,205,150,147,12,226,249,138,77,66,188,246,36,113,72,80,201,52,48,110,13,148,252,141,20,96,126,187,81,58,148,83,112,160,137,16,216,45,186,122,29,38,217,140,114,64,66,196,53,116,207,154,0,24,158,42,193,0,112,90,99,20,235,22,236,210,22,23,187,238,1,105,3,95,185,190,119,48,112,250,23,56,207,104,87,241,10,65,159,205,2,3,1,0,1,163,130,3,193,48,130,3,189,48,31,6,3,85,29,35,4,24,48,22,128,20,81,104,255,144,175,2,7,117,60,204,217,101,100,98,162,18,184,89,114,59,48,29,6,3,85,29,14,4,22,4,20,16,204,71,103,78,215,186,41,86,17,35,32,27,207,13,166,59,77,168,147,48,125,6,3,85,29,17,4,118,48,116,130,16,42,46,97,112,105,46,116,111,109,116,111,109,46,99,111,109,130,14,97,112,105,46,116,111,109,116,111,109,46,99,111,109,130,23,42,46,97,112,105,45,115,121,115,116,101,109,46,116,111,109,116,111,109,46,99,111,109,130,17,101,117,45,97,112,105,46,116,111,109,116,111,109,46,99,111,109,130,17,117,115,45,97,112,105,46,116,111,109,116,111,109,46,99,111,109,130,17,107,114,45,97,112,105,46,116,111,109,116,111,109,46,99,111,109,48,62,6,3,85,29,32,4,55,48,53,48,51,6,6,103,129,12,1,2,2,48,41,48,39,6,8,43,6,1,5,5,7,2,1,22,27,104,116,116,112,58,47,47,119,119,119,46,100,105,103,105,99,101,114,116,46,99,111,109,47,67,80,83,48,14,6,3,85,29,15,1,1,255,4,4,3,2,5,160,48,29,6,3,85,29,37,4,22,48,20,6,8,43,6,1,5,5,7,3,1,6,8,43,6,1,5,5,7,3,2,48,117,6,3,85,29,31,4,110,48,108,48,52,160,50,160,48,134,46,104,116,116,112,58,47,47,99,114,108,51,46,100,105,103,105,99,101,114,116,46,99,111,109,47,115,104,97,50,45,104,97,45,115,101,114,118,101,114,45,103,54,46,99,114,108,48,52,160,50,160,48,134,46,104,116,116,112,58,47,47,99,114,108,52,46,100,105,103,105,99,101,114,116,46,99,111,109,47,115,104,97,50,45,104,97,45,115,101,114,118,101,114,45,103,54,46,99,114,108,48,129,131,6,8,43,6,1,5,5,7,1,1,4,119,48,117,48,36,6,8,43,6,1,5,5,7,48,1,134,24,104,116,116,112,58,47,47,111,99,115,112,46,100,105,103,105,99,101,114,116,46,99,111,109,48,77,6,8,43,6,1,5,5,7,48,2,134,65,104,116,116,112,58,47,47,99,97,99,101,114,116,115,46,100,105,103,105,99,101,114,116,46,99,111,109,47,68,105,103,105,67,101,114,116,83,72,65,50,72,105,103,104,65,115,115,117,114,97,110,99,101,83,101,114,118,101,114,67,65,46,99,114,116,48,12,6,3,85,29,19,1,1,255,4,2,48,0,48,130,1,128,6,10,43,6,1,4,1,214,121,2,4,2,4,130,1,112,4,130,1,108,1,106,0,119,0,18,241,78,52,189,83,114,76,132,6,25,195,143,63,122,19,248,231,181,98,135,136,156,109,48,5,132,235,229,134,38,58,0,0,1,147,246,224,211,38,0,0,4,3,0,72,48,70,2,33,0,192,235,206,193,117,224,35,250,227,114,204,178,175,128,106,112,209,95,169,103,41,211,14,203,124,160,43,18,156,206,49,18,2,33,0,200,137,4,20,148,214,55,215,178,155,98,125,153,27,7,55,102,96,180,79,106,50,20,97,165,245,254,228,128,6,154,83,0,118,0,237,60,75,214,232,6,194,164,162,0,87,219,203,36,226,56,1,223,81,47,237,196,134,197,112,15,32,221,183,62,63,224,0,0,1,147,246,224,210,204,0,0,4,3,0,71,48,69,2,33,0,196,143,15,206,171,207,132,56,4,37,252,176,207,86,82,223,243,161,133,175,160,96,161,53,159,47,245,85,153,19,111,177,2,32,5,241,4,41,31,5,93,154,74,204,105,117,182,181,131,10,192,197,241,95,152,182,215,132,178,200,93,136,55,208,171,160,0,119,0,230,210,49,99,64,119,140,193,16,65,6,215,113,185,206,193,210,64,246,150,132,134,251,186,135,50,29,253,30,55,142,80,0,0,1,147,246,224,210,223,0,0,4,3,0,72,48,70,2,33,0,135,77,53,126,14,17,201,81,133,108,67,162,224,89,150,158,236,100,67,186,99,44,39,48,238,124,129,136,189,214,170,27,2,33,0,206,53,121,186,239,240,64,137,26,241,83,3,20,148,229,107,138,198,199,175,144,193,255,105,78,90,0,144,17,180,167,169,48,13,6,9,42,134,72,134,247,13,1,1,11,5,0,3,130,1,1,0,42,46,135,191,206,134,231,26,123,190,43,110,215,239,80,55,227,40,49,189,92,248,88,189,203,57,30,121,93,90,255,76,43,49,245,157,135,193,152,237,156,251,100,97,7,214,218,241,148,21,61,247,164,14,172,55,168,33,51,34,219,235,13,225,168,207,87,239,62,11,46,205,204,242,60,100,62,117,197,136,131,26,166,192,223,128,26,128,153,15,109,243,45,53,177,190,200,44,53,135,120,233,111,255,12,25,111,243,101,82,103,47,2,204,142,80,73,167,45,191,114,72,33,255,80,204,71,121,121,153,255,139,88,123,153,9,33,120,165,93,238,208,211,12,83,119,173,238,160,134,116,115,155,15,251,81,240,81,157,106,123,114,247,254,239,3,153,159,1,25,13,46,72,210,74,24,41,227,200,98,53,64,79,77,105,231,185,168,197,75,220,79,214,150,120,187,241,23,157,121,227,104,11,151,165,244,212,213,16,244,122,201,77,128,195,215,26,157,40,10,221,250,153,20,139,5,28,94,253,212,112,96,250,216,55,242,10,177,134,252,114,188,71,65,13,110,171,138,251,128,200,193,44,70,34,107,164,2,4,0,169,5,2,3,2,162,255,170,129,211,4,129,208,229,86,152,83,138,81,182,76,184,156,119,215,57,137,97,160,44,252,74,42,168,177,43,98,52,58,145,5,203,231,234,0,189,179,60,227,88,142,139,183,122,250,28,124,86,120,234,23,108,82,193,139,187,120,11,185,129,102,208,198,107,220,53,98,43,223,53,163,193,92,58,198,3,153,20,64,110,43,200,28,182,121,216,96,117,81,208,62,180,243,36,42,98,88,90,39,91,138,0,129,204,40,7,171,54,116,232,167,68,34,15,248,84,19,252,249,212,244,92,231,187,1,224,251,65,43,104,132,187,107,213,144,224,89,110,103,111,2,94,232,127,175,207,194,196,25,117,4,223,4,210,9,101,45,49,73,137,95,92,186,36,152,89,115,61,50,148,191,57,226,252,37,247,198,181,245,51,2,223,71,249,67,1,57,67,99,160,16,16,31,50,197,249,185,35,96,163,31,133,3,209,114,85,234,166,80,153,250,174,7,2,5,0,183,150,121,26,179,3,2,1,29],"type":"Buffer"}}},"defaultPort":443,"freeSockets":{},"keepAlive":true,"keepAliveMsecs":1000,"maxCachedSessions":100,"maxFreeSockets":256,"maxSockets":null,"maxTotalSockets":null,"options":{"defaultPort":443,"keepAlive":true,"noDelay":true,"path":null,"protocol":"https:","scheduling":"lifo","timeout":5000},"protocol":"https:","requests":{},"scheduling":"lifo","sockets":{},"totalSocketCount":0}}},"path":"/predict_traffic","pathname":"/predict_traffic","port":"5001","protocol":"http:"},"_redirectCount":0,"_redirects":[],"_requestBodyBuffers":[{"data":{"data":[123,34,104,111,117,114,34,58,49,48,44,34,100,97,121,95,111,102,95,119,101,101,107,34,58,53,44,34,109,111,110,116,104,34,58,57,44,34,99,105,116,121,34,58,34,109,117,109,98,97,105,34,44,34,119,101,97,116,104,101,114,34,58,34,99,108,101,97,114,34,44,34,99,117,114,114,101,110,116,95,118,111,108,117,109,101,34,58,53,48,125],"type":"Buffer"}}],"_requestBodyLength":91,"_timeout":null,"_writableState":{"bufferedIndex":0,"corked":0,"highWaterMark":65536,"length":0,"pendingcb":0,"writelen":0}},"stack":"AggregateError\n    at AxiosError.from (/Users/mullamabusubhani/Downloads/Sateesh proj/Traffic-Prediction-project/Backend/node_modules/axios/dist/node/axios.cjs:899:14)\n    at RedirectableRequest.handleRequestError (/Users/mullamabusubhani/Downloads/Sateesh proj/Traffic-Prediction-project/Backend/node_modules/axios/dist/node/axios.cjs:3228:25)\n    at RedirectableRequest.emit (node:events:520:35)\n    at eventHandlers.<computed> (/Users/mullamabusubhani/Downloads/Sateesh proj/Traffic-Prediction-project/Backend/node_modules/follow-redirects/index.js:49:24)\n    at ClientRequest.emit (node:events:508:28)\n    at emitErrorEvent (node:_http_client:107:11)\n    at Socket.socketErrorListener (node:_http_client:574:5)\n    at Socket.emit (node:events:508:28)\n    at emitErrorNT (node:internal/streams/destroy:170:8)\n    at emitErrorCloseNT (node:internal/streams/destroy:129:3)\n    at Axios.request (/Users/mullamabusubhani/Downloads/Sateesh proj/Traffic-Prediction-project/Backend/node_modules/axios/dist/node/axios.cjs:4317:41)\n    at process.processTicksAndRejections (node:internal/process/task_queues:105:5)\n    at async /Users/mullamabusubhani/Downloads/Sateesh proj/Traffic-Prediction-project/Backend/routes/traffic.js:1468:24\n    at async retryWithBackoff (/Users/mullamabusubhani/Downloads/Sateesh proj/Traffic-Prediction-project/Backend/routes/traffic.js:68:14)\n    at async /Users/mullamabusubhani/Downloads/Sateesh proj/Traffic-Prediction-project/Backend/routes/traffic.js:1467:24","timestamp":"2025-09-05T04:39:03.081Z"}
{"level":"warn","message":"Retry attempt 2 failed, retrying in 4000ms","timestamp":"2025-09-05T04:39:03.177Z"}
{"cause":{"code":"ECONNREFUSED"},"code":"ECONNREFUSED","config":{"adapter":["xhr","http","fetch"],"allowAbsoluteUrls":true,"data":"{\"hour\":10,\"day_of_week\":5,\"month\":9,\"city\":\"mumbai\",\"weather\":\"clear\",\"current_volume\":50}","env":{},"headers":{"Accept":"application/json, text/plain, */*","Accept-Encoding":"gzip, compress, deflate, br","Content-Length":"91","Content-Type":"application/json","User-Agent":"axios/1.11.0"},"maxBodyLength":-1,"maxContentLength":-1,"method":"post","timeout":10000,"transformRequest":[null],"transformResponse":[null],"transitional":{"clarifyTimeoutError":false,"forcedJSONParsing":true,"silentJSONParsing":true},"url":"http://localhost:5001/predict_traffic","xsrfCookieName":"XSRF-TOKEN","xsrfHeaderName":"X-XSRF-TOKEN"},"errors":[{"address":"::1","code":"ECONNREFUSED","errno":-61,"port":5001,"syscall":"connect"},{"address":"127.0.0.1","code":"ECONNREFUSED","errno":-61,"port":5001,"syscall":"connect"}],"level":"error","message":"ML Traffic prediction error:","name":"AggregateError","request":{"_currentRequest":{"_closed":false,"_contentLength":91,"_defaultKeepAlive":true,"_ended":false,"_events":{},"_eventsCount":7,"_hasBody":true,"_header":"POST /predict_traffic HTTP/1.1\r\nAccept: application/json, text/plain, */*\r\nContent-Type: application/json\r\nUser-Agent: axios/1.11.0\r\nContent-Length: 91\r\nAccept-Encoding: gzip, compress, deflate, br\r\nHost: localhost:5001\r\nConnection: keep-alive\r\n\r\n","_headerSent":true,"_keepAliveTimeout":0,"_last":false,"_redirectable":"[Circular]","_removedConnection":false,"_removedContLen":false,"_removedTE":false,"_trailer":"","aborted":false,"agent":{"_events":{},"_eventsCount":2,"defaultPort":80,"freeSockets":{},"keepAlive":true,"keepAliveMsecs":1000,"maxFreeSockets":256,"maxSockets":null,"maxTotalSockets":null,"options":{"keepAlive":true,"noDelay":true,"path":null,"scheduling":"lifo","timeout":5000},"protocol":"http:","requests":{},"scheduling":"lifo","sockets":{"localhost:5001:":[{"_closeAfterHandlingError":false,"_events":{"close":[null,null,null],"connect":[null,null,null],"timeout":[null,null,null]},"_eventsCount":8,"_hadError":true,"_host":"localhost","_httpMessage":"[Circular]","_parent":null,"_pendingData":[{"chunk":"POST /predict_traffic HTTP/1.1\r\nAccept: application/json, text/plain, */*\r\nContent-Type: application/json\r\nUser-Agent: axios/1.11.0\r\nContent-Length: 91\r\nAccept-Encoding: gzip, compress, deflate, br\r\nHost: localhost:5001\r\nConnection: keep-alive\r\n\r\n","encoding":"latin1"},{"chunk":{"data":[123,34,104,111,117,114,34,58,49,48,44,34,100,97,121,95,111,102,95,119,101,101,107,34,58,53,44,34,109,111,110,116,104,34,58,57,44,34,99,105,116,121,34,58,34,109,117,109,98,97,105,34,44,34,119,101,97,116,104,101,114,34,58,34,99,108,101,97,114,34,44,34,99,117,114,114,101,110,116,95,118,111,108,117,109,101,34,58,53,48,125],"type":"Buffer"},"encoding":"buffer"}],"_pendingEncoding":"","_readableState":{"awaitDrainWriters":null,"buffer":[],"bufferIndex":0,"highWaterMark":65536,"length":0,"pipes":[]},"_server":null,"_sockname":null,"_writableState":{"bufferedIndex":0,"corked":0,"highWaterMark":65536,"length":338,"pendingcb":1,"writelen":338},"allowHalfOpen":false,"autoSelectFamilyAttemptedAddresses":["::1:5001","127.0.0.1:5001"],"connecting":false,"parser":null,"server":null,"timeout":10000}]},"totalSocketCount":1},"chunkedEncoding":false,"destroyed":false,"finished":false,"host":"localhost","maxHeadersCount":null,"maxRequestsOnConnectionReached":false,"method":"POST","outputData":[],"outputSize":0,"parser":null,"path":"/predict_traffic","protocol":"http:","res":null,"reusedSocket":false,"sendDate":false,"shouldKeepAlive":true,"strictContentLength":false,"upgradeOrConnect":false,"useChunkedEncodingByDefault":true,"writable":true},"_currentUrl":"http://localhost:5001/predict_traffic","_ended":false,"_ending":true,"_events":{"socket":[null,null]},"_eventsCount":3,"_options":{"agents":{},"beforeRedirects":{},"headers":{"Accept":"application/json, text/plain, */*","Accept-Encoding":"gzip, compress, deflate, br","Content-Length":"91","Content-Type":"application/json","User-Agent":"axios/1.11.0"},"hostname":"localhost","maxBodyLength":null,"maxRedirects":21,"method":"POST","nativeProtocols":{"http:":{"METHODS":["ACL","BIND","CHECKOUT","CONNECT","COPY","DELETE","GET","HEAD","LINK","LOCK","M-SEARCH","MERGE","MKACTIVITY","MKCALENDAR","MKCOL","MOVE","NOTIFY","OPTIONS","PATCH","POST","PROPFIND","PROPPATCH","PURGE","PUT","QUERY","REBIND","REPORT","SEARCH","SOURCE","SUBSCRIBE","TRACE","UNBIND","UNLINK","UNLOCK","UNSUBSCRIBE"],"STATUS_CODES":{"100":"Continue","101":"Switching Protocols","102":"Processing","103":"Early Hints","200":"OK","201":"Created","202":"Accepted","203":"Non-Authoritative Information","204":"No Content","205":"Reset Content","206":"Partial Content","207":"Multi-Status","208":"Already Reported","226":"IM Used","300":"Multiple Choices","301":"Moved Permanently","302":"Found","303":"See Other","304":"Not Modified","305":"Use Proxy","307":"Temporary Redirect","308":"Permanent Redirect","400":"Bad Request","401":"Unauthorized","402":"Payment Required","403":"Forbidden","404":"Not Found","405":"Method Not Allowed","406":"Not Acceptable","407":"Proxy Authentication Required","408":"Request Timeout","409":"Conflict","410":"Gone","411":"Length Required","412":"Precondition Failed","413":"Payload Too Large","414":"URI Too Long","415":"Unsupported Media Type","416":"Range Not Satisfiable","417":"Expectation Failed","418":"I'm a Teapot","421":"Misdirected Request","422":"Unprocessable Entity","423":"Locked","424":"Failed Dependency","425":"Too Early","426":"Upgrade Required","428":"Precondition Required","429":"Too Many Requests","431":"Request Header Fields Too Large","451":"Unavailable For Legal Reasons","500":"Internal Server Error","501":"Not Implemented","502":"Bad Gateway","503":"Service Unavailable","504":"Gateway Timeout","505":"HTTP Version Not Supported","506":"Variant Also Negotiates","507":"Insufficient Storage","508":"Loop Detected","509":"Bandwidth Limit Exceeded","510":"Not Extended","511":"Network Authentication Required"},"globalAgent":{"_events":{},"_eventsCount":2,"defaultPort":80,"freeSockets":{},"keepAlive":true,"keepAliveMsecs":1000,"maxFreeSockets":256,"maxSockets":null,"maxTotalSockets":null,"options":{"keepAlive":true,"noDelay":true,"path":null,"scheduling":"lifo","timeout":5000},"protocol":"http:","requests":{},"scheduling":"lifo","sockets":{"localhost:5001:":[{"_closeAfterHandlingError":false,"_events":{"close":[null,null,null],"connect":[null,null,null],"timeout":[null,null,null]},"_eventsCount":8,"_hadError":true,"_host":"localhost","_httpMessage":{"_closed":false,"_contentLength":91,"_defaultKeepAlive":true,"_ended":false,"_events":{},"_eventsCount":7,"_hasBody":true,"_header":"POST /predict_traffic HTTP/1.1\r\nAccept: application/json, text/plain, */*\r\nContent-Type: application/json\r\nUser-Agent: axios/1.11.0\r\nContent-Length: 91\r\nAccept-Encoding: gzip, compress, deflate, br\r\nHost: localhost:5001\r\nConnection: keep-alive\r\n\r\n","_headerSent":true,"_keepAliveTimeout":0,"_last":false,"_redirectable":"[Circular]","_removedConnection":false,"_removedContLen":false,"_removedTE":false,"_trailer":"","aborted":false,"agent":"[Circular]","chunkedEncoding":false,"destroyed":false,"finished":false,"host":"localhost","maxHeadersCount":null,"maxRequestsOnConnectionReached":false,"method":"POST","outputData":[],"outputSize":0,"parser":null,"path":"/predict_traffic","protocol":"http:","res":null,"reusedSocket":false,"sendDate":false,"shouldKeepAlive":true,"strictContentLength":false,"upgradeOrConnect":false,"useChunkedEncodingByDefault":true,"writable":true},"_parent":null,"_pendingData":[{"chunk":"POST /predict_traffic HTTP/1.1\r\nAccept: application/json, text/plain, */*\r\nContent-Type: application/json\r\nUser-Agent: axios/1.11.0\r\nContent-Length: 91\r\nAccept-Encoding: gzip, compress, deflate, br\r\nHost: localhost:5001\r\nConnection: keep-alive\r\n\r\n","encoding":"latin1"},{"chunk":{"data":[123,34,104,111,117,114,34,58,49,48,44,34,100,97,121,95,111,102,95,119,101,101,107,34,58,53,44,34,109,111,110,116,104,34,58,57,44,34,99,105,116,121,34,58,34,109,117,109,98,97,105,34,44,34,119,101,97,116,104,101,114,34,58,34,99,108,101,97,114,34,44,34,99,117,114,114,101,110,116,95,118,111,108,117,109,101,34,58,53,48,125],"type":"Buffer"},"encoding":"buffer"}],"_pendingEncoding":"","_readableState":{"awaitDrainWriters":null,"buffer":[],"bufferIndex":0,"highWaterMark":65536,"length":0,"pipes":[]},"_server":null,"_sockname":null,"_writableState":{"bufferedIndex":0,"corked":0,"highWaterMark":65536,"length":338,"pendingcb":1,"writelen":338},"allowHalfOpen":false,"autoSelectFamilyAttemptedAddresses":["::1:5001","127.0.0.1:5001"],"connecting":false,"parser":null,"server":null,"timeout":10000}]},"totalSocketCount":1},"maxHeaderSize":16384},"https:":{"globalAgent":{"_events":{},"_eventsCount":2,"_sessionCache":{"list":["api.tomtom.com:443:::::::::::::::::::::"],"map":{"api.tomtom.com:443:::::::::::::::::::::":{"data":[48,130,9,129,2,1,1,2,2,3,4,4,2,19,2,4,32,78,110,203,232,170,52,234,214,77,202,57,0,150,206,139,154,182,137,65,78,148,214,45,226,231,228,62,209,250,133,69,173,4,48,131,73,7,229,228,14,167,197,7,136,119,155,128,32,138,19,13,167,159,60,189,52,103,224,133,224,226,182,109,79,244,44,104,253,78,21,167,171,197,23,65,29,14,10,212,232,24,142,161,6,2,4,104,186,105,91,162,4,2,2,28,32,163,130,8,33,48,130,8,29,48,130,7,5,160,3,2,1,2,2,16,4,163,105,240,29,195,67,64,62,22,209,23,119,9,18,172,48,13,6,9,42,134,72,134,247,13,1,1,11,5,0,48,112,49,11,48,9,6,3,85,4,6,19,2,85,83,49,21,48,19,6,3,85,4,10,19,12,68,105,103,105,67,101,114,116,32,73,110,99,49,25,48,23,6,3,85,4,11,19,16,119,119,119,46,100,105,103,105,99,101,114,116,46,99,111,109,49,47,48,45,6,3,85,4,3,19,38,68,105,103,105,67,101,114,116,32,83,72,65,50,32,72,105,103,104,32,65,115,115,117,114,97,110,99,101,32,83,101,114,118,101,114,32,67,65,48,30,23,13,50,52,49,50,50,52,48,48,48,48,48,48,90,23,13,50,53,49,50,49,56,50,51,53,57,53,57,90,48,96,49,11,48,9,6,3,85,4,6,19,2,78,76,49,18,48,16,6,3,85,4,7,19,9,65,109,115,116,101,114,100,97,109,49,34,48,32,6,3,85,4,10,19,25,84,111,109,84,111,109,32,73,110,116,101,114,110,97,116,105,111,110,97,108,32,66,46,86,46,49,25,48,23,6,3,85,4,3,12,16,42,46,97,112,105,46,116,111,109,116,111,109,46,99,111,109,48,130,2,34,48,13,6,9,42,134,72,134,247,13,1,1,1,5,0,3,130,2,15,0,48,130,2,10,2,130,2,1,0,227,54,75,32,155,64,175,183,48,150,131,81,113,110,90,237,192,42,161,203,69,77,176,68,62,188,223,204,140,34,164,28,135,132,123,71,24,211,253,86,21,25,26,217,6,43,41,119,54,109,83,65,136,143,163,57,188,236,125,166,7,72,130,37,105,5,115,199,140,22,193,90,246,221,99,192,232,25,107,157,96,106,183,149,122,30,227,107,200,48,155,149,13,34,138,233,215,255,177,91,43,40,243,15,211,116,8,243,24,67,1,116,235,228,230,5,191,219,99,247,57,89,81,99,246,124,149,39,108,179,39,63,239,178,53,207,196,184,254,134,36,92,203,181,116,207,195,164,11,253,245,209,90,251,240,86,57,50,65,216,53,22,229,135,34,119,104,53,149,100,200,179,234,79,68,217,138,196,133,122,3,131,249,183,16,228,80,138,211,98,214,211,22,238,244,156,240,2,132,89,104,163,134,133,77,80,57,147,50,3,164,206,183,70,227,248,201,162,38,208,161,43,24,206,69,79,92,54,119,207,193,176,219,103,7,228,211,49,55,66,69,0,138,167,8,249,79,7,195,111,228,169,195,135,172,188,165,184,218,41,149,161,200,136,47,86,14,107,57,191,117,2,49,96,115,186,81,232,74,91,182,166,175,145,169,239,190,247,183,60,49,192,102,226,116,118,140,157,0,167,156,81,101,164,68,52,255,207,10,202,110,80,40,214,131,10,131,51,184,170,148,72,227,51,186,159,53,247,63,27,71,15,161,97,170,43,120,211,184,238,158,189,238,120,169,148,6,9,136,150,155,69,127,149,205,229,31,108,107,78,20,108,6,210,68,21,192,67,167,9,102,112,141,189,202,12,19,118,134,220,18,46,55,89,167,16,47,232,234,46,55,125,50,229,236,112,159,16,244,118,107,13,250,171,169,67,131,51,193,209,84,33,93,240,117,22,231,114,159,233,178,84,73,205,150,147,12,226,249,138,77,66,188,246,36,113,72,80,201,52,48,110,13,148,252,141,20,96,126,187,81,58,148,83,112,160,137,16,216,45,186,122,29,38,217,140,114,64,66,196,53,116,207,154,0,24,158,42,193,0,112,90,99,20,235,22,236,210,22,23,187,238,1,105,3,95,185,190,119,48,112,250,23,56,207,104,87,241,10,65,159,205,2,3,1,0,1,163,130,3,193,48,130,3,189,48,31,6,3,85,29,35,4,24,48,22,128,20,81,104,255,144,175,2,7,117,60,204,217,101,100,98,162,18,184,89,114,59,48,29,6,3,85,29,14,4,22,4,20,16,204,71,103,78,215,186,41,86,17,35,32,27,207,13,166,59,77,168,147,48,125,6,3,85,29,17,4,118,48,116,130,16,42,46,97,112,105,46,116,111,109,116,111,109,46,99,111,109,130,14,97,112,105,46,116,111,109,116,111,109,46,99,111,109,130,23,42,46,97,112,105,45,115,121,115,116,101,109,46,116,111,109,116,111,109,46,99,111,109,130,17,101,117,45,97,112,105,46,116,111,109,116,111,109,46,99,111,109,130,17,117,115,45,97,112,105,46,116,111,109,116,111,109,46,99,111,109,130,17,107,114,45,97,112,105,46,116,111,109,116,111,109,46,99,111,109,48,62,6,3,85,29,32,4,55,48,53,48,51,6,6,103,129,12,1,2,2,48,41,48,39,6,8,43,6,1,5,5,7,2,1,22,27,104,116,116,112,58,47,47,119,119,119,46,100,105,103,105,99,101,114,116,46,99,111,109,47,67,80,83,48,14,6,3,85,29,15,1,1,255,4,4,3,2,5,160,48,29,6,3,85,29,37,4,22,48,20,6,8,43,6,1,5,5,7,3,1,6,8,43,6,1,5,5,7,3,2,48,117,6,3,85,29,31,4,110,48,108,48,52,160,50,160,48,134,46,104,116,116,112,58,47,47,99,114,108,51,46,100,105,103,105,99,101,114,116,46,99,111,109,47,115,104,97,50,45,104,97,45,115,101,114,118,101,114,45,103,54,46,99,114,108,48,52,160,50,160,48,134,46,104,116,116,112,58,47,47,99,114,108,52,46,100,105,103,105,99,101,114,116,46,99,111,109,47,115,104,97,50,45,104,97,45,115,101,114,118,101,114,45,103,54,46,99,114,108,48,129,131,6,8,43,6,1,5,5,7,1,1,4,119,48,117,48,36,6,8,43,6,1,5,5,7,48,1,134,24,104,116,116,112,58,47,47,111,99,115,112,46,100,105,103,105,99,101,114,116,46,99,111,109,48,77,6,8,43,6,1,5,5,7,48,2,134,65,104,116,116,112,58,47,47,99,97,99,101,114,116,115,46,100,105,103,105,99,101,114,116,46,99,111,109,47,68,105,103,105,67,101,114,116,83,72,65,50,72,105,103,104,65,115,115,117,114,97,110,99,101,83,101,114,118,101,114,67,65,46,99,114,116,48,12,6,3,85,29,19,1,1,255,4,2,48,0,48,130,1,128,6,10,43,6,1,4,1,214,121,2,4,2,4,130,1,112,4,130,1,108,1,106,0,119,0,18,241,78,52,189,83,114,76,132,6,25,195,143,63,122,19,248,231,181,98,135,136,156,109,48,5,132,235,229,134,38,58,0,0,1,147,246,224,211,38,0,0,4,3,0,72,48,70,2,33,0,192,235,206,193,117,224,35,250,227,114,204,178,175,128,106,112,209,95,169,103,41,211,14,203,124,160,43,18,156,206,49,18,2,33,0,200,137,4,20,148,214,55,215,178,155,98,125,153,27,7,55,102,96,180,79,106,50,20,97,165,245,254,228,128,6,154,83,0,118,0,237,60,75,214,232,6,194,164,162,0,87,219,203,36,226,56,1,223,81,47,237,196,134,197,112,15,32,221,183,62,63,224,0,0,1,147,246,224,210,204,0,0,4,3,0,71,48,69,2,33,0,196,143,15,206,171,207,132,56,4,37,252,176,207,86,82,223,243,161,133,175,160,96,161,53,159,47,245,85,153,19,111,177,2,32,5,241,4,41,31,5,93,154,74,204,105,117,182,181,131,10,192,197,241,95,152,182,215,132,178,200,93,136,55,208,171,160,0,119,0,230,210,49,99,64,119,140,193,16,65,6,215,113,185,206,193,210,64,246,150,132,134,251,186,135,50,29,253,30,55,142,80,0,0,1,147,246,224,210,223,0,0,4,3,0,72,48,70,2,33,0,135,77,53,126,14,17,201,81,133,108,67,162,224,89,150,158,236,100,67,186,99,44,39,48,238,124,129,136,189,214,170,27,2,33,0,206,53,121,186,239,240,64,137,26,241,83,3,20,148,229,107,138,198,199,175,144,193,255,105,78,90,0,144,17,180,167,169,48,13,6,9,42,134,72,134,247,13,1,1,11,5,0,3,130,1,1,0,42,46,135,191,206,134,231,26,123,190,43,110,215,239,80,55,227,40,49,189,92,248,88,189,203,57,30,121,93,90,255,76,43,49,245,157,135,193,152,237,156,251,100,97,7,214,218,241,148,21,61,247,164,14,172,55,168,33,51,34,219,235,13,225,168,207,87,239,62,11,46,205,204,242,60,100,62,117,197,136,131,26,166,192,223,128,26,128,153,15,109,243,45,53,177,190,200,44,53,135,120,233,111,255,12,25,111,243,101,82,103,47,2,204,142,80,73,167,45,191,114,72,33,255,80,204,71,121,121,153,255,139,88,123,153,9,33,120,165,93,238,208,211,12,83,119,173,238,160,134,116,115,155,15,251,81,240,81,157,106,123,114,247,254,239,3,153,159,1,25,13,46,72,210,74,24,41,227,200,98,53,64,79,77,105,231,185,168,197,75,220,79,214,150,120,187,241,23,157,121,227,104,11,151,165,244,212,213,16,244,122,201,77,128,195,215,26,157,40,10,221,250,153,20,139,5,28,94,253,212,112,96,250,216,55,242,10,177,134,252,114,188,71,65,13,110,171,138,251,128,200,193,44,70,34,107,164,2,4,0,169,5,2,3,2,162,255,170,129,211,4,129,208,229,86,152,83,138,81,182,76,184,156,119,215,57,137,97,160,44,252,74,42,168,177,43,98,52,58,145,5,203,231,234,0,189,179,60,227,88,142,139,183,122,250,28,124,86,120,234,23,108,82,193,139,187,120,11,185,129,102,208,198,107,220,53,98,43,223,53,163,193,92,58,198,3,153,20,64,110,43,200,28,182,121,216,96,117,81,208,62,180,243,36,42,98,88,90,39,91,138,0,129,204,40,7,171,54,116,232,167,68,34,15,248,84,19,252,249,212,244,92,231,187,1,224,251,65,43,104,132,187,107,213,144,224,89,110,103,111,2,94,232,127,175,207,194,196,25,117,4,223,4,210,9,101,45,49,73,137,95,92,186,36,152,89,115,61,50,148,191,57,226,252,37,247,198,181,245,51,2,223,71,249,67,1,57,67,99,160,16,16,31,50,197,249,185,35,96,163,31,133,3,209,114,85,234,166,80,153,250,174,7,2,5,0,183,150,121,26,179,3,2,1,29],"type":"Buffer"}}},"defaultPort":443,"freeSockets":{},"keepAlive":true,"keepAliveMsecs":1000,"maxCachedSessions":100,"maxFreeSockets":256,"maxSockets":null,"maxTotalSockets":null,"options":{"defaultPort":443,"keepAlive":true,"noDelay":true,"path":null,"protocol":"https:","scheduling":"lifo","timeout":5000},"protocol":"https:","requests":{},"scheduling":"lifo","sockets":{},"totalSocketCount":0}}},"path":"/predict_traffic","pathname":"/predict_traffic","port":"5001","protocol":"http:"},"_redirectCount":0,"_redirects":[],"_requestBodyBuffers":[{"data":{"data":[123,34,104,111,117,114,34,58,49,48,44,34,100,97,121,95,111,102,95,119,101,101,107,34,58,53,44,34,109,111,110,116,104,34,58,57,44,34,99,105,116,121,34,58,34,109,117,109,98,97,105,34,44,34,119,101,97,116,104,101,114,34,58,34,99,108,101,97,114,34,44,34,99,117,114,114,101,110,116,95,118,111,108,117,109,101,34,58,53,48,125],"type":"Buffer"}}],"_requestBodyLength":91,"_timeout":null,"_writableState":{"bufferedIndex":0,"corked":0,"highWaterMark":65536,"length":0,"pendingcb":0,"writelen":0}},"stack":"AggregateError\n    at AxiosError.from (/Users/mullamabusubhani/Downloads/Sateesh proj/Traffic-Prediction-project/Backend/node_modules/axios/dist/node/axios.cjs:899:14)\n    at RedirectableRequest.handleRequestError (/Users/mullamabusubhani/Downloads/Sateesh proj/Traffic-Prediction-project/Backend/node_modules/axios/dist/node/axios.cjs:3228:25)\n    at RedirectableRequest.emit (node:events:520:35)\n    at eventHandlers.<computed> (/Users/mullamabusubhani/Downloads/Sateesh proj/Traffic-Prediction-project/Backend/node_modules/follow-redirects/index.js:49:24)\n    at ClientRequest.emit (node:events:508:28)\n    at emitErrorEvent (node:_http_client:107:11)\n    at Socket.socketErrorListener (node:_http_client:574:5)\n    at Socket.emit (node:events:508:28)\n    at emitErrorNT (node:internal/streams/destroy:170:8)\n    at emitErrorCloseNT (node:internal/streams/destroy:129:3)\n    at Axios.request (/Users/mullamabusubhani/Downloads/Sateesh proj/Traffic-Prediction-project/Backend/node_modules/axios/dist/node/axios.cjs:4317:41)\n    at process.processTicksAndRejections (node:internal/process/task_queues:105:5)\n    at async /Users/mullamabusubhani/Downloads/Sateesh proj/Traffic-Prediction-project/Backend/routes/traffic.js:1468:24\n    at async retryWithBackoff (/Users/mullamabusubhani/Downloads/Sateesh proj/Traffic-Prediction-project/Backend/routes/traffic.js:68:14)\n    at async /Users/mullamabusubhani/Downloads/Sateesh proj/Traffic-Prediction-project/Backend/routes/traffic.js:1467:24","timestamp":"2025-09-05T04:39:03.180Z"}
{"level":"info","message":"Generating high-accuracy traffic prediction for mumbai (19.076, 72.8777)","timestamp":"2025-09-05T04:39:08.847Z"}
{"level":"warn","message":"Real-time traffic data unavailable for mumbai:","timestamp":"2025-09-05T04:39:09.525Z"}
{"level":"error","message":"Error generating traffic prediction for mumbai:","timestamp":"2025-09-05T04:39:09.525Z"}
{"level":"info","message":"Generating high-accuracy traffic prediction for mumbai (19.076, 72.8777)","timestamp":"2025-09-05T04:40:51.734Z"}
{"level":"warn","message":"Real-time traffic data unavailable for mumbai:","timestamp":"2025-09-05T04:40:52.520Z"}
{"level":"error","message":"Error generating traffic prediction for mumbai:","timestamp":"2025-09-05T04:40:52.520Z"}
{"level":"info","message":"Generating high-accuracy traffic prediction for mumbai (19.076, 72.8777)","timestamp":"2025-09-05T04:41:03.418Z"}
{"level":"warn","message":"Real-time traffic data unavailable for mumbai:","timestamp":"2025-09-05T04:41:03.971Z"}
{"level":"error","message":"Error generating traffic prediction for mumbai:","timestamp":"2025-09-05T04:41:03.972Z"}
{"level":"info","message":"Generating high-accuracy traffic prediction for mumbai (19.076, 72.8777)","timestamp":"2025-09-05T04:41:27.335Z"}
{"level":"warn","message":"Real-time traffic data unavailable for mumbai:","timestamp":"2025-09-05T04:41:27.951Z"}
{"level":"error","message":"Error generating traffic prediction for mumbai:","timestamp":"2025-09-05T04:41:27.951Z"}
{"level":"info","message":"Generating high-accuracy traffic prediction for mumbai (19.076, 72.8777)","timestamp":"2025-09-05T04:41:31.939Z"}
{"level":"warn","message":"Real-time traffic data unavailable for mumbai:","timestamp":"2025-09-05T04:41:32.150Z"}
{"level":"error","message":"Error generating traffic prediction for mumbai:","timestamp":"2025-09-05T04:41:32.150Z"}
{"level":"info","message":"Generating high-accuracy traffic prediction for mumbai (19.076, 72.8777)","timestamp":"2025-09-05T04:42:28.607Z"}
{"level":"warn","message":"Real-time traffic data unavailable for mumbai:","timestamp":"2025-09-05T04:42:29.459Z"}
{"level":"error","message":"Error generating traffic prediction for mumbai:","timestamp":"2025-09-05T04:42:29.459Z"}
{"level":"info","message":"Generating high-accuracy traffic prediction for mumbai (19.076, 72.8777)","timestamp":"2025-09-05T04:42:37.860Z"}
{"level":"warn","message":"Real-time traffic data unavailable for mumbai:","timestamp":"2025-09-05T04:42:38.428Z"}
{"level":"error","message":"Error generating traffic prediction for mumbai:","timestamp":"2025-09-05T04:42:38.428Z"}
{"level":"info","message":"Generating high-accuracy traffic prediction for mumbai (19.076, 72.8777)","timestamp":"2025-09-05T04:43:56.276Z"}
{"level":"warn","message":"Real-time traffic data unavailable for mumbai:","timestamp":"2025-09-05T04:43:57.249Z"}
{"level":"error","message":"Error generating traffic prediction for mumbai:","timestamp":"2025-09-05T04:43:57.250Z"}
{"level":"info","message":"Generating high-accuracy traffic prediction for mumbai (19.076, 72.8777)","timestamp":"2025-09-05T04:44:15.533Z"}
{"level":"warn","message":"Real-time traffic data unavailable for mumbai:","timestamp":"2025-09-05T04:44:16.169Z"}
{"level":"error","message":"Error generating traffic prediction for mumbai:","timestamp":"2025-09-05T04:44:16.169Z"}
{"level":"info","message":"Generating high-accuracy traffic prediction for mumbai (19.076, 72.8777)","timestamp":"2025-09-05T05:27:10.897Z"}
{"level":"warn","message":"Real-time traffic data unavailable for mumbai:","timestamp":"2025-09-05T05:27:12.043Z"}
{"level":"error","message":"Error generating traffic prediction for mumbai:","timestamp":"2025-09-05T05:27:12.043Z"}
{"level":"info","message":"Generating high-accuracy traffic prediction for mumbai (19.076, 72.8777)","timestamp":"2025-09-05T05:27:23.758Z"}
{"level":"warn","message":"Real-time traffic data unavailable for mumbai:","timestamp":"2025-09-05T05:27:24.332Z"}
{"level":"error","message":"Error generating traffic prediction for mumbai:","timestamp":"2025-09-05T05:27:24.333Z"}
{"level":"info","message":"Fetching live traffic data for mumbai (19.076, 72.8777)","timestamp":"2025-09-05T05:34:49.559Z"}
{"level":"warn","message":"Retry attempt 1 failed, retrying in 2000ms","timestamp":"2025-09-05T05:34:52.214Z"}
{"level":"warn","message":"Retry attempt 1 failed, retrying in 2000ms","timestamp":"2025-09-05T05:34:52.234Z"}
{"level":"info","message":"Fetching live traffic data for mumbai (19.076, 72.8777)","timestamp":"2025-09-05T05:34:52.562Z"}
{"level":"info","message":"Fetching live traffic data for mumbai (19.076, 72.8777)","timestamp":"2025-09-05T05:34:52.872Z"}
{"level":"info","message":"Fetching live traffic data for mumbai (19.076, 72.8777)","timestamp":"2025-09-05T05:34:52.947Z"}
{"level":"warn","message":"Retry attempt 1 failed, retrying in 2000ms","timestamp":"2025-09-05T05:34:54.768Z"}
{"level":"warn","message":"Retry attempt 1 failed, retrying in 2000ms","timestamp":"2025-09-05T05:34:54.791Z"}
{"level":"warn","message":"Retry attempt 1 failed, retrying in 2000ms","timestamp":"2025-09-05T05:34:55.124Z"}
{"level":"warn","message":"Retry attempt 1 failed, retrying in 2000ms","timestamp":"2025-09-05T05:34:55.127Z"}
{"level":"warn","message":"Retry attempt 1 failed, retrying in 2000ms","timestamp":"2025-09-05T05:34:55.523Z"}
{"level":"warn","message":"Retry attempt 1 failed, retrying in 2000ms","timestamp":"2025-09-05T05:34:55.530Z"}
{"level":"warn","message":"Retry attempt 2 failed, retrying in 4000ms","timestamp":"2025-09-05T05:34:56.442Z"}
{"level":"warn","message":"Retry attempt 2 failed, retrying in 4000ms","timestamp":"2025-09-05T05:34:56.443Z"}
{"level":"error","message":"Error storing traffic incidents in database:","timestamp":"2025-09-05T05:34:56.710Z"}
{"level":"warn","message":"Retry attempt 2 failed, retrying in 4000ms","timestamp":"2025-09-05T05:34:58.972Z"}
{"level":"warn","message":"Retry attempt 2 failed, retrying in 4000ms","timestamp":"2025-09-05T05:34:59.003Z"}
{"level":"error","message":"Error storing traffic incidents in database:","timestamp":"2025-09-05T05:34:59.206Z"}
{"level":"warn","message":"Retry attempt 2 failed, retrying in 4000ms","timestamp":"2025-09-05T05:34:59.344Z"}
{"level":"warn","message":"Retry attempt 2 failed, retrying in 4000ms","timestamp":"2025-09-05T05:34:59.351Z"}
{"level":"error","message":"Error storing traffic incidents in database:","timestamp":"2025-09-05T05:34:59.548Z"}
{"level":"warn","message":"Retry attempt 2 failed, retrying in 4000ms","timestamp":"2025-09-05T05:34:59.742Z"}
{"level":"warn","message":"Retry attempt 2 failed, retrying in 4000ms","timestamp":"2025-09-05T05:34:59.744Z"}
{"level":"error","message":"Error storing traffic incidents in database:","timestamp":"2025-09-05T05:34:59.976Z"}
{"level":"info","message":"Fetching live traffic data for chennai (13.0827, 80.2707)","timestamp":"2025-09-05T05:35:05.008Z"}
{"level":"warn","message":"Retry attempt 1 failed, retrying in 2000ms","timestamp":"2025-09-05T05:35:07.621Z"}
{"level":"warn","message":"Retry attempt 1 failed, retrying in 2000ms","timestamp":"2025-09-05T05:35:07.647Z"}
{"level":"info","message":"Fetching live traffic data for chennai (13.0827, 80.2707)","timestamp":"2025-09-05T05:35:08.011Z"}
{"level":"warn","message":"Retry attempt 1 failed, retrying in 2000ms","timestamp":"2025-09-05T05:35:10.232Z"}
{"level":"warn","message":"Retry attempt 1 failed, retrying in 2000ms","timestamp":"2025-09-05T05:35:10.238Z"}
{"level":"warn","message":"Retry attempt 2 failed, retrying in 4000ms","timestamp":"2025-09-05T05:35:11.824Z"}
{"level":"warn","message":"Retry attempt 2 failed, retrying in 4000ms","timestamp":"2025-09-05T05:35:11.852Z"}
{"level":"error","message":"Error storing traffic incidents in database:","timestamp":"2025-09-05T05:35:12.096Z"}
{"level":"warn","message":"Retry attempt 2 failed, retrying in 4000ms","timestamp":"2025-09-05T05:35:14.433Z"}
{"level":"warn","message":"Retry attempt 2 failed, retrying in 4000ms","timestamp":"2025-09-05T05:35:14.446Z"}
{"level":"error","message":"Error storing traffic incidents in database:","timestamp":"2025-09-05T05:35:14.649Z"}
{"level":"info","message":"Generating high-accuracy traffic prediction for chennai (13.0827, 80.2707)","timestamp":"2025-09-05T05:35:15.034Z"}
{"level":"warn","message":"Real-time traffic data unavailable for chennai:","timestamp":"2025-09-05T05:35:15.245Z"}
{"level":"error","message":"Error generating traffic prediction for chennai:","timestamp":"2025-09-05T05:35:15.245Z"}
{"level":"info","message":"Generating high-accuracy traffic prediction for chennai (13.0827, 80.2707)","timestamp":"2025-09-05T05:35:15.247Z"}
{"level":"warn","message":"Real-time traffic data unavailable for chennai:","timestamp":"2025-09-05T05:35:15.466Z"}
{"level":"error","message":"Error generating traffic prediction for chennai:","timestamp":"2025-09-05T05:35:15.466Z"}
{"level":"info","message":"Generating high-accuracy traffic prediction for chennai (13.0827, 80.2707)","timestamp":"2025-09-05T05:35:36.734Z"}
{"level":"warn","message":"Real-time traffic data unavailable for chennai:","timestamp":"2025-09-05T05:35:37.366Z"}
{"level":"error","message":"Error generating traffic prediction for chennai:","timestamp":"2025-09-05T05:35:37.366Z"}
{"level":"info","message":"Generating high-accuracy traffic prediction for chennai (13.0827, 80.2707)","timestamp":"2025-09-05T05:35:44.116Z"}
{"level":"warn","message":"Real-time traffic data unavailable for chennai:","timestamp":"2025-09-05T05:35:44.715Z"}
{"level":"error","message":"Error generating traffic prediction for chennai:","timestamp":"2025-09-05T05:35:44.716Z"}
{"level":"info","message":"Generating high-accuracy traffic prediction for chennai (13.0827, 80.2707)","timestamp":"2025-09-05T05:35:44.718Z"}
{"level":"warn","message":"Real-time traffic data unavailable for chennai:","timestamp":"2025-09-05T05:35:44.929Z"}
{"level":"error","message":"Error generating traffic prediction for chennai:","timestamp":"2025-09-05T05:35:44.929Z"}
{"level":"info","message":"Fetching historical traffic data for chennai","timestamp":"2025-09-05T05:35:54.683Z"}
{"level":"error","message":"Error fetching historical traffic data for chennai:","timestamp":"2025-09-05T05:35:54.693Z"}
{"level":"info","message":"Fetching historical traffic data for chennai","timestamp":"2025-09-05T05:35:54.699Z"}
{"level":"error","message":"Error fetching historical traffic data for chennai:","timestamp":"2025-09-05T05:35:54.706Z"}
{"level":"info","message":"Fetching enhanced historical traffic data for chennai","timestamp":"2025-09-05T05:36:08.794Z"}
{"level":"info","message":"Generated 50 historical records for Chennai","timestamp":"2025-09-05T05:36:08.797Z"}
{"level":"info","message":"Fetching enhanced historical traffic data for chennai","timestamp":"2025-09-05T05:36:09.389Z"}
{"level":"info","message":"Generated 50 historical records for Chennai","timestamp":"2025-09-05T05:36:09.390Z"}
{"level":"info","message":"Fetching enhanced historical traffic data for chennai","timestamp":"2025-09-05T05:36:09.581Z"}
{"level":"info","message":"Generated 50 historical records for Chennai","timestamp":"2025-09-05T05:36:09.583Z"}
{"level":"info","message":"Fetching enhanced historical traffic data for chennai","timestamp":"2025-09-05T05:36:09.761Z"}
{"level":"info","message":"Generated 50 historical records for Chennai","timestamp":"2025-09-05T05:36:09.762Z"}
{"level":"info","message":"Fetching enhanced historical traffic data for chennai","timestamp":"2025-09-05T05:36:09.923Z"}
{"level":"info","message":"Generated 50 historical records for Chennai","timestamp":"2025-09-05T05:36:09.926Z"}
{"level":"info","message":"Fetching enhanced historical traffic data for chennai","timestamp":"2025-09-05T05:36:10.130Z"}
{"level":"info","message":"Generated 50 historical records for Chennai","timestamp":"2025-09-05T05:36:10.131Z"}
{"level":"info","message":"Fetching enhanced historical traffic data for chennai","timestamp":"2025-09-05T05:36:10.291Z"}
{"level":"info","message":"Generated 50 historical records for Chennai","timestamp":"2025-09-05T05:36:10.292Z"}
{"level":"info","message":"Fetching enhanced historical traffic data for chennai","timestamp":"2025-09-05T05:36:10.477Z"}
{"level":"info","message":"Generated 50 historical records for Chennai","timestamp":"2025-09-05T05:36:10.478Z"}
{"level":"info","message":"Fetching enhanced historical traffic data for chennai","timestamp":"2025-09-05T05:36:10.681Z"}
{"level":"info","message":"Generated 50 historical records for Chennai","timestamp":"2025-09-05T05:36:10.682Z"}
{"level":"info","message":"Fetching enhanced historical traffic data for chennai","timestamp":"2025-09-05T05:36:10.861Z"}
{"level":"info","message":"Generated 50 historical records for Chennai","timestamp":"2025-09-05T05:36:10.863Z"}
{"level":"info","message":"Fetching enhanced historical traffic data for chennai","timestamp":"2025-09-05T05:36:11.043Z"}
{"level":"info","message":"Generated 50 historical records for Chennai","timestamp":"2025-09-05T05:36:11.046Z"}
{"level":"info","message":"Fetching live traffic data for mumbai (19.076, 72.8777)","timestamp":"2025-09-05T06:12:48.104Z"}
{"level":"warn","message":"Retry attempt 1 failed, retrying in 2000ms","timestamp":"2025-09-05T06:12:51.006Z"}
{"level":"warn","message":"Retry attempt 1 failed, retrying in 2000ms","timestamp":"2025-09-05T06:12:51.033Z"}
{"level":"info","message":"Generating traffic predictions for mumbai for next 24 hours","timestamp":"2025-09-05T06:12:52.113Z"}
{"level":"warn","message":"Weather API unavailable for mumbai, using fallback:","timestamp":"2025-09-05T06:12:52.120Z"}
{"level":"warn","message":"ML prediction failed, using fallback algorithm:","timestamp":"2025-09-05T06:12:52.127Z"}
{"level":"info","message":"Fetching historical traffic data for mumbai","timestamp":"2025-09-05T06:12:52.141Z"}
{"level":"error","message":"Database query failed:","timestamp":"2025-09-05T06:12:52.178Z"}
{"level":"warn","message":"Retry attempt 2 failed, retrying in 4000ms","timestamp":"2025-09-05T06:12:55.234Z"}
{"level":"warn","message":"Retry attempt 2 failed, retrying in 4000ms","timestamp":"2025-09-05T06:12:55.238Z"}
{"level":"error","message":"Error storing traffic incidents in database:","timestamp":"2025-09-05T06:12:55.546Z"}
{"level":"info","message":"Returning cached live traffic data for mumbai","timestamp":"2025-09-05T06:12:58.042Z"}
{"level":"info","message":"Fetching live traffic data for mumbai (19.076, 72.8777)","timestamp":"2025-09-05T06:15:17.610Z"}
{"level":"warn","message":"Retry attempt 1 failed, retrying in 2000ms","timestamp":"2025-09-05T06:15:21.544Z"}
{"level":"warn","message":"Retry attempt 1 failed, retrying in 2000ms","timestamp":"2025-09-05T06:15:21.547Z"}
{"level":"warn","message":"Retry attempt 2 failed, retrying in 4000ms","timestamp":"2025-09-05T06:15:25.767Z"}
{"level":"warn","message":"Retry attempt 2 failed, retrying in 4000ms","timestamp":"2025-09-05T06:15:25.769Z"}
{"level":"error","message":"Error storing traffic incidents in database:","timestamp":"2025-09-05T06:15:25.995Z"}
{"level":"info","message":"Returning cached prediction data for mumbai","timestamp":"2025-09-05T06:15:26.000Z"}
{"level":"info","message":"Fetching historical traffic data for mumbai","timestamp":"2025-09-05T06:15:26.010Z"}
{"level":"error","message":"Database query failed:","timestamp":"2025-09-05T06:15:26.013Z"}
{"level":"info","message":"Returning cached live traffic data for mumbai","timestamp":"2025-09-05T06:15:26.938Z"}
{"level":"info","message":"Returning cached live traffic data for mumbai","timestamp":"2025-09-05T06:16:00.189Z"}
{"level":"info","message":"Returning cached prediction data for mumbai","timestamp":"2025-09-05T06:16:00.191Z"}
{"level":"info","message":"Fetching historical traffic data for mumbai","timestamp":"2025-09-05T06:16:00.197Z"}
{"level":"error","message":"Database query failed:","timestamp":"2025-09-05T06:16:00.200Z"}
{"level":"info","message":"Returning cached live traffic data for mumbai","timestamp":"2025-09-05T06:16:02.294Z"}
{"level":"info","message":"Returning cached live traffic data for mumbai","timestamp":"2025-09-05T06:16:34.464Z"}
{"level":"info","message":"Returning cached prediction data for mumbai","timestamp":"2025-09-05T06:16:34.466Z"}
{"level":"info","message":"Fetching historical traffic data for mumbai","timestamp":"2025-09-05T06:16:34.473Z"}
{"level":"error","message":"Database query failed:","timestamp":"2025-09-05T06:16:34.476Z"}
{"level":"info","message":"Returning cached live traffic data for mumbai","timestamp":"2025-09-05T06:16:38.531Z"}
{"level":"info","message":"Returning cached live traffic data for mumbai","timestamp":"2025-09-05T06:17:11.313Z"}
{"level":"info","message":"Returning cached prediction data for mumbai","timestamp":"2025-09-05T06:17:11.315Z"}
{"level":"info","message":"Fetching historical traffic data for mumbai","timestamp":"2025-09-05T06:17:11.322Z"}
{"level":"error","message":"Database query failed:","timestamp":"2025-09-05T06:17:11.325Z"}
{"level":"info","message":"Returning cached live traffic data for mumbai","timestamp":"2025-09-05T06:17:15.998Z"}
{"level":"info","message":"Fetching live traffic data for mumbai (19.076, 72.8777)","timestamp":"2025-09-05T06:19:03.861Z"}
{"level":"warn","message":"Retry attempt 1 failed, retrying in 2000ms","timestamp":"2025-09-05T06:19:10.470Z"}
{"level":"warn","message":"Retry attempt 1 failed, retrying in 2000ms","timestamp":"2025-09-05T06:19:10.537Z"}
{"level":"warn","message":"Retry attempt 2 failed, retrying in 4000ms","timestamp":"2025-09-05T06:19:16.270Z"}
{"level":"warn","message":"Retry attempt 2 failed, retrying in 4000ms","timestamp":"2025-09-05T06:19:16.458Z"}
{"level":"error","message":"Error storing traffic incidents in database:","timestamp":"2025-09-05T06:19:20.514Z"}
{"level":"info","message":"Returning cached live traffic data for mumbai","timestamp":"2025-09-05T06:19:20.517Z"}
{"level":"info","message":"Returning cached live traffic data for mumbai","timestamp":"2025-09-05T06:19:20.520Z"}
{"level":"info","message":"Returning cached live traffic data for mumbai","timestamp":"2025-09-05T06:19:20.523Z"}
{"level":"info","message":"Generating traffic predictions for mumbai for next 24 hours","timestamp":"2025-09-05T06:19:29.656Z"}
{"level":"warn","message":"Weather API unavailable for mumbai, using fallback:","timestamp":"2025-09-05T06:19:29.662Z"}
{"level":"info","message":"Returning cached prediction data for mumbai","timestamp":"2025-09-05T06:19:29.727Z"}
{"level":"info","message":"Fetching historical traffic data for mumbai","timestamp":"2025-09-05T06:19:46.480Z"}
{"level":"error","message":"Database query failed:","timestamp":"2025-09-05T06:19:46.489Z"}
{"level":"info","message":"Fetching historical traffic data for mumbai","timestamp":"2025-09-05T06:19:46.498Z"}
{"level":"error","message":"Database query failed:","timestamp":"2025-09-05T06:19:46.499Z"}
{"level":"info","message":"Returning cached live traffic data for mumbai","timestamp":"2025-09-05T06:20:30.708Z"}
{"level":"info","message":"Returning cached live traffic data for mumbai","timestamp":"2025-09-05T06:20:31.126Z"}
{"level":"info","message":"Fetching live traffic data for chennai (13.0827, 80.2707)","timestamp":"2025-09-05T06:20:42.417Z"}
{"level":"warn","message":"Retry attempt 1 failed, retrying in 2000ms","timestamp":"2025-09-05T06:20:48.102Z"}
{"level":"warn","message":"Retry attempt 1 failed, retrying in 2000ms","timestamp":"2025-09-05T06:20:48.103Z"}
{"level":"warn","message":"Retry attempt 2 failed, retrying in 4000ms","timestamp":"2025-09-05T06:20:52.496Z"}
{"level":"warn","message":"Retry attempt 2 failed, retrying in 4000ms","timestamp":"2025-09-05T06:20:52.510Z"}
{"level":"error","message":"Error storing traffic incidents in database:","timestamp":"2025-09-05T06:20:53.118Z"}
{"level":"info","message":"Returning cached live traffic data for chennai","timestamp":"2025-09-05T06:20:53.120Z"}
{"level":"info","message":"Generating traffic predictions for chennai for next 24 hours","timestamp":"2025-09-05T06:20:56.484Z"}
{"level":"warn","message":"Weather API unavailable for chennai, using fallback:","timestamp":"2025-09-05T06:20:56.489Z"}
{"level":"info","message":"Returning cached prediction data for chennai","timestamp":"2025-09-05T06:20:56.529Z"}
{"level":"info","message":"Fetching historical traffic data for chennai","timestamp":"2025-09-05T06:21:06.781Z"}
{"level":"error","message":"Database query failed:","timestamp":"2025-09-05T06:21:06.783Z"}
{"level":"info","message":"Fetching historical traffic data for chennai","timestamp":"2025-09-05T06:21:06.786Z"}
{"level":"error","message":"Database query failed:","timestamp":"2025-09-05T06:21:06.788Z"}
{"level":"info","message":"Returning cached live traffic data for chennai","timestamp":"2025-09-05T06:22:20.475Z"}
{"level":"info","message":"Returning cached live traffic data for chennai","timestamp":"2025-09-05T06:22:20.967Z"}
{"level":"info","message":"Fetching live traffic data for mumbai (19.076, 72.8777)","timestamp":"2025-09-05T06:26:52.609Z"}
{"level":"warn","message":"Retry attempt 1 failed, retrying in 2000ms","timestamp":"2025-09-05T06:26:55.373Z"}
{"level":"warn","message":"Retry attempt 1 failed, retrying in 2000ms","timestamp":"2025-09-05T06:26:55.379Z"}
{"level":"warn","message":"Retry attempt 2 failed, retrying in 4000ms","timestamp":"2025-09-05T06:26:59.590Z"}
{"level":"warn","message":"Retry attempt 2 failed, retrying in 4000ms","timestamp":"2025-09-05T06:26:59.600Z"}
{"level":"error","message":"Error storing traffic incidents in database:","timestamp":"2025-09-05T06:26:59.935Z"}
{"level":"info","message":"Generating traffic predictions for mumbai for next 24 hours","timestamp":"2025-09-05T06:26:59.949Z"}
{"level":"warn","message":"Weather API unavailable for mumbai, using fallback:","timestamp":"2025-09-05T06:26:59.957Z"}
{"level":"info","message":"Fetching historical traffic data for mumbai","timestamp":"2025-09-05T06:27:00.119Z"}
{"level":"error","message":"Database query failed:","timestamp":"2025-09-05T06:27:00.124Z"}
{"level":"info","message":"Returning cached live traffic data for mumbai","timestamp":"2025-09-05T06:27:05.219Z"}
{"level":"info","message":"Fetching live traffic data for mumbai (19.076, 72.8777)","timestamp":"2025-09-05T06:30:50.724Z"}
{"level":"warn","message":"Retry attempt 1 failed, retrying in 2000ms","timestamp":"2025-09-05T06:30:53.647Z"}
{"level":"warn","message":"Retry attempt 1 failed, retrying in 2000ms","timestamp":"2025-09-05T06:30:53.648Z"}
{"level":"warn","message":"Retry attempt 2 failed, retrying in 4000ms","timestamp":"2025-09-05T06:30:57.873Z"}
{"level":"warn","message":"Retry attempt 2 failed, retrying in 4000ms","timestamp":"2025-09-05T06:30:57.877Z"}
{"level":"error","message":"Error storing traffic incidents in database:","timestamp":"2025-09-05T06:30:58.117Z"}
{"level":"info","message":"Generating traffic predictions for mumbai for next 24 hours","timestamp":"2025-09-05T06:30:58.120Z"}
{"level":"warn","message":"Weather API unavailable for mumbai, using fallback:","timestamp":"2025-09-05T06:30:58.123Z"}
{"level":"info","message":"Fetching historical traffic data for mumbai","timestamp":"2025-09-05T06:30:58.173Z"}
{"level":"error","message":"Database query failed:","timestamp":"2025-09-05T06:30:58.176Z"}
{"level":"info","message":"Returning cached live traffic data for mumbai","timestamp":"2025-09-05T06:31:01.764Z"}
{"level":"info","message":"Fetching live traffic data for mumbai (19.076, 72.8777)","timestamp":"2025-09-05T06:32:01.701Z"}
{"level":"warn","message":"Retry attempt 1 failed, retrying in 2000ms","timestamp":"2025-09-05T06:32:04.476Z"}
{"level":"warn","message":"Retry attempt 1 failed, retrying in 2000ms","timestamp":"2025-09-05T06:32:04.481Z"}
{"level":"warn","message":"Retry attempt 2 failed, retrying in 4000ms","timestamp":"2025-09-05T06:32:09.070Z"}
{"level":"warn","message":"Retry attempt 2 failed, retrying in 4000ms","timestamp":"2025-09-05T06:32:09.074Z"}
{"level":"error","message":"Error storing traffic incidents in database:","timestamp":"2025-09-05T06:32:09.449Z"}
{"level":"info","message":"Generating traffic predictions for mumbai for next 24 hours","timestamp":"2025-09-05T06:32:09.453Z"}
{"level":"warn","message":"Weather API unavailable for mumbai, using fallback:","timestamp":"2025-09-05T06:32:09.459Z"}
{"level":"info","message":"Fetching historical traffic data for mumbai","timestamp":"2025-09-05T06:32:09.501Z"}
{"level":"error","message":"Database query failed:","timestamp":"2025-09-05T06:32:09.503Z"}
{"level":"info","message":"Returning cached live traffic data for mumbai","timestamp":"2025-09-05T06:32:09.923Z"}
{"level":"info","message":"Returning cached live traffic data for mumbai","timestamp":"2025-09-05T06:33:03.983Z"}
{"level":"info","message":"Returning cached live traffic data for mumbai","timestamp":"2025-09-05T06:33:04.422Z"}
{"level":"info","message":"Returning cached live traffic data for mumbai","timestamp":"2025-09-05T06:33:04.739Z"}
{"level":"info","message":"Returning cached live traffic data for mumbai","timestamp":"2025-09-05T06:33:05.029Z"}
{"level":"info","message":"Fetching live traffic data for mumbai (19.076, 72.8777)","timestamp":"2025-09-05T06:54:08.592Z"}
{"level":"warn","message":"Retry attempt 1 failed, retrying in 2000ms","timestamp":"2025-09-05T06:54:11.323Z"}
{"level":"warn","message":"Retry attempt 1 failed, retrying in 2000ms","timestamp":"2025-09-05T06:54:11.325Z"}
{"level":"warn","message":"Retry attempt 2 failed, retrying in 4000ms","timestamp":"2025-09-05T06:54:15.527Z"}
{"level":"warn","message":"Retry attempt 2 failed, retrying in 4000ms","timestamp":"2025-09-05T06:54:15.531Z"}
{"level":"error","message":"Error storing traffic incidents in database:","timestamp":"2025-09-05T06:54:15.763Z"}
{"level":"info","message":"Returning cached live traffic data for mumbai","timestamp":"2025-09-05T06:54:15.767Z"}
{"level":"info","message":"Returning cached live traffic data for mumbai","timestamp":"2025-09-05T06:54:15.769Z"}
{"level":"info","message":"Returning cached live traffic data for mumbai","timestamp":"2025-09-05T06:54:15.771Z"}
{"level":"info","message":"Fetching live traffic data for mumbai (19.076, 72.8777)","timestamp":"2025-09-05T07:31:53.914Z"}
{"level":"warn","message":"Retry attempt 1 failed, retrying in 2000ms","timestamp":"2025-09-05T07:31:56.626Z"}
{"level":"warn","message":"Retry attempt 1 failed, retrying in 2000ms","timestamp":"2025-09-05T07:31:56.628Z"}
{"level":"warn","message":"Retry attempt 2 failed, retrying in 4000ms","timestamp":"2025-09-05T07:32:00.856Z"}
{"level":"warn","message":"Retry attempt 2 failed, retrying in 4000ms","timestamp":"2025-09-05T07:32:00.900Z"}
{"level":"error","message":"Error storing traffic incidents in database:","timestamp":"2025-09-05T07:32:01.161Z"}
{"level":"info","message":"Returning cached live traffic data for mumbai","timestamp":"2025-09-05T07:32:01.174Z"}
{"level":"info","message":"Returning cached live traffic data for mumbai","timestamp":"2025-09-05T07:32:01.177Z"}
{"level":"info","message":"Returning cached live traffic data for mumbai","timestamp":"2025-09-05T07:32:01.180Z"}
{"level":"info","message":"Fetching live traffic data for mumbai (19.076, 72.8777)","timestamp":"2025-09-05T11:16:40.861Z"}
{"level":"warn","message":"Retry attempt 1 failed, retrying in 2000ms","timestamp":"2025-09-05T11:16:43.444Z"}
{"level":"warn","message":"Retry attempt 1 failed, retrying in 2000ms","timestamp":"2025-09-05T11:16:43.447Z"}
{"level":"warn","message":"Retry attempt 2 failed, retrying in 4000ms","timestamp":"2025-09-05T11:16:47.642Z"}
{"level":"warn","message":"Retry attempt 2 failed, retrying in 4000ms","timestamp":"2025-09-05T11:16:47.644Z"}
{"level":"error","message":"Error storing traffic incidents in database:","timestamp":"2025-09-05T11:16:47.879Z"}
{"level":"info","message":"Returning cached live traffic data for mumbai","timestamp":"2025-09-05T11:16:47.882Z"}
{"level":"info","message":"Returning cached live traffic data for mumbai","timestamp":"2025-09-05T11:16:47.884Z"}
{"level":"info","message":"Returning cached live traffic data for mumbai","timestamp":"2025-09-05T11:16:47.886Z"}
{"level":"info","message":"Fetching live traffic data for mumbai (19.076, 72.8777)","timestamp":"2025-09-05T18:03:47.970Z"}
{"level":"warn","message":"Retry attempt 1 failed, retrying in 2000ms","timestamp":"2025-09-05T18:03:50.542Z"}
{"level":"warn","message":"Retry attempt 1 failed, retrying in 2000ms","timestamp":"2025-09-05T18:03:50.563Z"}
{"level":"warn","message":"Retry attempt 2 failed, retrying in 4000ms","timestamp":"2025-09-05T18:03:54.754Z"}
{"level":"warn","message":"Retry attempt 2 failed, retrying in 4000ms","timestamp":"2025-09-05T18:03:54.764Z"}
{"level":"error","message":"Error storing traffic incidents in database:","timestamp":"2025-09-05T18:03:54.988Z"}
{"level":"info","message":"Returning cached live traffic data for mumbai","timestamp":"2025-09-05T18:03:54.990Z"}
{"level":"info","message":"Returning cached live traffic data for mumbai","timestamp":"2025-09-05T18:03:54.992Z"}
{"level":"info","message":"Returning cached live traffic data for mumbai","timestamp":"2025-09-05T18:03:54.993Z"}
{"level":"info","message":"Fetching live traffic data for mumbai (19.076, 72.8777)","timestamp":"2025-09-05T18:14:12.676Z"}
{"level":"warn","message":"Retry attempt 1 failed, retrying in 2000ms","timestamp":"2025-09-05T18:14:15.598Z"}
{"level":"warn","message":"Retry attempt 1 failed, retrying in 2000ms","timestamp":"2025-09-05T18:14:15.733Z"}
{"level":"warn","message":"Retry attempt 2 failed, retrying in 4000ms","timestamp":"2025-09-05T18:14:20.086Z"}
{"level":"warn","message":"Retry attempt 2 failed, retrying in 4000ms","timestamp":"2025-09-05T18:14:20.159Z"}
{"level":"error","message":"Error storing traffic incidents in database:","timestamp":"2025-09-05T18:14:20.399Z"}
{"level":"info","message":"Returning cached live traffic data for mumbai","timestamp":"2025-09-05T18:14:20.406Z"}
{"level":"info","message":"Returning cached live traffic data for mumbai","timestamp":"2025-09-05T18:14:20.412Z"}
{"level":"info","message":"Returning cached live traffic data for mumbai","timestamp":"2025-09-05T18:14:20.417Z"}
{"level":"info","message":"Fetching live traffic data for bangalore (12.9716, 77.5946)","timestamp":"2025-09-05T18:14:31.162Z"}
{"level":"warn","message":"Retry attempt 1 failed, retrying in 2000ms","timestamp":"2025-09-05T18:14:33.800Z"}
{"level":"warn","message":"Retry attempt 1 failed, retrying in 2000ms","timestamp":"2025-09-05T18:14:33.801Z"}
{"level":"warn","message":"Retry attempt 2 failed, retrying in 4000ms","timestamp":"2025-09-05T18:14:37.999Z"}
{"level":"warn","message":"Retry attempt 2 failed, retrying in 4000ms","timestamp":"2025-09-05T18:14:38.000Z"}
{"level":"error","message":"Error storing traffic incidents in database:","timestamp":"2025-09-05T18:14:38.211Z"}
{"level":"info","message":"Returning cached live traffic data for bangalore","timestamp":"2025-09-05T18:14:38.217Z"}
{"level":"info","message":"Returning cached live traffic data for mumbai","timestamp":"2025-09-05T18:14:49.556Z"}
{"level":"info","message":"Returning cached live traffic data for mumbai","timestamp":"2025-09-05T18:14:49.565Z"}
{"level":"info","message":"Returning cached live traffic data for mumbai","timestamp":"2025-09-05T18:14:50.158Z"}
{"level":"info","message":"Returning cached live traffic data for mumbai","timestamp":"2025-09-05T18:14:50.166Z"}
{"level":"info","message":"Returning cached live traffic data for mumbai","timestamp":"2025-09-05T18:15:38.564Z"}
{"level":"info","message":"Returning cached live traffic data for mumbai","timestamp":"2025-09-05T18:15:38.588Z"}
{"level":"info","message":"Fetching live traffic data for mumbai (19.076, 72.8777)","timestamp":"2025-09-05T18:16:25.246Z"}
{"level":"warn","message":"Retry attempt 1 failed, retrying in 2000ms","timestamp":"2025-09-05T18:16:28.109Z"}
{"level":"warn","message":"Retry attempt 1 failed, retrying in 2000ms","timestamp":"2025-09-05T18:16:28.114Z"}
{"level":"warn","message":"Retry attempt 2 failed, retrying in 4000ms","timestamp":"2025-09-05T18:16:32.318Z"}
{"level":"warn","message":"Retry attempt 2 failed, retrying in 4000ms","timestamp":"2025-09-05T18:16:32.336Z"}
{"level":"error","message":"Error storing traffic incidents in database:","timestamp":"2025-09-05T18:16:34.622Z"}
{"level":"info","message":"Returning cached live traffic data for mumbai","timestamp":"2025-09-05T18:16:34.628Z"}
{"level":"info","message":"Returning cached live traffic data for mumbai","timestamp":"2025-09-05T18:17:02.065Z"}
{"level":"info","message":"Returning cached live traffic data for mumbai","timestamp":"2025-09-05T18:17:02.074Z"}
{"level":"info","message":"Fetching live traffic data for mumbai (19.076, 72.8777)","timestamp":"2025-09-05T18:32:10.176Z"}
{"level":"warn","message":"Retry attempt 1 failed, retrying in 2000ms","timestamp":"2025-09-05T18:32:12.913Z"}
{"level":"warn","message":"Retry attempt 1 failed, retrying in 2000ms","timestamp":"2025-09-05T18:32:12.919Z"}
{"level":"warn","message":"Retry attempt 2 failed, retrying in 4000ms","timestamp":"2025-09-05T18:32:17.131Z"}
{"level":"warn","message":"Retry attempt 2 failed, retrying in 4000ms","timestamp":"2025-09-05T18:32:17.152Z"}
{"level":"error","message":"Error storing traffic incidents in database:","timestamp":"2025-09-05T18:32:17.395Z"}
{"level":"info","message":"Returning cached live traffic data for mumbai","timestamp":"2025-09-05T18:32:17.412Z"}
{"level":"info","message":"Returning cached live traffic data for mumbai","timestamp":"2025-09-05T18:32:17.420Z"}
{"level":"info","message":"Returning cached live traffic data for mumbai","timestamp":"2025-09-05T18:32:17.426Z"}
{"level":"info","message":"Fetching live traffic data for pune (18.5204, 73.8567)","timestamp":"2025-09-05T18:32:26.716Z"}
{"level":"warn","message":"Retry attempt 1 failed, retrying in 2000ms","timestamp":"2025-09-05T18:32:29.402Z"}
{"level":"warn","message":"Retry attempt 1 failed, retrying in 2000ms","timestamp":"2025-09-05T18:32:29.605Z"}
{"level":"warn","message":"Retry attempt 2 failed, retrying in 4000ms","timestamp":"2025-09-05T18:32:33.825Z"}
{"level":"warn","message":"Retry attempt 2 failed, retrying in 4000ms","timestamp":"2025-09-05T18:32:33.832Z"}
{"level":"error","message":"Error storing traffic incidents in database:","timestamp":"2025-09-05T18:32:34.543Z"}
{"level":"info","message":"Returning cached live traffic data for pune","timestamp":"2025-09-05T18:32:34.589Z"}
{"level":"info","message":"Returning cached live traffic data for pune","timestamp":"2025-09-05T18:34:27.836Z"}
{"level":"info","message":"Returning cached live traffic data for pune","timestamp":"2025-09-05T18:34:27.952Z"}
{"level":"info","message":"Fetching live traffic data for pune (18.5204, 73.8567)","timestamp":"2025-09-05T18:34:40.492Z"}
{"level":"warn","message":"Retry attempt 1 failed, retrying in 2000ms","timestamp":"2025-09-05T18:34:43.166Z"}
{"level":"warn","message":"Retry attempt 1 failed, retrying in 2000ms","timestamp":"2025-09-05T18:34:43.189Z"}
{"level":"warn","message":"Retry attempt 2 failed, retrying in 4000ms","timestamp":"2025-09-05T18:34:47.397Z"}
{"level":"warn","message":"Retry attempt 2 failed, retrying in 4000ms","timestamp":"2025-09-05T18:34:47.466Z"}
{"level":"error","message":"Error storing traffic incidents in database:","timestamp":"2025-09-05T18:34:47.704Z"}
{"level":"info","message":"Returning cached live traffic data for pune","timestamp":"2025-09-05T18:34:47.720Z"}
{"level":"info","message":"Returning cached live traffic data for pune","timestamp":"2025-09-05T18:35:09.419Z"}
{"level":"info","message":"Returning cached live traffic data for pune","timestamp":"2025-09-05T18:35:09.596Z"}
{"level":"info","message":"Returning cached live traffic data for pune","timestamp":"2025-09-05T18:35:19.776Z"}
{"level":"info","message":"Returning cached live traffic data for pune","timestamp":"2025-09-05T18:35:19.977Z"}
{"level":"info","message":"Fetching live traffic data for mumbai (19.076, 72.8777)","timestamp":"2025-09-05T18:36:19.922Z"}
{"level":"warn","message":"Retry attempt 1 failed, retrying in 2000ms","timestamp":"2025-09-05T18:36:22.587Z"}
{"level":"warn","message":"Retry attempt 1 failed, retrying in 2000ms","timestamp":"2025-09-05T18:36:22.638Z"}
{"level":"warn","message":"Retry attempt 2 failed, retrying in 4000ms","timestamp":"2025-09-05T18:36:26.841Z"}
{"level":"warn","message":"Retry attempt 2 failed, retrying in 4000ms","timestamp":"2025-09-05T18:36:26.859Z"}
{"level":"error","message":"Error storing traffic incidents in database:","timestamp":"2025-09-05T18:36:27.095Z"}
{"level":"info","message":"Returning cached live traffic data for mumbai","timestamp":"2025-09-05T18:36:27.127Z"}
{"level":"info","message":"Returning cached live traffic data for mumbai","timestamp":"2025-09-05T18:36:27.135Z"}
{"level":"info","message":"Returning cached live traffic data for mumbai","timestamp":"2025-09-05T18:36:27.141Z"}
{"level":"info","message":"Fetching live traffic data for kolkata (22.5726, 88.3639)","timestamp":"2025-09-05T18:36:34.775Z"}
{"level":"warn","message":"Retry attempt 1 failed, retrying in 2000ms","timestamp":"2025-09-05T18:36:37.510Z"}
{"level":"warn","message":"Retry attempt 1 failed, retrying in 2000ms","timestamp":"2025-09-05T18:36:37.530Z"}
{"level":"warn","message":"Retry attempt 2 failed, retrying in 4000ms","timestamp":"2025-09-05T18:36:41.728Z"}
{"level":"warn","message":"Retry attempt 2 failed, retrying in 4000ms","timestamp":"2025-09-05T18:36:41.765Z"}
{"level":"error","message":"Error storing traffic incidents in database:","timestamp":"2025-09-05T18:36:42.023Z"}
{"level":"info","message":"Returning cached live traffic data for kolkata","timestamp":"2025-09-05T18:36:42.061Z"}
{"level":"info","message":"Returning cached live traffic data for kolkata","timestamp":"2025-09-05T18:36:42.080Z"}
{"level":"info","message":"Returning cached live traffic data for kolkata","timestamp":"2025-09-05T18:36:42.083Z"}
{"level":"info","message":"Fetching traffic incidents for location: 19.076,72.8777 (radius: 10km)","timestamp":"2025-09-05T18:40:04.512Z"}
{"level":"error","message":"Error storing traffic incidents in database:","timestamp":"2025-09-05T18:40:05.404Z"}
{"level":"info","message":"Fetching traffic incidents for location: 19.076,72.8777 (radius: 10km)","timestamp":"2025-09-05T18:42:32.413Z"}
{"level":"error","message":"Error storing traffic incidents in database:","timestamp":"2025-09-05T18:42:33.281Z"}
{"level":"info","message":"Returning cached traffic incidents for 19.076,72.8777","timestamp":"2025-09-05T18:42:33.294Z"}
{"level":"info","message":"Returning cached traffic incidents for 19.076,72.8777","timestamp":"2025-09-05T18:42:33.306Z"}
{"level":"info","message":"Returning cached traffic incidents for 19.076,72.8777","timestamp":"2025-09-05T18:42:33.310Z"}
{"level":"info","message":"Fetching traffic incidents for location: 22.5726,88.3639 (radius: 10km)","timestamp":"2025-09-05T18:42:54.102Z"}
{"level":"error","message":"Error storing traffic incidents in database:","timestamp":"2025-09-05T18:42:54.957Z"}
{"level":"info","message":"Returning cached traffic incidents for 22.5726,88.3639","timestamp":"2025-09-05T18:42:54.961Z"}
{"level":"info","message":"Returning cached traffic incidents for 19.076,72.8777","timestamp":"2025-09-05T18:42:55.709Z"}
{"level":"info","message":"Fetching traffic incidents for location: 28.6139,77.209 (radius: 10km)","timestamp":"2025-09-05T18:42:55.718Z"}
{"level":"error","message":"Error storing traffic incidents in database:","timestamp":"2025-09-05T18:42:56.091Z"}
{"level":"info","message":"Fetching traffic incidents for location: 12.9716,77.5946 (radius: 10km)","timestamp":"2025-09-05T18:42:56.095Z"}
{"level":"error","message":"Error storing traffic incidents in database:","timestamp":"2025-09-05T18:42:56.501Z"}
{"level":"info","message":"Fetching traffic incidents for location: 19.076,72.8777 (radius: 10km)","timestamp":"2025-09-05T18:48:43.307Z"}
{"level":"error","message":"Error storing traffic incidents in database:","timestamp":"2025-09-05T18:48:44.173Z"}
{"level":"info","message":"Returning cached traffic incidents for 19.076,72.8777","timestamp":"2025-09-05T18:48:44.181Z"}
{"level":"info","message":"Returning cached traffic incidents for 19.076,72.8777","timestamp":"2025-09-05T18:48:44.185Z"}
{"level":"info","message":"Returning cached traffic incidents for 19.076,72.8777","timestamp":"2025-09-05T18:48:44.186Z"}
{"level":"info","message":"Fetching traffic incidents for location: 19.076,72.8777 (radius: 10km)","timestamp":"2025-09-05T18:52:44.730Z"}
{"level":"error","message":"Error storing traffic incidents in database:","timestamp":"2025-09-05T18:52:45.602Z"}
{"level":"info","message":"Returning cached traffic incidents for 19.076,72.8777","timestamp":"2025-09-05T18:52:45.607Z"}
{"level":"info","message":"Returning cached traffic incidents for 19.076,72.8777","timestamp":"2025-09-05T18:52:45.612Z"}
{"level":"info","message":"Returning cached traffic incidents for 19.076,72.8777","timestamp":"2025-09-05T18:52:45.614Z"}
{"level":"info","message":"Returning cached traffic incidents for 19.076,72.8777","timestamp":"2025-09-05T18:52:49.537Z"}
{"level":"info","message":"Returning cached traffic incidents for 19.076,72.8777","timestamp":"2025-09-05T18:52:49.608Z"}
{"level":"info","message":"Returning cached traffic incidents for 19.076,72.8777","timestamp":"2025-09-05T18:53:19.051Z"}
{"level":"info","message":"Returning cached traffic incidents for 19.076,72.8777","timestamp":"2025-09-05T18:53:19.269Z"}
{"level":"info","message":"Returning cached traffic incidents for 19.076,72.8777","timestamp":"2025-09-05T18:53:35.884Z"}
{"level":"info","message":"Returning cached traffic incidents for 19.076,72.8777","timestamp":"2025-09-05T18:53:36.032Z"}
{"level":"info","message":"Returning cached traffic incidents for 19.076,72.8777","timestamp":"2025-09-05T18:53:50.571Z"}
{"level":"info","message":"Returning cached traffic incidents for 19.076,72.8777","timestamp":"2025-09-05T18:53:50.732Z"}
{"level":"info","message":"Fetching traffic incidents for location: 13.0827,80.2707 (radius: 10km)","timestamp":"2025-09-05T18:54:02.036Z"}
{"level":"error","message":"Error storing traffic incidents in database:","timestamp":"2025-09-05T18:54:02.877Z"}
{"level":"info","message":"Returning cached traffic incidents for 13.0827,80.2707","timestamp":"2025-09-05T18:54:02.886Z"}
{"level":"info","message":"Returning cached traffic incidents for 13.0827,80.2707","timestamp":"2025-09-05T18:54:05.965Z"}
{"level":"info","message":"Returning cached traffic incidents for 13.0827,80.2707","timestamp":"2025-09-05T18:54:06.160Z"}
{"level":"info","message":"Returning cached traffic incidents for 13.0827,80.2707","timestamp":"2025-09-05T18:54:14.822Z"}
{"level":"info","message":"Returning cached traffic incidents for 13.0827,80.2707","timestamp":"2025-09-05T18:54:14.976Z"}
{"level":"info","message":"Fetching traffic incidents for location: 19.076,72.8777 (radius: 10km)","timestamp":"2025-09-05T19:00:21.558Z"}
{"level":"error","message":"Error storing traffic incidents in database:","timestamp":"2025-09-05T19:00:22.396Z"}
{"level":"info","message":"Returning cached traffic incidents for 19.076,72.8777","timestamp":"2025-09-05T19:00:22.402Z"}
{"level":"info","message":"Returning cached traffic incidents for 19.076,72.8777","timestamp":"2025-09-05T19:00:22.406Z"}
{"level":"info","message":"Returning cached traffic incidents for 19.076,72.8777","timestamp":"2025-09-05T19:00:22.408Z"}
{"level":"info","message":"Fetching traffic incidents for location: 19.076,72.8777 (radius: 10km)","timestamp":"2025-09-05T19:05:39.082Z"}
{"level":"error","message":"Error storing traffic incidents in database:","timestamp":"2025-09-05T19:05:40.109Z"}
{"level":"info","message":"Returning cached traffic incidents for 19.076,72.8777","timestamp":"2025-09-05T19:05:40.115Z"}
{"level":"info","message":"Returning cached traffic incidents for 19.076,72.8777","timestamp":"2025-09-05T19:05:52.281Z"}
{"level":"info","message":"Returning cached traffic incidents for 19.076,72.8777","timestamp":"2025-09-05T19:05:52.456Z"}
{"level":"info","message":"Fetching traffic incidents for location: 19.076,72.8777 (radius: 10km)","timestamp":"2025-09-05T19:12:39.868Z"}
{"level":"error","message":"Error storing traffic incidents in database:","timestamp":"2025-09-05T19:12:40.652Z"}
{"level":"info","message":"Returning cached traffic incidents for 19.076,72.8777","timestamp":"2025-09-05T19:12:40.655Z"}
{"level":"info","message":"Returning cached traffic incidents for 19.076,72.8777","timestamp":"2025-09-05T19:12:40.658Z"}
{"level":"info","message":"Returning cached traffic incidents for 19.076,72.8777","timestamp":"2025-09-05T19:12:40.660Z"}
{"level":"info","message":"Fetching traffic incidents for location: 19.076,72.8777 (radius: 10km)","timestamp":"2025-09-05T19:24:08.880Z"}
{"level":"error","message":"Error storing traffic incidents in database:","timestamp":"2025-09-05T19:24:09.846Z"}
{"level":"info","message":"Returning cached traffic incidents for 19.076,72.8777","timestamp":"2025-09-05T19:24:09.879Z"}
{"level":"info","message":"Returning cached traffic incidents for 19.076,72.8777","timestamp":"2025-09-05T19:24:09.884Z"}
{"level":"info","message":"Returning cached traffic incidents for 19.076,72.8777","timestamp":"2025-09-05T19:24:09.887Z"}
{"level":"info","message":"Returning cached traffic incidents for 19.076,72.8777","timestamp":"2025-09-05T19:24:23.541Z"}
{"level":"info","message":"Returning cached traffic incidents for 19.076,72.8777","timestamp":"2025-09-05T19:24:23.550Z"}
{"level":"info","message":"Fetching traffic incidents for location: 19.076,72.8777 (radius: 10km)","timestamp":"2025-09-08T16:35:47.898Z"}
{"level":"warn","message":"Retry attempt 1 failed, retrying in 2000ms","timestamp":"2025-09-08T16:35:59.906Z"}
{"level":"warn","message":"Retry attempt 1 failed, retrying in 2000ms","timestamp":"2025-09-08T16:36:04.905Z"}
{"level":"info","message":"Fetching traffic incidents for location: 19.076,72.8777 (radius: 10km)","timestamp":"2025-09-08T16:36:07.902Z"}
{"level":"info","message":"Fetching traffic incidents for location: 19.076,72.8777 (radius: 10km)","timestamp":"2025-09-08T16:36:07.911Z"}
{"level":"info","message":"Fetching traffic incidents for location: 19.076,72.8777 (radius: 10km)","timestamp":"2025-09-08T16:36:07.916Z"}
{"level":"warn","message":"Retry attempt 2 failed, retrying in 4000ms","timestamp":"2025-09-08T16:36:13.912Z"}
{"level":"warn","message":"Retry attempt 1 failed, retrying in 2000ms","timestamp":"2025-09-08T16:36:19.911Z"}
{"level":"warn","message":"Retry attempt 1 failed, retrying in 2000ms","timestamp":"2025-09-08T16:36:19.915Z"}
{"level":"warn","message":"Retry attempt 1 failed, retrying in 2000ms","timestamp":"2025-09-08T16:36:19.919Z"}
{"level":"warn","message":"Retry attempt 2 failed, retrying in 4000ms","timestamp":"2025-09-08T16:36:23.911Z"}
{"level":"warn","message":"Retry attempt 1 failed, retrying in 2000ms","timestamp":"2025-09-08T16:36:24.913Z"}
{"level":"warn","message":"Retry attempt 1 failed, retrying in 2000ms","timestamp":"2025-09-08T16:36:24.916Z"}
{"level":"warn","message":"Retry attempt 1 failed, retrying in 2000ms","timestamp":"2025-09-08T16:36:24.920Z"}
{"level":"warn","message":"Retry attempt 2 failed, retrying in 4000ms","timestamp":"2025-09-08T16:36:33.916Z"}
{"level":"warn","message":"Retry attempt 2 failed, retrying in 4000ms","timestamp":"2025-09-08T16:36:33.921Z"}
{"level":"warn","message":"Retry attempt 2 failed, retrying in 4000ms","timestamp":"2025-09-08T16:36:33.923Z"}
{"level":"error","message":"Error storing traffic incidents in database:","timestamp":"2025-09-08T16:36:35.392Z"}
{"level":"error","message":"Error storing traffic incidents in database:","timestamp":"2025-09-08T16:36:35.461Z"}
{"level":"error","message":"Error storing traffic incidents in database:","timestamp":"2025-09-08T16:36:35.464Z"}
{"level":"error","message":"Error storing traffic incidents in database:","timestamp":"2025-09-08T16:36:35.481Z"}
{"level":"info","message":"Returning cached traffic incidents for 19.076,72.8777","timestamp":"2025-09-08T16:37:43.111Z"}
{"level":"info","message":"Returning cached traffic incidents for 19.076,72.8777","timestamp":"2025-09-08T16:37:43.481Z"}
{"level":"info","message":"Returning cached traffic incidents for 19.076,72.8777","timestamp":"2025-09-08T16:37:43.714Z"}
{"level":"info","message":"Returning cached traffic incidents for 19.076,72.8777","timestamp":"2025-09-08T16:37:44.102Z"}
{"level":"info","message":"Fetching traffic incidents for location: 19.076,72.8777 (radius: 10km)","timestamp":"2025-09-08T17:52:47.552Z"}
{"level":"error","message":"Error storing traffic incidents in database:","timestamp":"2025-09-08T17:52:48.769Z"}
{"level":"info","message":"Returning cached traffic incidents for 19.076,72.8777","timestamp":"2025-09-08T17:52:48.773Z"}
{"level":"info","message":"Returning cached traffic incidents for 19.076,72.8777","timestamp":"2025-09-08T17:52:48.775Z"}
{"level":"info","message":"Returning cached traffic incidents for 19.076,72.8777","timestamp":"2025-09-08T17:52:48.777Z"}
{"level":"info","message":"Returning cached traffic incidents for 19.076,72.8777","timestamp":"2025-09-08T17:54:42.736Z"}
{"level":"info","message":"Returning cached traffic incidents for 19.076,72.8777","timestamp":"2025-09-08T17:54:42.906Z"}
{"level":"info","message":"Returning cached traffic incidents for 19.076,72.8777","timestamp":"2025-09-08T17:54:43.161Z"}
{"level":"info","message":"Returning cached traffic incidents for 19.076,72.8777","timestamp":"2025-09-08T17:54:43.438Z"}
{"level":"info","message":"Fetching traffic incidents for location: 19.076,72.8777 (radius: 10km)","timestamp":"2025-09-08T17:55:31.487Z"}
{"level":"error","message":"Error storing traffic incidents in database:","timestamp":"2025-09-08T17:55:32.478Z"}
{"level":"info","message":"Returning cached traffic incidents for 19.076,72.8777","timestamp":"2025-09-08T17:55:32.480Z"}
{"level":"info","message":"Returning cached traffic incidents for 19.076,72.8777","timestamp":"2025-09-08T17:55:32.482Z"}
{"level":"info","message":"Returning cached traffic incidents for 19.076,72.8777","timestamp":"2025-09-08T17:55:32.483Z"}
{"level":"info","message":"Fetching traffic incidents for location: 19.076,72.8777 (radius: 10km)","timestamp":"2025-09-08T17:59:04.201Z"}
{"level":"error","message":"Error storing traffic incidents in database:","timestamp":"2025-09-08T17:59:05.096Z"}
{"level":"info","message":"Returning cached traffic incidents for 19.076,72.8777","timestamp":"2025-09-08T17:59:05.100Z"}
{"level":"info","message":"Returning cached traffic incidents for 19.076,72.8777","timestamp":"2025-09-08T17:59:05.103Z"}
{"level":"info","message":"Returning cached traffic incidents for 19.076,72.8777","timestamp":"2025-09-08T17:59:05.105Z"}
{"level":"info","message":"Fetching traffic incidents for location: 19.076,72.8777 (radius: 10km)","timestamp":"2025-09-08T18:11:34.594Z"}
{"level":"error","message":"Error storing traffic incidents in database:","timestamp":"2025-09-08T18:11:35.845Z"}
{"level":"info","message":"Returning cached traffic incidents for 19.076,72.8777","timestamp":"2025-09-08T18:11:35.851Z"}
{"level":"info","message":"Returning cached traffic incidents for 19.076,72.8777","timestamp":"2025-09-08T18:11:51.226Z"}
{"level":"info","message":"Returning cached traffic incidents for 19.076,72.8777","timestamp":"2025-09-08T18:11:51.387Z"}
{"level":"info","message":"Returning cached traffic incidents for 19.076,72.8777","timestamp":"2025-09-08T18:12:11.902Z"}
{"level":"info","message":"Returning cached traffic incidents for 19.076,72.8777","timestamp":"2025-09-08T18:12:12.117Z"}
{"level":"info","message":"Returning cached traffic incidents for 19.076,72.8777","timestamp":"2025-09-08T18:12:35.532Z"}
{"level":"info","message":"Returning cached traffic incidents for 19.076,72.8777","timestamp":"2025-09-08T18:12:35.741Z"}
{"level":"info","message":"Returning cached traffic incidents for 19.076,72.8777","timestamp":"2025-09-08T18:12:57.183Z"}
{"level":"info","message":"Returning cached traffic incidents for 19.076,72.8777","timestamp":"2025-09-08T18:12:57.191Z"}
{"level":"info","message":"Fetching traffic incidents for location: 19.076,72.8777 (radius: 10km)","timestamp":"2025-09-08T18:13:44.034Z"}
{"level":"error","message":"Error storing traffic incidents in database:","timestamp":"2025-09-08T18:13:44.966Z"}
{"level":"info","message":"Returning cached traffic incidents for 19.076,72.8777","timestamp":"2025-09-08T18:13:44.974Z"}
{"level":"info","message":"Returning cached traffic incidents for 19.076,72.8777","timestamp":"2025-09-08T18:14:06.391Z"}
{"level":"info","message":"Returning cached traffic incidents for 19.076,72.8777","timestamp":"2025-09-08T18:14:06.394Z"}
{"level":"info","message":"Returning cached traffic incidents for 19.076,72.8777","timestamp":"2025-09-08T18:14:38.788Z"}
{"level":"info","message":"Returning cached traffic incidents for 19.076,72.8777","timestamp":"2025-09-08T18:14:39.003Z"}
{"level":"info","message":"Returning cached traffic incidents for 19.076,72.8777","timestamp":"2025-09-08T18:14:39.234Z"}
{"level":"info","message":"Returning cached traffic incidents for 19.076,72.8777","timestamp":"2025-09-08T18:14:39.471Z"}
{"level":"info","message":"Fetching traffic incidents for location: 19.076,72.8777 (radius: 10km)","timestamp":"2025-09-08T18:19:42.420Z"}
{"level":"error","message":"Error storing traffic incidents in database:","timestamp":"2025-09-08T18:19:43.415Z"}
{"level":"info","message":"Returning cached traffic incidents for 19.076,72.8777","timestamp":"2025-09-08T18:19:43.420Z"}
{"level":"info","message":"Returning cached traffic incidents for 19.076,72.8777","timestamp":"2025-09-08T18:20:19.258Z"}
{"level":"info","message":"Returning cached traffic incidents for 19.076,72.8777","timestamp":"2025-09-08T18:20:19.522Z"}
{"level":"info","message":"Returning cached traffic incidents for 19.076,72.8777","timestamp":"2025-09-08T18:20:54.317Z"}
{"level":"info","message":"Returning cached traffic incidents for 19.076,72.8777","timestamp":"2025-09-08T18:20:54.522Z"}
{"level":"info","message":"Returning cached traffic incidents for 19.076,72.8777","timestamp":"2025-09-08T18:20:54.753Z"}
{"level":"info","message":"Returning cached traffic incidents for 19.076,72.8777","timestamp":"2025-09-08T18:20:55.027Z"}
{"level":"info","message":"Fetching traffic incidents for location: 19.076,72.8777 (radius: 10km)","timestamp":"2025-09-08T18:25:37.555Z"}
{"level":"error","message":"Error storing traffic incidents in database:","timestamp":"2025-09-08T18:25:38.654Z"}
{"level":"info","message":"Returning cached traffic incidents for 19.076,72.8777","timestamp":"2025-09-08T18:25:38.657Z"}
{"level":"info","message":"Returning cached traffic incidents for 19.076,72.8777","timestamp":"2025-09-08T18:25:46.027Z"}
{"level":"info","message":"Returning cached traffic incidents for 19.076,72.8777","timestamp":"2025-09-08T18:25:46.241Z"}
{"level":"info","message":"Fetching traffic incidents for location: 19.076,72.8777 (radius: 10km)","timestamp":"2025-09-08T18:40:50.549Z"}
{"level":"error","message":"Error storing traffic incidents in database:","timestamp":"2025-09-08T18:40:51.317Z"}
{"level":"info","message":"Returning cached traffic incidents for 19.076,72.8777","timestamp":"2025-09-08T18:40:51.320Z"}
{"level":"info","message":"Returning cached traffic incidents for 19.076,72.8777","timestamp":"2025-09-08T18:40:51.322Z"}
{"level":"info","message":"Returning cached traffic incidents for 19.076,72.8777","timestamp":"2025-09-08T18:40:51.324Z"}
{"level":"info","message":"Generating traffic predictions for mumbai for next 24 hours","timestamp":"2025-09-08T18:42:53.533Z"}
{"level":"warn","message":"Weather API unavailable for mumbai, using fallback:","timestamp":"2025-09-08T18:42:53.541Z"}
{"level":"info","message":"Returning cached prediction data for mumbai","timestamp":"2025-09-08T18:42:53.740Z"}
{"level":"info","message":"Fetching traffic incidents for location: 19.076,72.8777 (radius: 10km)","timestamp":"2025-09-08T18:43:38.052Z"}
{"level":"error","message":"Error storing traffic incidents in database:","timestamp":"2025-09-08T18:43:38.761Z"}
{"level":"info","message":"Returning cached traffic incidents for 19.076,72.8777","timestamp":"2025-09-08T18:43:38.763Z"}
{"level":"info","message":"Fetching real-time traffic data for delhi (28.7041, 77.1025)","timestamp":"2025-09-08T20:04:28.369Z"}
{"level":"warn","message":"Retry attempt 1 failed, retrying in 2000ms","timestamp":"2025-09-08T20:04:31.183Z"}
{"level":"warn","message":"Retry attempt 1 failed, retrying in 2000ms","timestamp":"2025-09-08T20:04:31.228Z"}
{"level":"warn","message":"Retry attempt 2 failed, retrying in 4000ms","timestamp":"2025-09-08T20:04:35.435Z"}
{"level":"warn","message":"Retry attempt 2 failed, retrying in 4000ms","timestamp":"2025-09-08T20:04:35.470Z"}
{"level":"error","message":"Error storing traffic incidents in database:","timestamp":"2025-09-08T20:04:35.748Z"}
{"level":"info","message":"Fetching real-time traffic data for delhi (28.7041, 77.1025)","timestamp":"2025-09-08T20:04:50.698Z"}
{"level":"warn","message":"Retry attempt 1 failed, retrying in 2000ms","timestamp":"2025-09-08T20:04:53.497Z"}
{"level":"warn","message":"Retry attempt 1 failed, retrying in 2000ms","timestamp":"2025-09-08T20:04:53.504Z"}
{"level":"warn","message":"Retry attempt 2 failed, retrying in 4000ms","timestamp":"2025-09-08T20:04:57.923Z"}
{"level":"warn","message":"Retry attempt 2 failed, retrying in 4000ms","timestamp":"2025-09-08T20:04:57.924Z"}
{"level":"error","message":"Error storing traffic incidents in database:","timestamp":"2025-09-08T20:04:58.201Z"}
{"level":"info","message":"Fetching real-time traffic data for delhi (28.7041, 77.1025)","timestamp":"2025-09-08T20:05:08.899Z"}
{"level":"warn","message":"Retry attempt 1 failed, retrying in 2000ms","timestamp":"2025-09-08T20:05:11.749Z"}
{"level":"warn","message":"Retry attempt 1 failed, retrying in 2000ms","timestamp":"2025-09-08T20:05:11.780Z"}
{"level":"warn","message":"Retry attempt 2 failed, retrying in 4000ms","timestamp":"2025-09-08T20:05:15.984Z"}
{"level":"warn","message":"Retry attempt 2 failed, retrying in 4000ms","timestamp":"2025-09-08T20:05:16.010Z"}
{"level":"error","message":"Error storing traffic incidents in database:","timestamp":"2025-09-08T20:05:16.253Z"}
{"level":"info","message":"Fetching real-time traffic data for delhi (28.7041, 77.1025)","timestamp":"2025-09-08T20:05:23.418Z"}
{"level":"warn","message":"Retry attempt 1 failed, retrying in 2000ms","timestamp":"2025-09-08T20:05:26.164Z"}
{"level":"warn","message":"Retry attempt 1 failed, retrying in 2000ms","timestamp":"2025-09-08T20:05:26.165Z"}
{"level":"warn","message":"Retry attempt 2 failed, retrying in 4000ms","timestamp":"2025-09-08T20:05:30.410Z"}
{"level":"warn","message":"Retry attempt 2 failed, retrying in 4000ms","timestamp":"2025-09-08T20:05:30.418Z"}
{"level":"error","message":"Error storing traffic incidents in database:","timestamp":"2025-09-08T20:05:30.909Z"}
{"level":"info","message":"Generating ML traffic predictions for mumbai b","timestamp":"2025-09-08T20:11:21.258Z"}
{"level":"warn","message":"Weather API unavailable for mumbai, using fallback:","timestamp":"2025-09-08T20:11:21.268Z"}
{"level":"info","message":"Generating ML traffic predictions for mumbai ba","timestamp":"2025-09-08T20:11:21.269Z"}
{"level":"warn","message":"Weather API unavailable for mumbai, using fallback:","timestamp":"2025-09-08T20:11:21.272Z"}
{"level":"info","message":"Generating ML traffic predictions for mumbai ban","timestamp":"2025-09-08T20:11:21.485Z"}
{"level":"warn","message":"Weather API unavailable for mumbai, using fallback:","timestamp":"2025-09-08T20:11:21.487Z"}
{"level":"info","message":"Generating ML traffic predictions for mumbai band","timestamp":"2025-09-08T20:11:21.654Z"}
{"level":"warn","message":"Weather API unavailable for mumbai, using fallback:","timestamp":"2025-09-08T20:11:21.656Z"}
{"level":"info","message":"Generating ML traffic predictions for mumbai bandr","timestamp":"2025-09-08T20:11:22.952Z"}
{"level":"warn","message":"Weather API unavailable for mumbai, using fallback:","timestamp":"2025-09-08T20:11:22.955Z"}
{"level":"info","message":"Generating ML traffic predictions for mumbai bandra","timestamp":"2025-09-08T20:11:23.296Z"}
{"level":"warn","message":"Weather API unavailable for mumbai, using fallback:","timestamp":"2025-09-08T20:11:23.299Z"}
{"level":"info","message":"Generating ML traffic predictions for mumbai bandra-","timestamp":"2025-09-08T20:11:24.419Z"}
{"level":"warn","message":"Weather API unavailable for mumbai, using fallback:","timestamp":"2025-09-08T20:11:24.421Z"}
{"level":"info","message":"Generating ML traffic predictions for mumbai bandra-k","timestamp":"2025-09-08T20:11:24.860Z"}
{"level":"warn","message":"Weather API unavailable for mumbai, using fallback:","timestamp":"2025-09-08T20:11:24.861Z"}
{"level":"info","message":"Generating ML traffic predictions for mumbai bandra-ku","timestamp":"2025-09-08T20:11:25.148Z"}
{"level":"warn","message":"Weather API unavailable for mumbai, using fallback:","timestamp":"2025-09-08T20:11:25.151Z"}
{"level":"info","message":"Generating ML traffic predictions for mumbai bandra-kur","timestamp":"2025-09-08T20:11:25.305Z"}
{"level":"warn","message":"Weather API unavailable for mumbai, using fallback:","timestamp":"2025-09-08T20:11:25.306Z"}
{"level":"info","message":"Generating ML traffic predictions for mumbai bandra-kurl","timestamp":"2025-09-08T20:11:25.839Z"}
{"level":"warn","message":"Weather API unavailable for mumbai, using fallback:","timestamp":"2025-09-08T20:11:25.841Z"}
{"level":"info","message":"Generating ML traffic predictions for mumbai bandra-kurla","timestamp":"2025-09-08T20:11:25.941Z"}
{"level":"warn","message":"Weather API unavailable for mumbai, using fallback:","timestamp":"2025-09-08T20:11:25.942Z"}
{"level":"info","message":"Generating ML traffic predictions for chennai bandra-kurla","timestamp":"2025-09-08T20:12:14.269Z"}
{"level":"warn","message":"Weather API unavailable for chennai, using fallback:","timestamp":"2025-09-08T20:12:14.274Z"}
{"level":"info","message":"Generating ML traffic predictions for chennai bandra-kurl","timestamp":"2025-09-08T20:12:16.484Z"}
{"level":"warn","message":"Weather API unavailable for chennai, using fallback:","timestamp":"2025-09-08T20:12:16.486Z"}
{"level":"info","message":"Generating ML traffic predictions for chennai bandra-kur","timestamp":"2025-09-08T20:12:16.738Z"}
{"level":"warn","message":"Weather API unavailable for chennai, using fallback:","timestamp":"2025-09-08T20:12:16.741Z"}
{"level":"info","message":"Generating ML traffic predictions for chennai bandra-ku","timestamp":"2025-09-08T20:12:16.761Z"}
{"level":"warn","message":"Weather API unavailable for chennai, using fallback:","timestamp":"2025-09-08T20:12:16.764Z"}
{"level":"info","message":"Generating ML traffic predictions for chennai bandra-k","timestamp":"2025-09-08T20:12:16.793Z"}
{"level":"warn","message":"Weather API unavailable for chennai, using fallback:","timestamp":"2025-09-08T20:12:16.794Z"}
{"level":"info","message":"Generating ML traffic predictions for chennai bandra-","timestamp":"2025-09-08T20:12:16.827Z"}
{"level":"warn","message":"Weather API unavailable for chennai, using fallback:","timestamp":"2025-09-08T20:12:16.829Z"}
{"level":"info","message":"Generating ML traffic predictions for chennai bandra","timestamp":"2025-09-08T20:12:16.858Z"}
{"level":"warn","message":"Weather API unavailable for chennai, using fallback:","timestamp":"2025-09-08T20:12:16.860Z"}
{"level":"info","message":"Generating ML traffic predictions for chennai bandr","timestamp":"2025-09-08T20:12:16.893Z"}
{"level":"warn","message":"Weather API unavailable for chennai, using fallback:","timestamp":"2025-09-08T20:12:16.894Z"}
{"level":"info","message":"Generating ML traffic predictions for chennai band","timestamp":"2025-09-08T20:12:16.926Z"}
{"level":"warn","message":"Weather API unavailable for chennai, using fallback:","timestamp":"2025-09-08T20:12:16.927Z"}
{"level":"info","message":"Generating ML traffic predictions for chennai ban","timestamp":"2025-09-08T20:12:16.971Z"}
{"level":"warn","message":"Weather API unavailable for chennai, using fallback:","timestamp":"2025-09-08T20:12:16.973Z"}
{"level":"info","message":"Generating ML traffic predictions for chennai ba","timestamp":"2025-09-08T20:12:16.993Z"}
{"level":"warn","message":"Weather API unavailable for chennai, using fallback:","timestamp":"2025-09-08T20:12:16.995Z"}
{"level":"info","message":"Generating ML traffic predictions for chennai b","timestamp":"2025-09-08T20:12:17.027Z"}
{"level":"warn","message":"Weather API unavailable for chennai, using fallback:","timestamp":"2025-09-08T20:12:17.029Z"}
{"level":"info","message":"Generating ML traffic predictions for chennai e","timestamp":"2025-09-08T20:12:17.971Z"}
{"level":"warn","message":"Weather API unavailable for chennai, using fallback:","timestamp":"2025-09-08T20:12:17.974Z"}
{"level":"info","message":"Generating ML traffic predictions for chennai eg","timestamp":"2025-09-08T20:12:18.372Z"}
{"level":"warn","message":"Weather API unavailable for chennai, using fallback:","timestamp":"2025-09-08T20:12:18.373Z"}
{"level":"info","message":"Generating ML traffic predictions for chennai egm","timestamp":"2025-09-08T20:12:19.679Z"}
{"level":"warn","message":"Weather API unavailable for chennai, using fallback:","timestamp":"2025-09-08T20:12:19.684Z"}
{"level":"info","message":"Generating ML traffic predictions for chennai egmo","timestamp":"2025-09-08T20:12:20.236Z"}
{"level":"warn","message":"Weather API unavailable for chennai, using fallback:","timestamp":"2025-09-08T20:12:20.240Z"}
{"level":"info","message":"Generating ML traffic predictions for chennai egmor","timestamp":"2025-09-08T20:12:20.370Z"}
{"level":"warn","message":"Weather API unavailable for chennai, using fallback:","timestamp":"2025-09-08T20:12:20.371Z"}
{"level":"info","message":"Generating ML traffic predictions for chennai egmore","timestamp":"2025-09-08T20:12:20.633Z"}
{"level":"warn","message":"Weather API unavailable for chennai, using fallback:","timestamp":"2025-09-08T20:12:20.635Z"}
{"level":"info","message":"Generating ML traffic predictions for chennai egmore","timestamp":"2025-09-08T20:12:33.973Z"}
{"level":"warn","message":"Weather API unavailable for chennai, using fallback:","timestamp":"2025-09-08T20:12:33.976Z"}
{"level":"info","message":"Generating ML traffic predictions for chennai egmore","timestamp":"2025-09-08T20:12:36.075Z"}
{"level":"warn","message":"Weather API unavailable for chennai, using fallback:","timestamp":"2025-09-08T20:12:36.079Z"}
{"level":"info","message":"Generating ML traffic predictions for chennai egmore","timestamp":"2025-09-08T20:12:59.610Z"}
{"level":"warn","message":"Weather API unavailable for chennai, using fallback:","timestamp":"2025-09-08T20:12:59.612Z"}
{"level":"info","message":"Fetching real-time traffic data for delhi (28.7041, 77.1025)","timestamp":"2025-09-08T20:13:57.133Z"}
{"level":"warn","message":"Retry attempt 1 failed, retrying in 2000ms","timestamp":"2025-09-08T20:14:00.228Z"}
{"level":"warn","message":"Retry attempt 1 failed, retrying in 2000ms","timestamp":"2025-09-08T20:14:00.253Z"}
{"level":"warn","message":"Retry attempt 2 failed, retrying in 4000ms","timestamp":"2025-09-08T20:14:04.477Z"}
{"level":"warn","message":"Retry attempt 2 failed, retrying in 4000ms","timestamp":"2025-09-08T20:14:04.494Z"}
{"level":"error","message":"Error storing traffic incidents in database:","timestamp":"2025-09-08T20:14:04.771Z"}
{"level":"info","message":"Fetching real-time traffic data for delhi (28.7041, 77.1025)","timestamp":"2025-09-08T20:14:14.281Z"}
{"level":"warn","message":"Retry attempt 1 failed, retrying in 2000ms","timestamp":"2025-09-08T20:14:17.169Z"}
{"level":"warn","message":"Retry attempt 1 failed, retrying in 2000ms","timestamp":"2025-09-08T20:14:17.194Z"}
{"level":"warn","message":"Retry attempt 2 failed, retrying in 4000ms","timestamp":"2025-09-08T20:14:21.402Z"}
{"level":"warn","message":"Retry attempt 2 failed, retrying in 4000ms","timestamp":"2025-09-08T20:14:21.436Z"}
{"level":"error","message":"Error storing traffic incidents in database:","timestamp":"2025-09-08T20:14:21.848Z"}
{"level":"info","message":"Fetching real-time traffic data for delhi (28.7041, 77.1025)","timestamp":"2025-09-08T20:15:20.776Z"}
{"level":"warn","message":"Retry attempt 1 failed, retrying in 2000ms","timestamp":"2025-09-08T20:15:23.687Z"}
{"level":"warn","message":"Retry attempt 1 failed, retrying in 2000ms","timestamp":"2025-09-08T20:15:23.697Z"}
{"level":"warn","message":"Retry attempt 2 failed, retrying in 4000ms","timestamp":"2025-09-08T20:15:28.003Z"}
{"level":"warn","message":"Retry attempt 2 failed, retrying in 4000ms","timestamp":"2025-09-08T20:15:28.004Z"}
{"level":"error","message":"Error storing traffic incidents in database:","timestamp":"2025-09-08T20:15:28.962Z"}
{"level":"info","message":"Fetching real-time traffic data for mumbai (19.076, 72.8777)","timestamp":"2025-09-08T20:17:51.238Z"}
{"level":"warn","message":"Retry attempt 1 failed, retrying in 2000ms","timestamp":"2025-09-08T20:17:54.076Z"}
{"level":"warn","message":"Retry attempt 1 failed, retrying in 2000ms","timestamp":"2025-09-08T20:17:54.165Z"}
{"level":"warn","message":"Retry attempt 2 failed, retrying in 4000ms","timestamp":"2025-09-08T20:17:58.334Z"}
{"level":"warn","message":"Retry attempt 2 failed, retrying in 4000ms","timestamp":"2025-09-08T20:17:58.438Z"}
{"level":"error","message":"Error storing traffic incidents in database:","timestamp":"2025-09-08T20:17:58.704Z"}
{"level":"info","message":"Fetching real-time traffic data for delhi (28.7041, 77.1025)","timestamp":"2025-09-08T20:19:45.262Z"}
{"level":"warn","message":"Retry attempt 1 failed, retrying in 2000ms","timestamp":"2025-09-08T20:19:48.213Z"}
{"level":"warn","message":"Retry attempt 1 failed, retrying in 2000ms","timestamp":"2025-09-08T20:19:48.222Z"}
{"level":"warn","message":"Retry attempt 2 failed, retrying in 4000ms","timestamp":"2025-09-08T20:19:52.450Z"}
{"level":"warn","message":"Retry attempt 2 failed, retrying in 4000ms","timestamp":"2025-09-08T20:19:52.460Z"}
{"level":"error","message":"Error storing traffic incidents in database:","timestamp":"2025-09-08T20:19:52.930Z"}
{"level":"info","message":"Fetching real-time traffic data for bangalore (12.9716, 77.5946)","timestamp":"2025-09-08T20:20:15.501Z"}
{"level":"warn","message":"Retry attempt 1 failed, retrying in 2000ms","timestamp":"2025-09-08T20:20:18.652Z"}
{"level":"warn","message":"Retry attempt 1 failed, retrying in 2000ms","timestamp":"2025-09-08T20:20:18.665Z"}
{"level":"warn","message":"Retry attempt 2 failed, retrying in 4000ms","timestamp":"2025-09-08T20:20:23.518Z"}
{"level":"warn","message":"Retry attempt 2 failed, retrying in 4000ms","timestamp":"2025-09-08T20:20:23.567Z"}
{"level":"error","message":"Error storing traffic incidents in database:","timestamp":"2025-09-08T20:20:23.835Z"}
{"level":"info","message":"Fetching real-time traffic data for delhi (28.7041, 77.1025)","timestamp":"2025-09-08T20:21:34.068Z"}
{"data":{"detailedError":{"code":"INVALID_REQUEST","message":"Parameter 'fields' has incorrect syntax."}},"level":"error","message":"Retry attempt 1 failed: Request failed with status code 400","params":{"bbox":"76.99978779118184,28.61400990990991,77.20521220881817,28.79419009009009","categoryFilter":"0,1,2,3,4,5,6,7,8,9,10,11,14","fields":"{incidents{type,geometry{type,coordinates},properties{iconCategory,magnitudeOfDelay,events{description,code,iconCategory},startTime,endTime,roadNumbers,timeValidity,probabilityOfOccurrence,numberOfReports,lastReportTime}}","key":"UpQ977QmbzyJFExFzww4aJ8jJVvmjwrU","language":"en-US"},"status":400,"statusText":"Bad Request","timestamp":"2025-09-08T20:21:34.939Z","url":"https://api.tomtom.com/traffic/services/5/incidentDetails"}
{"data":{"detailedError":{"code":"INVALID_REQUEST","message":"Invalid segments count."},"error":"Invalid segments count.","httpStatusCode":400},"level":"error","message":"Retry attempt 1 failed: Request failed with status code 400","params":{"key":"UpQ977QmbzyJFExFzww4aJ8jJVvmjwrU","unit":"KMPH"},"status":400,"statusText":"Bad Request","timestamp":"2025-09-08T20:21:34.959Z","url":"https://api.tomtom.com/traffic/services/4/flowSegmentData/10/77.1025,28.7041.json"}
{"level":"warn","message":"Retry attempt 1 failed, retrying in 2000ms","timestamp":"2025-09-08T20:21:36.940Z"}
{"level":"warn","message":"Retry attempt 1 failed, retrying in 2000ms","timestamp":"2025-09-08T20:21:36.960Z"}
{"data":{"detailedError":{"code":"INVALID_REQUEST","message":"Parameter 'fields' has incorrect syntax."}},"level":"error","message":"Retry attempt 2 failed: Request failed with status code 400","params":{"bbox":"76.99978779118184,28.61400990990991,77.20521220881817,28.79419009009009","categoryFilter":"0,1,2,3,4,5,6,7,8,9,10,11,14","fields":"{incidents{type,geometry{type,coordinates},properties{iconCategory,magnitudeOfDelay,events{description,code,iconCategory},startTime,endTime,roadNumbers,timeValidity,probabilityOfOccurrence,numberOfReports,lastReportTime}}","key":"UpQ977QmbzyJFExFzww4aJ8jJVvmjwrU","language":"en-US"},"status":400,"statusText":"Bad Request","timestamp":"2025-09-08T20:21:37.217Z","url":"https://api.tomtom.com/traffic/services/5/incidentDetails"}
{"data":{"detailedError":{"code":"INVALID_REQUEST","message":"Invalid segments count."},"error":"Invalid segments count.","httpStatusCode":400},"level":"error","message":"Retry attempt 2 failed: Request failed with status code 400","params":{"key":"UpQ977QmbzyJFExFzww4aJ8jJVvmjwrU","unit":"KMPH"},"status":400,"statusText":"Bad Request","timestamp":"2025-09-08T20:21:37.228Z","url":"https://api.tomtom.com/traffic/services/4/flowSegmentData/10/77.1025,28.7041.json"}
{"level":"warn","message":"Retry attempt 2 failed, retrying in 4000ms","timestamp":"2025-09-08T20:21:41.217Z"}
{"level":"warn","message":"Retry attempt 2 failed, retrying in 4000ms","timestamp":"2025-09-08T20:21:41.229Z"}
{"data":{"detailedError":{"code":"INVALID_REQUEST","message":"Parameter 'fields' has incorrect syntax."}},"level":"error","message":"Retry attempt 3 failed: Request failed with status code 400","params":{"bbox":"76.99978779118184,28.61400990990991,77.20521220881817,28.79419009009009","categoryFilter":"0,1,2,3,4,5,6,7,8,9,10,11,14","fields":"{incidents{type,geometry{type,coordinates},properties{iconCategory,magnitudeOfDelay,events{description,code,iconCategory},startTime,endTime,roadNumbers,timeValidity,probabilityOfOccurrence,numberOfReports,lastReportTime}}","key":"UpQ977QmbzyJFExFzww4aJ8jJVvmjwrU","language":"en-US"},"status":400,"statusText":"Bad Request","timestamp":"2025-09-08T20:21:41.473Z","url":"https://api.tomtom.com/traffic/services/5/incidentDetails"}
{"data":{"detailedError":{"code":"INVALID_REQUEST","message":"Invalid segments count."},"error":"Invalid segments count.","httpStatusCode":400},"level":"error","message":"Retry attempt 3 failed: Request failed with status code 400","params":{"key":"UpQ977QmbzyJFExFzww4aJ8jJVvmjwrU","unit":"KMPH"},"status":400,"statusText":"Bad Request","timestamp":"2025-09-08T20:21:41.484Z","url":"https://api.tomtom.com/traffic/services/4/flowSegmentData/10/77.1025,28.7041.json"}
{"level":"error","message":"Error storing traffic incidents in database:","timestamp":"2025-09-08T20:21:41.493Z"}
{"level":"info","message":"Generating ML traffic predictions for chennai k","timestamp":"2025-09-08T20:42:32.566Z"}
{"level":"warn","message":"Weather API unavailable for chennai, using fallback:","timestamp":"2025-09-08T20:42:32.574Z"}
{"level":"info","message":"Generating ML traffic predictions for chennai ko","timestamp":"2025-09-08T20:42:33.454Z"}
{"level":"warn","message":"Weather API unavailable for chennai, using fallback:","timestamp":"2025-09-08T20:42:33.458Z"}
{"level":"info","message":"Generating ML traffic predictions for chennai koem","timestamp":"2025-09-08T20:42:33.969Z"}
{"level":"warn","message":"Weather API unavailable for chennai, using fallback:","timestamp":"2025-09-08T20:42:33.973Z"}
{"level":"info","message":"Generating ML traffic predictions for chennai koemb","timestamp":"2025-09-08T20:42:34.706Z"}
{"level":"warn","message":"Weather API unavailable for chennai, using fallback:","timestamp":"2025-09-08T20:42:34.711Z"}
{"level":"info","message":"Generating ML traffic predictions for chennai koembe","timestamp":"2025-09-08T20:42:34.785Z"}
{"level":"warn","message":"Weather API unavailable for chennai, using fallback:","timestamp":"2025-09-08T20:42:34.804Z"}
{"level":"info","message":"Generating ML traffic predictions for chennai koembed","timestamp":"2025-09-08T20:42:35.056Z"}
{"level":"warn","message":"Weather API unavailable for chennai, using fallback:","timestamp":"2025-09-08T20:42:35.058Z"}
{"level":"info","message":"Generating ML traffic predictions for chennai koembedu","timestamp":"2025-09-08T20:42:35.259Z"}
{"level":"warn","message":"Weather API unavailable for chennai, using fallback:","timestamp":"2025-09-08T20:42:35.261Z"}
{"level":"info","message":"Generating ML traffic predictions for chennai koembedu","timestamp":"2025-09-08T20:42:47.400Z"}
{"level":"warn","message":"Weather API unavailable for chennai, using fallback:","timestamp":"2025-09-08T20:42:47.404Z"}
{"level":"info","message":"Generating ML traffic predictions for chennai koembedu","timestamp":"2025-09-08T20:43:04.259Z"}
{"level":"warn","message":"Weather API unavailable for chennai, using fallback:","timestamp":"2025-09-08T20:43:04.261Z"}
{"level":"info","message":"Generating ML traffic predictions for chennai koembedu","timestamp":"2025-09-08T20:43:06.722Z"}
{"level":"warn","message":"Weather API unavailable for chennai, using fallback:","timestamp":"2025-09-08T20:43:06.725Z"}
{"level":"info","message":"Generating ML traffic predictions for chennai koembedu","timestamp":"2025-09-08T20:43:16.819Z"}
{"level":"warn","message":"Weather API unavailable for chennai, using fallback:","timestamp":"2025-09-08T20:43:16.822Z"}
{"level":"info","message":"Generating ML traffic predictions for chennai koembedu","timestamp":"2025-09-08T20:43:25.956Z"}
{"level":"warn","message":"Weather API unavailable for chennai, using fallback:","timestamp":"2025-09-08T20:43:25.960Z"}
