{"level":"info","message":"Fetching current weather for coordinates: 28.6139, 77.2090","timestamp":"2025-09-04T07:25:14.825Z"}
{"level":"error","message":"Error fetching current weather:","timestamp":"2025-09-04T07:25:16.038Z"}
{"level":"info","message":"Fetching current weather for coordinates: 28.6139, 77.2090","timestamp":"2025-09-04T07:25:23.497Z"}
{"level":"error","message":"Error fetching current weather:","timestamp":"2025-09-04T07:25:23.699Z"}
{"level":"error","message":"Invalid token:","timestamp":"2025-09-04T11:11:49.216Z"}
{"level":"error","message":"Invalid token:","timestamp":"2025-09-04T11:11:49.239Z"}
{"level":"error","message":"Invalid token:","timestamp":"2025-09-04T11:11:49.246Z"}
{"level":"error","message":"Invalid token:","timestamp":"2025-09-04T11:11:49.267Z"}
{"level":"error","message":"Invalid token:","timestamp":"2025-09-04T11:12:05.048Z"}
{"level":"error","message":"Invalid token:","timestamp":"2025-09-04T11:12:05.052Z"}
{"level":"error","message":"Invalid token:","timestamp":"2025-09-04T11:12:05.064Z"}
{"level":"error","message":"Invalid token:","timestamp":"2025-09-04T11:12:05.065Z"}
{"level":"error","message":"Invalid token:","timestamp":"2025-09-04T11:15:57.346Z"}
{"level":"error","message":"Invalid token:","timestamp":"2025-09-04T11:15:57.359Z"}
{"level":"error","message":"Invalid token:","timestamp":"2025-09-04T11:15:57.383Z"}
{"level":"error","message":"Invalid token:","timestamp":"2025-09-04T11:15:57.388Z"}
{"level":"error","message":"Invalid token:","timestamp":"2025-09-04T11:16:40.757Z"}
{"level":"error","message":"Invalid token:","timestamp":"2025-09-04T11:16:40.761Z"}
{"level":"error","message":"Invalid token:","timestamp":"2025-09-04T11:16:40.796Z"}
{"level":"error","message":"Invalid token:","timestamp":"2025-09-04T11:16:40.799Z"}
{"level":"error","message":"Invalid token:","timestamp":"2025-09-04T11:16:50.743Z"}
{"level":"error","message":"Invalid token:","timestamp":"2025-09-04T11:18:29.021Z"}
{"level":"error","message":"Invalid token:","timestamp":"2025-09-04T11:18:29.024Z"}
{"level":"error","message":"Invalid token:","timestamp":"2025-09-04T11:18:29.039Z"}
{"level":"error","message":"Invalid token:","timestamp":"2025-09-04T11:18:29.051Z"}
{"level":"error","message":"Invalid token:","timestamp":"2025-09-04T11:18:39.020Z"}
{"level":"error","message":"Invalid token:","timestamp":"2025-09-04T11:18:49.034Z"}
{"level":"error","message":"Invalid token:","timestamp":"2025-09-04T11:18:59.163Z"}
{"level":"error","message":"Invalid token:","timestamp":"2025-09-04T11:19:09.016Z"}
{"level":"error","message":"Invalid token:","timestamp":"2025-09-04T11:19:19.014Z"}
{"level":"error","message":"Invalid token:","timestamp":"2025-09-04T11:19:29.028Z"}
{"level":"error","message":"Invalid token:","timestamp":"2025-09-04T11:19:42.251Z"}
{"level":"error","message":"Invalid token:","timestamp":"2025-09-04T11:19:42.252Z"}
{"level":"error","message":"Invalid token:","timestamp":"2025-09-04T11:19:42.265Z"}
{"level":"error","message":"Invalid token:","timestamp":"2025-09-04T11:25:55.774Z"}
{"level":"error","message":"Invalid token:","timestamp":"2025-09-04T11:25:55.779Z"}
{"level":"error","message":"Invalid token:","timestamp":"2025-09-04T11:25:55.787Z"}
{"level":"error","message":"Invalid token:","timestamp":"2025-09-04T11:25:55.806Z"}
{"level":"error","message":"Invalid token:","timestamp":"2025-09-04T11:26:34.435Z"}
{"level":"error","message":"Invalid token:","timestamp":"2025-09-04T11:26:34.438Z"}
{"level":"error","message":"Invalid token:","timestamp":"2025-09-04T11:26:34.447Z"}
{"level":"error","message":"Invalid token:","timestamp":"2025-09-04T11:26:34.458Z"}
{"level":"error","message":"Invalid token:","timestamp":"2025-09-04T11:27:16.581Z"}
{"level":"error","message":"Invalid token:","timestamp":"2025-09-04T11:37:22.394Z"}
{"level":"error","message":"Invalid token:","timestamp":"2025-09-04T11:37:22.405Z"}
{"level":"error","message":"Invalid token:","timestamp":"2025-09-04T11:37:22.412Z"}
{"level":"error","message":"Invalid token:","timestamp":"2025-09-04T11:37:22.415Z"}
{"level":"info","message":"Fetching current weather for coordinates: 19.0760, 72.8777","timestamp":"2025-09-04T11:47:31.037Z"}
{"level":"info","message":"Retry attempt 1/3 after 1000ms","timestamp":"2025-09-04T11:47:33.264Z"}
{"level":"info","message":"Retry attempt 2/3 after 2000ms","timestamp":"2025-09-04T11:47:34.677Z"}
{"level":"error","message":"Error fetching current weather:","timestamp":"2025-09-04T11:47:36.994Z"}
{"level":"info","message":"Fetching current weather for coordinates: 19.0760, 72.8777","timestamp":"2025-09-04T11:50:41.782Z"}
{"level":"info","message":"Retry attempt 1/3 after 1000ms","timestamp":"2025-09-04T11:50:42.518Z"}
{"level":"info","message":"Retry attempt 2/3 after 2000ms","timestamp":"2025-09-04T11:50:44.446Z"}
{"level":"error","message":"Error fetching current weather:","timestamp":"2025-09-04T11:50:46.966Z"}
{"level":"info","message":"Fetching current weather for coordinates: 19.0760, 72.8777","timestamp":"2025-09-04T11:59:06.244Z"}
{"level":"info","message":"Retry attempt 1/3 after 1000ms","timestamp":"2025-09-04T11:59:07.083Z"}
{"level":"info","message":"Retry attempt 2/3 after 2000ms","timestamp":"2025-09-04T11:59:08.974Z"}
{"level":"error","message":"Error fetching current weather:","timestamp":"2025-09-04T11:59:11.269Z"}
{"level":"info","message":"Fetching current weather for coordinates: 19.0760, 72.8777","timestamp":"2025-09-04T12:00:48.942Z"}
{"level":"info","message":"Retry attempt 1/3 after 1000ms","timestamp":"2025-09-04T12:00:49.996Z"}
{"level":"info","message":"Retry attempt 2/3 after 2000ms","timestamp":"2025-09-04T12:00:51.322Z"}
{"level":"error","message":"Error fetching current weather:","timestamp":"2025-09-04T12:00:54.181Z"}
{"level":"info","message":"Fetching current weather for coordinates: 19.0760, 72.8777","timestamp":"2025-09-04T12:02:51.635Z"}
{"level":"info","message":"Retry attempt 1/3 after 1000ms","timestamp":"2025-09-04T12:02:52.333Z"}
{"level":"info","message":"Retry attempt 2/3 after 2000ms","timestamp":"2025-09-04T12:02:54.891Z"}
{"level":"error","message":"Error fetching current weather:","timestamp":"2025-09-04T12:02:58.599Z"}
{"level":"info","message":"Fetching current weather for coordinates: 19.076, 72.8777","timestamp":"2025-09-04T12:13:55.783Z"}
{"level":"info","message":"IMD weather data requested","timestamp":"2025-09-04T12:13:55.821Z"}
{"alerts":1,"conditions":1,"level":"info","message":"IMD weather data scraped successfully","sources":1,"timestamp":"2025-09-04T12:13:57.111Z"}
{"level":"info","message":"Retry attempt 1/3 after 1000ms","timestamp":"2025-09-04T12:13:57.113Z"}
{"level":"info","message":"IMD weather data requested","timestamp":"2025-09-04T12:13:57.114Z"}
{"level":"info","message":"Returning cached IMD weather data","timestamp":"2025-09-04T12:13:57.114Z"}
{"level":"info","message":"Retry attempt 2/3 after 2000ms","timestamp":"2025-09-04T12:13:58.460Z"}
{"level":"error","message":"Error fetching current weather:","timestamp":"2025-09-04T12:14:00.750Z"}
{"level":"info","message":"Fetching current weather for coordinates: 19.076, 72.8777","timestamp":"2025-09-04T12:14:00.754Z"}
{"level":"info","message":"Retry attempt 1/3 after 1000ms","timestamp":"2025-09-04T12:14:01.053Z"}
{"level":"info","message":"Retry attempt 2/3 after 2000ms","timestamp":"2025-09-04T12:14:02.468Z"}
{"level":"error","message":"Error fetching current weather:","timestamp":"2025-09-04T12:14:04.987Z"}
{"level":"info","message":"Fetching current weather for coordinates: 19.076, 72.8777","timestamp":"2025-09-04T12:14:11.455Z"}
{"level":"info","message":"IMD weather data requested","timestamp":"2025-09-04T12:14:11.491Z"}
{"level":"info","message":"Returning cached IMD weather data","timestamp":"2025-09-04T12:14:11.491Z"}
{"level":"info","message":"IMD weather data requested","timestamp":"2025-09-04T12:14:11.500Z"}
{"level":"info","message":"Returning cached IMD weather data","timestamp":"2025-09-04T12:14:11.500Z"}
{"level":"info","message":"Retry attempt 1/3 after 1000ms","timestamp":"2025-09-04T12:14:12.296Z"}
{"level":"info","message":"Retry attempt 2/3 after 2000ms","timestamp":"2025-09-04T12:14:14.247Z"}
{"level":"error","message":"Error fetching current weather:","timestamp":"2025-09-04T12:14:16.558Z"}
{"level":"info","message":"Fetching current weather for coordinates: 19.076, 72.8777","timestamp":"2025-09-04T12:14:16.561Z"}
{"level":"info","message":"Retry attempt 1/3 after 1000ms","timestamp":"2025-09-04T12:14:16.934Z"}
{"level":"info","message":"Retry attempt 2/3 after 2000ms","timestamp":"2025-09-04T12:14:18.874Z"}
{"level":"error","message":"Error fetching current weather:","timestamp":"2025-09-04T12:14:21.138Z"}
{"level":"info","message":"IMD weather data requested","timestamp":"2025-09-04T12:14:21.455Z"}
{"level":"info","message":"Returning cached IMD weather data","timestamp":"2025-09-04T12:14:21.455Z"}
{"level":"info","message":"Fetching current weather for coordinates: 19.0760, 72.8777","timestamp":"2025-09-04T12:15:00.426Z"}
{"level":"info","message":"Retry attempt 1/3 after 1000ms","timestamp":"2025-09-04T12:15:01.527Z"}
{"level":"info","message":"Retry attempt 2/3 after 2000ms","timestamp":"2025-09-04T12:15:02.823Z"}
{"level":"error","message":"Error fetching current weather:","timestamp":"2025-09-04T12:15:05.100Z"}
{"level":"info","message":"Fetching current weather for coordinates: 19.076, 72.8777","timestamp":"2025-09-04T13:19:30.125Z"}
{"level":"info","message":"IMD weather data requested","timestamp":"2025-09-04T13:19:30.163Z"}
{"level":"info","message":"Retry attempt 1/3 after 1000ms","timestamp":"2025-09-04T13:19:30.968Z"}
{"alerts":1,"conditions":0,"level":"info","message":"IMD weather data scraped successfully","sources":1,"timestamp":"2025-09-04T13:19:31.226Z"}
{"level":"info","message":"IMD weather data requested","timestamp":"2025-09-04T13:19:31.229Z"}
{"level":"info","message":"Returning cached IMD weather data","timestamp":"2025-09-04T13:19:31.229Z"}
{"level":"info","message":"Retry attempt 2/3 after 2000ms","timestamp":"2025-09-04T13:19:32.273Z"}
{"level":"error","message":"Error fetching current weather:","timestamp":"2025-09-04T13:19:34.590Z"}
{"level":"info","message":"Fetching current weather for coordinates: 19.076, 72.8777","timestamp":"2025-09-04T13:19:34.592Z"}
{"level":"info","message":"Retry attempt 1/3 after 1000ms","timestamp":"2025-09-04T13:19:34.866Z"}
{"level":"info","message":"Retry attempt 2/3 after 2000ms","timestamp":"2025-09-04T13:19:36.216Z"}
{"level":"error","message":"Error fetching current weather:","timestamp":"2025-09-04T13:19:38.544Z"}
{"level":"info","message":"IMD weather data requested","timestamp":"2025-09-04T13:19:40.110Z"}
{"level":"info","message":"Returning cached IMD weather data","timestamp":"2025-09-04T13:19:40.110Z"}
{"level":"info","message":"Fetching current weather for coordinates: 19.076, 72.8777","timestamp":"2025-09-04T13:28:37.483Z"}
{"level":"info","message":"IMD weather data requested","timestamp":"2025-09-04T13:28:37.502Z"}
{"alerts":1,"conditions":0,"level":"info","message":"IMD weather data scraped successfully","sources":1,"timestamp":"2025-09-04T13:28:38.699Z"}
{"level":"info","message":"IMD weather data requested","timestamp":"2025-09-04T13:28:38.702Z"}
{"level":"info","message":"Returning cached IMD weather data","timestamp":"2025-09-04T13:28:38.702Z"}
{"level":"info","message":"Retry attempt 1/3 after 1000ms","timestamp":"2025-09-04T13:28:39.051Z"}
{"level":"info","message":"Retry attempt 2/3 after 2000ms","timestamp":"2025-09-04T13:28:40.398Z"}
{"level":"error","message":"Error fetching current weather:","timestamp":"2025-09-04T13:28:42.665Z"}
{"level":"info","message":"Fetching current weather for coordinates: 19.076, 72.8777","timestamp":"2025-09-04T13:28:42.667Z"}
{"level":"info","message":"Retry attempt 1/3 after 1000ms","timestamp":"2025-09-04T13:28:42.925Z"}
{"level":"info","message":"Retry attempt 2/3 after 2000ms","timestamp":"2025-09-04T13:28:44.274Z"}
{"level":"error","message":"Error fetching current weather:","timestamp":"2025-09-04T13:28:47.073Z"}
{"level":"info","message":"IMD weather data requested","timestamp":"2025-09-04T13:28:47.493Z"}
{"level":"info","message":"Returning cached IMD weather data","timestamp":"2025-09-04T13:28:47.493Z"}
{"level":"info","message":"IMD weather data requested","timestamp":"2025-09-04T13:28:57.489Z"}
{"level":"info","message":"Returning cached IMD weather data","timestamp":"2025-09-04T13:28:57.489Z"}
{"level":"info","message":"IMD weather data requested","timestamp":"2025-09-04T13:29:07.495Z"}
{"level":"info","message":"Returning cached IMD weather data","timestamp":"2025-09-04T13:29:07.495Z"}
{"level":"info","message":"IMD weather data requested","timestamp":"2025-09-04T13:29:17.491Z"}
{"level":"info","message":"Returning cached IMD weather data","timestamp":"2025-09-04T13:29:17.491Z"}
{"level":"info","message":"IMD weather data requested","timestamp":"2025-09-04T13:29:27.486Z"}
{"level":"info","message":"Returning cached IMD weather data","timestamp":"2025-09-04T13:29:27.486Z"}
{"level":"info","message":"IMD weather data requested","timestamp":"2025-09-04T13:29:37.490Z"}
{"level":"info","message":"Returning cached IMD weather data","timestamp":"2025-09-04T13:29:37.490Z"}
{"level":"info","message":"IMD weather data requested","timestamp":"2025-09-04T13:29:47.493Z"}
{"level":"info","message":"Returning cached IMD weather data","timestamp":"2025-09-04T13:29:47.493Z"}
{"level":"info","message":"IMD weather data requested","timestamp":"2025-09-04T13:29:57.488Z"}
{"level":"info","message":"Returning cached IMD weather data","timestamp":"2025-09-04T13:29:57.488Z"}
{"level":"info","message":"IMD weather data requested","timestamp":"2025-09-04T13:30:07.493Z"}
{"level":"info","message":"Returning cached IMD weather data","timestamp":"2025-09-04T13:30:07.494Z"}
{"level":"info","message":"IMD weather data requested","timestamp":"2025-09-04T13:30:17.492Z"}
{"level":"info","message":"Returning cached IMD weather data","timestamp":"2025-09-04T13:30:17.492Z"}
{"level":"info","message":"IMD weather data requested","timestamp":"2025-09-04T13:30:27.489Z"}
{"level":"info","message":"Returning cached IMD weather data","timestamp":"2025-09-04T13:30:27.489Z"}
{"level":"info","message":"IMD weather data requested","timestamp":"2025-09-04T13:30:37.486Z"}
{"level":"info","message":"Returning cached IMD weather data","timestamp":"2025-09-04T13:30:37.486Z"}
{"level":"info","message":"IMD weather data requested","timestamp":"2025-09-04T13:30:47.489Z"}
{"level":"info","message":"Returning cached IMD weather data","timestamp":"2025-09-04T13:30:47.489Z"}
{"level":"info","message":"Fetching current weather for coordinates: 19.076, 72.8777","timestamp":"2025-09-04T13:30:47.909Z"}
{"level":"info","message":"IMD weather data requested","timestamp":"2025-09-04T13:30:47.916Z"}
{"level":"info","message":"Returning cached IMD weather data","timestamp":"2025-09-04T13:30:47.916Z"}
{"level":"info","message":"Retry attempt 1/3 after 1000ms","timestamp":"2025-09-04T13:30:50.028Z"}
{"level":"info","message":"Retry attempt 2/3 after 2000ms","timestamp":"2025-09-04T13:30:51.419Z"}
{"level":"error","message":"Error fetching current weather:","timestamp":"2025-09-04T13:30:53.787Z"}
{"level":"info","message":"IMD weather data requested","timestamp":"2025-09-04T13:30:57.487Z"}
{"level":"info","message":"Returning cached IMD weather data","timestamp":"2025-09-04T13:30:57.487Z"}
{"level":"info","message":"IMD weather data requested","timestamp":"2025-09-04T13:31:07.485Z"}
{"level":"info","message":"Returning cached IMD weather data","timestamp":"2025-09-04T13:31:07.485Z"}
{"level":"info","message":"IMD weather data requested","timestamp":"2025-09-04T13:31:17.493Z"}
{"level":"info","message":"Returning cached IMD weather data","timestamp":"2025-09-04T13:31:17.493Z"}
{"level":"info","message":"IMD weather data requested","timestamp":"2025-09-04T13:31:27.489Z"}
{"level":"info","message":"Returning cached IMD weather data","timestamp":"2025-09-04T13:31:27.489Z"}
{"level":"info","message":"IMD weather data requested","timestamp":"2025-09-04T13:31:37.491Z"}
{"level":"info","message":"Returning cached IMD weather data","timestamp":"2025-09-04T13:31:37.491Z"}
{"level":"info","message":"IMD weather data requested","timestamp":"2025-09-04T13:31:47.491Z"}
{"level":"info","message":"Returning cached IMD weather data","timestamp":"2025-09-04T13:31:47.491Z"}
{"level":"info","message":"IMD weather data requested","timestamp":"2025-09-04T13:31:57.495Z"}
{"level":"info","message":"Returning cached IMD weather data","timestamp":"2025-09-04T13:31:57.495Z"}
{"level":"info","message":"IMD weather data requested","timestamp":"2025-09-04T13:32:07.491Z"}
{"level":"info","message":"Returning cached IMD weather data","timestamp":"2025-09-04T13:32:07.491Z"}
{"level":"info","message":"IMD weather data requested","timestamp":"2025-09-04T13:32:17.492Z"}
{"level":"info","message":"Returning cached IMD weather data","timestamp":"2025-09-04T13:32:17.492Z"}
{"level":"info","message":"IMD weather data requested","timestamp":"2025-09-04T13:32:28.122Z"}
{"level":"info","message":"Returning cached IMD weather data","timestamp":"2025-09-04T13:32:28.122Z"}
{"level":"info","message":"IMD weather data requested","timestamp":"2025-09-04T13:32:38.122Z"}
{"level":"info","message":"Returning cached IMD weather data","timestamp":"2025-09-04T13:32:38.122Z"}
{"level":"info","message":"IMD weather data requested","timestamp":"2025-09-04T13:32:48.121Z"}
{"level":"info","message":"Returning cached IMD weather data","timestamp":"2025-09-04T13:32:48.121Z"}
{"level":"info","message":"IMD weather data requested","timestamp":"2025-09-04T13:32:58.121Z"}
{"level":"info","message":"Returning cached IMD weather data","timestamp":"2025-09-04T13:32:58.121Z"}
{"level":"info","message":"IMD weather data requested","timestamp":"2025-09-04T13:33:08.120Z"}
{"level":"info","message":"Returning cached IMD weather data","timestamp":"2025-09-04T13:33:08.120Z"}
{"level":"info","message":"IMD weather data requested","timestamp":"2025-09-04T13:33:18.120Z"}
{"level":"info","message":"Returning cached IMD weather data","timestamp":"2025-09-04T13:33:18.120Z"}
{"level":"info","message":"IMD weather data requested","timestamp":"2025-09-04T13:34:01.119Z"}
{"alerts":1,"conditions":0,"level":"info","message":"IMD weather data scraped successfully","sources":1,"timestamp":"2025-09-04T13:34:01.947Z"}
{"level":"info","message":"IMD weather data requested","timestamp":"2025-09-04T13:35:01.123Z"}
{"level":"info","message":"Returning cached IMD weather data","timestamp":"2025-09-04T13:35:01.123Z"}
{"level":"info","message":"IMD weather data requested","timestamp":"2025-09-04T13:36:01.115Z"}
{"level":"info","message":"Returning cached IMD weather data","timestamp":"2025-09-04T13:36:01.115Z"}
{"level":"info","message":"IMD weather data requested","timestamp":"2025-09-04T13:37:01.118Z"}
{"level":"info","message":"Returning cached IMD weather data","timestamp":"2025-09-04T13:37:01.118Z"}
{"level":"info","message":"IMD weather data requested","timestamp":"2025-09-04T13:38:01.120Z"}
{"level":"info","message":"Returning cached IMD weather data","timestamp":"2025-09-04T13:38:01.120Z"}
{"level":"info","message":"IMD weather data requested","timestamp":"2025-09-04T13:39:01.116Z"}
{"level":"info","message":"Returning cached IMD weather data","timestamp":"2025-09-04T13:39:01.116Z"}
{"level":"info","message":"IMD weather data requested","timestamp":"2025-09-04T13:40:01.116Z"}
{"alerts":1,"conditions":0,"level":"info","message":"IMD weather data scraped successfully","sources":1,"timestamp":"2025-09-04T13:40:01.891Z"}
{"level":"info","message":"IMD weather data requested","timestamp":"2025-09-04T13:41:01.126Z"}
{"level":"info","message":"Returning cached IMD weather data","timestamp":"2025-09-04T13:41:01.126Z"}
{"level":"info","message":"IMD weather data requested","timestamp":"2025-09-04T13:42:01.109Z"}
{"level":"info","message":"Returning cached IMD weather data","timestamp":"2025-09-04T13:42:01.109Z"}
{"level":"info","message":"IMD weather data requested","timestamp":"2025-09-04T13:43:01.115Z"}
{"level":"info","message":"Returning cached IMD weather data","timestamp":"2025-09-04T13:43:01.115Z"}
{"level":"info","message":"IMD weather data requested","timestamp":"2025-09-04T13:44:01.120Z"}
{"level":"info","message":"Returning cached IMD weather data","timestamp":"2025-09-04T13:44:01.120Z"}
{"level":"info","message":"IMD weather data requested","timestamp":"2025-09-04T13:45:01.112Z"}
{"level":"info","message":"Returning cached IMD weather data","timestamp":"2025-09-04T13:45:01.112Z"}
{"level":"info","message":"IMD weather data requested","timestamp":"2025-09-04T13:46:01.110Z"}
{"alerts":1,"conditions":0,"level":"info","message":"IMD weather data scraped successfully","sources":1,"timestamp":"2025-09-04T13:46:01.920Z"}
{"level":"info","message":"IMD weather data requested","timestamp":"2025-09-04T13:47:01.111Z"}
{"level":"info","message":"Returning cached IMD weather data","timestamp":"2025-09-04T13:47:01.111Z"}
{"level":"info","message":"IMD weather data requested","timestamp":"2025-09-04T13:48:01.109Z"}
{"level":"info","message":"Returning cached IMD weather data","timestamp":"2025-09-04T13:48:01.109Z"}
{"level":"info","message":"IMD weather data requested","timestamp":"2025-09-04T13:49:01.109Z"}
{"level":"info","message":"Returning cached IMD weather data","timestamp":"2025-09-04T13:49:01.109Z"}
{"level":"info","message":"IMD weather data requested","timestamp":"2025-09-04T14:04:37.529Z"}
{"alerts":1,"conditions":0,"level":"info","message":"IMD weather data scraped successfully","sources":0,"timestamp":"2025-09-04T14:04:37.581Z"}
{"level":"info","message":"IMD weather data requested","timestamp":"2025-09-04T14:35:36.195Z"}
{"alerts":1,"conditions":0,"level":"info","message":"IMD weather data scraped successfully","sources":0,"timestamp":"2025-09-04T14:35:36.205Z"}
{"level":"info","message":"IMD weather data requested","timestamp":"2025-09-04T14:51:35.599Z"}
{"alerts":1,"conditions":0,"level":"info","message":"IMD weather data scraped successfully","sources":0,"timestamp":"2025-09-04T14:51:35.613Z"}
{"level":"info","message":"IMD weather data requested","timestamp":"2025-09-04T15:07:34.961Z"}
{"alerts":1,"conditions":0,"level":"info","message":"IMD weather data scraped successfully","sources":0,"timestamp":"2025-09-04T15:07:34.968Z"}
{"level":"info","message":"IMD weather data requested","timestamp":"2025-09-04T15:08:34.958Z"}
{"level":"info","message":"Returning cached IMD weather data","timestamp":"2025-09-04T15:08:34.958Z"}
{"level":"info","message":"IMD weather data requested","timestamp":"2025-09-04T15:09:34.959Z"}
{"level":"info","message":"Returning cached IMD weather data","timestamp":"2025-09-04T15:09:34.959Z"}
{"level":"info","message":"IMD weather data requested","timestamp":"2025-09-04T15:10:34.954Z"}
{"level":"info","message":"Returning cached IMD weather data","timestamp":"2025-09-04T15:10:34.954Z"}
{"level":"info","message":"IMD weather data requested","timestamp":"2025-09-04T15:11:34.952Z"}
{"level":"info","message":"Returning cached IMD weather data","timestamp":"2025-09-04T15:11:34.952Z"}
{"level":"info","message":"IMD weather data requested","timestamp":"2025-09-04T15:12:34.952Z"}
{"level":"info","message":"Returning cached IMD weather data","timestamp":"2025-09-04T15:12:34.952Z"}
{"level":"info","message":"IMD weather data requested","timestamp":"2025-09-04T15:13:34.950Z"}
{"alerts":1,"conditions":0,"level":"info","message":"IMD weather data scraped successfully","sources":0,"timestamp":"2025-09-04T15:13:34.957Z"}
{"level":"info","message":"IMD weather data requested","timestamp":"2025-09-04T15:14:34.947Z"}
{"level":"info","message":"Returning cached IMD weather data","timestamp":"2025-09-04T15:14:34.947Z"}
{"level":"info","message":"IMD weather data requested","timestamp":"2025-09-04T15:15:34.946Z"}
{"level":"info","message":"Returning cached IMD weather data","timestamp":"2025-09-04T15:15:34.946Z"}
{"level":"info","message":"IMD weather data requested","timestamp":"2025-09-04T15:16:34.945Z"}
{"level":"info","message":"Returning cached IMD weather data","timestamp":"2025-09-04T15:16:34.946Z"}
{"level":"info","message":"IMD weather data requested","timestamp":"2025-09-04T15:17:34.943Z"}
{"level":"info","message":"Returning cached IMD weather data","timestamp":"2025-09-04T15:17:34.944Z"}
{"level":"info","message":"IMD weather data requested","timestamp":"2025-09-04T15:18:34.942Z"}
{"level":"info","message":"Returning cached IMD weather data","timestamp":"2025-09-04T15:18:34.942Z"}
{"level":"info","message":"IMD weather data requested","timestamp":"2025-09-04T15:19:34.944Z"}
{"alerts":1,"conditions":0,"level":"info","message":"IMD weather data scraped successfully","sources":0,"timestamp":"2025-09-04T15:19:34.950Z"}
{"level":"info","message":"IMD weather data requested","timestamp":"2025-09-04T15:20:34.934Z"}
{"level":"info","message":"Returning cached IMD weather data","timestamp":"2025-09-04T15:20:34.935Z"}
{"level":"info","message":"IMD weather data requested","timestamp":"2025-09-04T15:21:34.938Z"}
{"level":"info","message":"Returning cached IMD weather data","timestamp":"2025-09-04T15:21:34.938Z"}
{"level":"info","message":"IMD weather data requested","timestamp":"2025-09-04T15:22:34.933Z"}
{"level":"info","message":"Returning cached IMD weather data","timestamp":"2025-09-04T15:22:34.933Z"}
{"level":"info","message":"IMD weather data requested","timestamp":"2025-09-04T15:23:34.934Z"}
{"level":"info","message":"Returning cached IMD weather data","timestamp":"2025-09-04T15:23:34.934Z"}
{"level":"info","message":"IMD weather data requested","timestamp":"2025-09-04T15:24:34.933Z"}
{"level":"info","message":"Returning cached IMD weather data","timestamp":"2025-09-04T15:24:34.933Z"}
{"level":"info","message":"IMD weather data requested","timestamp":"2025-09-04T15:25:34.925Z"}
{"alerts":1,"conditions":0,"level":"info","message":"IMD weather data scraped successfully","sources":0,"timestamp":"2025-09-04T15:25:34.928Z"}
{"level":"info","message":"IMD weather data requested","timestamp":"2025-09-04T15:26:34.929Z"}
{"level":"info","message":"Returning cached IMD weather data","timestamp":"2025-09-04T15:26:34.930Z"}
{"level":"info","message":"IMD weather data requested","timestamp":"2025-09-04T16:57:09.654Z"}
{"alerts":1,"conditions":0,"level":"info","message":"IMD weather data scraped successfully","sources":1,"timestamp":"2025-09-04T16:57:11.149Z"}
{"level":"info","message":"IMD weather data requested","timestamp":"2025-09-04T16:59:17.786Z"}
{"level":"info","message":"Returning cached IMD weather data","timestamp":"2025-09-04T16:59:17.786Z"}
{"level":"info","message":"IMD weather data requested","timestamp":"2025-09-04T16:59:22.356Z"}
{"level":"info","message":"Returning cached IMD weather data","timestamp":"2025-09-04T16:59:22.356Z"}
{"level":"info","message":"IMD weather data requested","timestamp":"2025-09-04T16:59:32.358Z"}
{"level":"info","message":"Returning cached IMD weather data","timestamp":"2025-09-04T16:59:32.358Z"}
{"level":"info","message":"IMD weather data requested","timestamp":"2025-09-04T16:59:42.908Z"}
{"level":"info","message":"Returning cached IMD weather data","timestamp":"2025-09-04T16:59:42.908Z"}
{"level":"info","message":"IMD weather data requested","timestamp":"2025-09-04T16:59:52.355Z"}
{"level":"info","message":"Returning cached IMD weather data","timestamp":"2025-09-04T16:59:52.355Z"}
{"level":"info","message":"IMD weather data requested","timestamp":"2025-09-04T17:00:02.360Z"}
{"level":"info","message":"Returning cached IMD weather data","timestamp":"2025-09-04T17:00:02.360Z"}
{"level":"info","message":"IMD weather data requested","timestamp":"2025-09-04T17:00:12.359Z"}
{"level":"info","message":"Returning cached IMD weather data","timestamp":"2025-09-04T17:00:12.359Z"}
{"level":"info","message":"IMD weather data requested","timestamp":"2025-09-04T17:00:22.356Z"}
{"level":"info","message":"Returning cached IMD weather data","timestamp":"2025-09-04T17:00:22.356Z"}
{"level":"info","message":"IMD weather data requested","timestamp":"2025-09-04T17:00:32.356Z"}
{"level":"info","message":"Returning cached IMD weather data","timestamp":"2025-09-04T17:00:32.356Z"}
{"level":"info","message":"IMD weather data requested","timestamp":"2025-09-04T17:00:42.355Z"}
{"level":"info","message":"Returning cached IMD weather data","timestamp":"2025-09-04T17:00:42.355Z"}
{"level":"info","message":"IMD weather data requested","timestamp":"2025-09-04T17:00:52.357Z"}
{"level":"info","message":"Returning cached IMD weather data","timestamp":"2025-09-04T17:00:52.357Z"}
{"level":"info","message":"Fetching current weather for coordinates: 19.076, 72.8777","timestamp":"2025-09-05T10:37:18.470Z"}
{"level":"info","message":"IMD weather data requested","timestamp":"2025-09-05T10:37:18.498Z"}
{"level":"info","message":"Retry attempt 1/3 after 1000ms","timestamp":"2025-09-05T10:37:21.243Z"}
{"level":"info","message":"Retry attempt 2/3 after 2000ms","timestamp":"2025-09-05T10:37:22.700Z"}
{"alerts":1,"conditions":0,"level":"info","message":"IMD weather data scraped successfully","sources":1,"timestamp":"2025-09-05T10:37:23.640Z"}
{"level":"info","message":"IMD weather data requested","timestamp":"2025-09-05T10:37:23.642Z"}
{"level":"info","message":"Returning cached IMD weather data","timestamp":"2025-09-05T10:37:23.642Z"}
{"level":"error","message":"Error fetching current weather:","timestamp":"2025-09-05T10:37:25.135Z"}
{"level":"info","message":"Fetching current weather for coordinates: 19.076, 72.8777","timestamp":"2025-09-05T10:37:25.138Z"}
{"level":"info","message":"Retry attempt 1/3 after 1000ms","timestamp":"2025-09-05T10:37:25.956Z"}
{"level":"info","message":"Retry attempt 2/3 after 2000ms","timestamp":"2025-09-05T10:37:27.920Z"}
{"level":"info","message":"IMD weather data requested","timestamp":"2025-09-05T10:37:28.450Z"}
{"level":"info","message":"Returning cached IMD weather data","timestamp":"2025-09-05T10:37:28.450Z"}
{"level":"error","message":"Error fetching current weather:","timestamp":"2025-09-05T10:37:31.562Z"}
{"level":"info","message":"Fetching current weather for coordinates: 19.076, 72.8777","timestamp":"2025-09-08T15:23:26.956Z"}
{"level":"info","message":"IMD weather data requested","timestamp":"2025-09-08T15:23:26.993Z"}
{"level":"info","message":"Retry attempt 1/3 after 1000ms","timestamp":"2025-09-08T15:23:36.982Z"}
{"alerts":1,"conditions":0,"level":"info","message":"IMD weather data scraped successfully","sources":0,"timestamp":"2025-09-08T15:23:36.998Z"}
{"level":"info","message":"IMD weather data requested","timestamp":"2025-09-08T15:23:37.001Z"}
{"level":"info","message":"Returning cached IMD weather data","timestamp":"2025-09-08T15:23:37.002Z"}
{"level":"info","message":"IMD weather data requested","timestamp":"2025-09-08T15:23:37.004Z"}
{"level":"info","message":"Returning cached IMD weather data","timestamp":"2025-09-08T15:23:37.004Z"}
{"level":"info","message":"Retry attempt 2/3 after 2000ms","timestamp":"2025-09-08T15:23:43.735Z"}
{"level":"error","message":"Error fetching current weather:","timestamp":"2025-09-08T15:23:46.020Z"}
{"level":"info","message":"Fetching current weather for coordinates: 19.076, 72.8777","timestamp":"2025-09-08T15:23:46.023Z"}
{"level":"info","message":"Retry attempt 1/3 after 1000ms","timestamp":"2025-09-08T15:23:46.301Z"}
{"level":"info","message":"IMD weather data requested","timestamp":"2025-09-08T15:23:47.887Z"}
{"level":"info","message":"Returning cached IMD weather data","timestamp":"2025-09-08T15:23:47.888Z"}
{"level":"info","message":"Retry attempt 2/3 after 2000ms","timestamp":"2025-09-08T15:23:49.701Z"}
{"level":"info","message":"Fetching current weather for coordinates: 19.076, 72.8777","timestamp":"2025-09-08T15:23:50.058Z"}
{"level":"info","message":"IMD weather data requested","timestamp":"2025-09-08T15:23:50.059Z"}
{"level":"info","message":"Returning cached IMD weather data","timestamp":"2025-09-08T15:23:50.059Z"}
{"level":"info","message":"IMD weather data requested","timestamp":"2025-09-08T15:23:50.067Z"}
{"level":"info","message":"Returning cached IMD weather data","timestamp":"2025-09-08T15:23:50.067Z"}
{"level":"info","message":"Retry attempt 1/3 after 1000ms","timestamp":"2025-09-08T15:23:52.904Z"}
{"level":"info","message":"Retry attempt 2/3 after 2000ms","timestamp":"2025-09-08T15:23:54.244Z"}
{"level":"error","message":"Error fetching current weather:","timestamp":"2025-09-08T15:23:54.968Z"}
{"level":"error","message":"Error fetching current weather:","timestamp":"2025-09-08T15:23:57.767Z"}
{"level":"info","message":"Fetching current weather for coordinates: 19.076, 72.8777","timestamp":"2025-09-08T15:23:57.770Z"}
{"level":"info","message":"IMD weather data requested","timestamp":"2025-09-08T15:23:57.892Z"}
{"level":"info","message":"Returning cached IMD weather data","timestamp":"2025-09-08T15:23:57.892Z"}
{"level":"info","message":"IMD weather data requested","timestamp":"2025-09-08T15:24:00.039Z"}
{"level":"info","message":"Returning cached IMD weather data","timestamp":"2025-09-08T15:24:00.039Z"}
{"level":"info","message":"Retry attempt 1/3 after 1000ms","timestamp":"2025-09-08T15:24:00.118Z"}
{"level":"info","message":"Retry attempt 2/3 after 2000ms","timestamp":"2025-09-08T15:24:04.649Z"}
{"level":"info","message":"IMD weather data requested","timestamp":"2025-09-08T15:24:07.890Z"}
{"level":"info","message":"Returning cached IMD weather data","timestamp":"2025-09-08T15:24:07.890Z"}
{"level":"info","message":"IMD weather data requested","timestamp":"2025-09-08T15:24:10.041Z"}
{"level":"info","message":"Returning cached IMD weather data","timestamp":"2025-09-08T15:24:10.041Z"}
{"level":"error","message":"Error fetching current weather:","timestamp":"2025-09-08T15:24:16.653Z"}
{"level":"info","message":"IMD weather data requested","timestamp":"2025-09-08T15:24:17.893Z"}
{"level":"info","message":"Returning cached IMD weather data","timestamp":"2025-09-08T15:24:17.893Z"}
{"level":"info","message":"IMD weather data requested","timestamp":"2025-09-08T15:24:20.041Z"}
{"level":"info","message":"Returning cached IMD weather data","timestamp":"2025-09-08T15:24:20.042Z"}
{"level":"info","message":"IMD weather data requested","timestamp":"2025-09-08T15:24:27.883Z"}
{"level":"info","message":"Returning cached IMD weather data","timestamp":"2025-09-08T15:24:27.884Z"}
{"level":"info","message":"IMD weather data requested","timestamp":"2025-09-08T15:24:30.038Z"}
{"level":"info","message":"Returning cached IMD weather data","timestamp":"2025-09-08T15:24:30.038Z"}
{"level":"info","message":"IMD weather data requested","timestamp":"2025-09-08T15:24:37.887Z"}
{"level":"info","message":"Returning cached IMD weather data","timestamp":"2025-09-08T15:24:37.887Z"}
{"level":"info","message":"IMD weather data requested","timestamp":"2025-09-08T15:24:40.038Z"}
{"level":"info","message":"Returning cached IMD weather data","timestamp":"2025-09-08T15:24:40.038Z"}
{"level":"info","message":"IMD weather data requested","timestamp":"2025-09-08T15:24:50.040Z"}
{"level":"info","message":"Returning cached IMD weather data","timestamp":"2025-09-08T15:24:50.040Z"}
{"level":"info","message":"IMD weather data requested","timestamp":"2025-09-08T15:25:00.039Z"}
{"level":"info","message":"Returning cached IMD weather data","timestamp":"2025-09-08T15:25:00.040Z"}
{"level":"info","message":"IMD weather data requested","timestamp":"2025-09-08T15:25:10.038Z"}
{"level":"info","message":"Returning cached IMD weather data","timestamp":"2025-09-08T15:25:10.038Z"}
{"level":"info","message":"IMD weather data requested","timestamp":"2025-09-08T15:25:12.886Z"}
{"level":"info","message":"Returning cached IMD weather data","timestamp":"2025-09-08T15:25:12.886Z"}
{"level":"info","message":"IMD weather data requested","timestamp":"2025-09-08T15:25:20.039Z"}
{"level":"info","message":"Returning cached IMD weather data","timestamp":"2025-09-08T15:25:20.039Z"}
{"level":"info","message":"IMD weather data requested","timestamp":"2025-09-08T15:25:30.035Z"}
{"level":"info","message":"Returning cached IMD weather data","timestamp":"2025-09-08T15:25:30.035Z"}
{"level":"info","message":"IMD weather data requested","timestamp":"2025-09-08T15:25:40.048Z"}
{"level":"info","message":"Returning cached IMD weather data","timestamp":"2025-09-08T15:25:40.048Z"}
{"level":"info","message":"IMD weather data requested","timestamp":"2025-09-08T15:25:50.030Z"}
{"level":"info","message":"Returning cached IMD weather data","timestamp":"2025-09-08T15:25:50.030Z"}
{"level":"info","message":"IMD weather data requested","timestamp":"2025-09-08T15:26:00.880Z"}
{"level":"info","message":"Returning cached IMD weather data","timestamp":"2025-09-08T15:26:00.880Z"}
{"level":"info","message":"IMD weather data requested","timestamp":"2025-09-08T15:26:10.031Z"}
{"level":"info","message":"Returning cached IMD weather data","timestamp":"2025-09-08T15:26:10.031Z"}
{"level":"info","message":"IMD weather data requested","timestamp":"2025-09-08T15:26:12.885Z"}
{"level":"info","message":"Returning cached IMD weather data","timestamp":"2025-09-08T15:26:12.885Z"}
{"level":"info","message":"IMD weather data requested","timestamp":"2025-09-08T15:26:20.883Z"}
{"level":"info","message":"Returning cached IMD weather data","timestamp":"2025-09-08T15:26:20.883Z"}
{"level":"info","message":"IMD weather data requested","timestamp":"2025-09-08T15:26:30.881Z"}
{"level":"info","message":"Returning cached IMD weather data","timestamp":"2025-09-08T15:26:30.881Z"}
{"level":"info","message":"IMD weather data requested","timestamp":"2025-09-08T15:26:40.879Z"}
{"level":"info","message":"Returning cached IMD weather data","timestamp":"2025-09-08T15:26:40.879Z"}
{"level":"info","message":"IMD weather data requested","timestamp":"2025-09-08T15:26:50.879Z"}
{"level":"info","message":"Returning cached IMD weather data","timestamp":"2025-09-08T15:26:50.879Z"}
{"level":"info","message":"IMD weather data requested","timestamp":"2025-09-08T15:27:00.880Z"}
{"level":"info","message":"Returning cached IMD weather data","timestamp":"2025-09-08T15:27:00.880Z"}
{"level":"info","message":"IMD weather data requested","timestamp":"2025-09-08T15:27:10.880Z"}
{"level":"info","message":"Returning cached IMD weather data","timestamp":"2025-09-08T15:27:10.880Z"}
{"level":"info","message":"IMD weather data requested","timestamp":"2025-09-08T15:27:12.880Z"}
{"level":"info","message":"Returning cached IMD weather data","timestamp":"2025-09-08T15:27:12.880Z"}
{"level":"info","message":"IMD weather data requested","timestamp":"2025-09-08T15:27:20.879Z"}
{"level":"info","message":"Returning cached IMD weather data","timestamp":"2025-09-08T15:27:20.879Z"}
{"level":"info","message":"IMD weather data requested","timestamp":"2025-09-08T15:27:30.876Z"}
{"level":"info","message":"Returning cached IMD weather data","timestamp":"2025-09-08T15:27:30.876Z"}
{"level":"info","message":"IMD weather data requested","timestamp":"2025-09-08T15:27:40.036Z"}
{"level":"info","message":"Returning cached IMD weather data","timestamp":"2025-09-08T15:27:40.036Z"}
{"level":"info","message":"IMD weather data requested","timestamp":"2025-09-08T15:27:50.875Z"}
{"level":"info","message":"Returning cached IMD weather data","timestamp":"2025-09-08T15:27:50.875Z"}
{"level":"info","message":"IMD weather data requested","timestamp":"2025-09-08T15:28:00.878Z"}
{"level":"info","message":"Returning cached IMD weather data","timestamp":"2025-09-08T15:28:00.878Z"}
{"level":"info","message":"IMD weather data requested","timestamp":"2025-09-08T15:28:10.876Z"}
{"level":"info","message":"Returning cached IMD weather data","timestamp":"2025-09-08T15:28:10.877Z"}
{"level":"info","message":"IMD weather data requested","timestamp":"2025-09-08T15:28:12.879Z"}
{"level":"info","message":"Returning cached IMD weather data","timestamp":"2025-09-08T15:28:12.879Z"}
{"level":"info","message":"IMD weather data requested","timestamp":"2025-09-08T15:28:20.874Z"}
{"level":"info","message":"Returning cached IMD weather data","timestamp":"2025-09-08T15:28:20.874Z"}
{"level":"info","message":"IMD weather data requested","timestamp":"2025-09-08T15:28:30.877Z"}
{"level":"info","message":"Returning cached IMD weather data","timestamp":"2025-09-08T15:28:30.877Z"}
{"level":"info","message":"IMD weather data requested","timestamp":"2025-09-08T15:29:12.876Z"}
{"level":"info","message":"IMD weather data requested","timestamp":"2025-09-08T15:29:12.906Z"}
{"alerts":1,"conditions":0,"level":"info","message":"IMD weather data scraped successfully","sources":1,"timestamp":"2025-09-08T15:29:14.410Z"}
{"alerts":1,"conditions":0,"level":"info","message":"IMD weather data scraped successfully","sources":1,"timestamp":"2025-09-08T15:29:14.560Z"}
{"level":"info","message":"Fetching current weather for coordinates: 19.076, 72.8777","timestamp":"2025-09-08T15:29:16.865Z"}
{"level":"info","message":"IMD weather data requested","timestamp":"2025-09-08T15:29:16.868Z"}
{"level":"info","message":"Returning cached IMD weather data","timestamp":"2025-09-08T15:29:16.868Z"}
{"level":"info","message":"IMD weather data requested","timestamp":"2025-09-08T15:29:16.877Z"}
{"level":"info","message":"Returning cached IMD weather data","timestamp":"2025-09-08T15:29:16.878Z"}
{"level":"info","message":"Retry attempt 1/3 after 1000ms","timestamp":"2025-09-08T15:29:19.698Z"}
{"level":"info","message":"Retry attempt 2/3 after 2000ms","timestamp":"2025-09-08T15:29:21.177Z"}
{"level":"error","message":"Error fetching current weather:","timestamp":"2025-09-08T15:29:23.911Z"}
{"level":"info","message":"Fetching current weather for coordinates: 19.076, 72.8777","timestamp":"2025-09-08T15:29:23.914Z"}
{"level":"info","message":"Retry attempt 1/3 after 1000ms","timestamp":"2025-09-08T15:29:24.586Z"}
{"level":"info","message":"Retry attempt 2/3 after 2000ms","timestamp":"2025-09-08T15:29:25.871Z"}
{"level":"info","message":"IMD weather data requested","timestamp":"2025-09-08T15:29:26.853Z"}
{"level":"info","message":"Returning cached IMD weather data","timestamp":"2025-09-08T15:29:26.854Z"}
{"level":"error","message":"Error fetching current weather:","timestamp":"2025-09-08T15:29:28.210Z"}
{"level":"info","message":"IMD weather data requested","timestamp":"2025-09-08T15:29:36.871Z"}
{"level":"info","message":"Returning cached IMD weather data","timestamp":"2025-09-08T15:29:36.871Z"}
{"level":"info","message":"IMD weather data requested","timestamp":"2025-09-08T15:29:46.873Z"}
{"level":"info","message":"Returning cached IMD weather data","timestamp":"2025-09-08T15:29:46.873Z"}
{"level":"info","message":"IMD weather data requested","timestamp":"2025-09-08T15:29:56.872Z"}
{"level":"info","message":"Returning cached IMD weather data","timestamp":"2025-09-08T15:29:56.872Z"}
{"level":"info","message":"IMD weather data requested","timestamp":"2025-09-08T15:30:06.869Z"}
{"level":"info","message":"Returning cached IMD weather data","timestamp":"2025-09-08T15:30:06.869Z"}
{"level":"info","message":"IMD weather data requested","timestamp":"2025-09-08T15:30:12.871Z"}
{"level":"info","message":"Returning cached IMD weather data","timestamp":"2025-09-08T15:30:12.871Z"}
{"level":"info","message":"IMD weather data requested","timestamp":"2025-09-08T15:30:12.872Z"}
{"level":"info","message":"Returning cached IMD weather data","timestamp":"2025-09-08T15:30:12.872Z"}
{"level":"info","message":"IMD weather data requested","timestamp":"2025-09-08T15:30:16.864Z"}
{"level":"info","message":"Returning cached IMD weather data","timestamp":"2025-09-08T15:30:16.864Z"}
{"level":"info","message":"IMD weather data requested","timestamp":"2025-09-08T15:30:26.868Z"}
{"level":"info","message":"Returning cached IMD weather data","timestamp":"2025-09-08T15:30:26.868Z"}
{"level":"info","message":"IMD weather data requested","timestamp":"2025-09-08T15:30:56.563Z"}
{"level":"info","message":"Returning cached IMD weather data","timestamp":"2025-09-08T15:30:56.563Z"}
{"level":"info","message":"IMD weather data requested","timestamp":"2025-09-08T15:31:06.868Z"}
{"level":"info","message":"Returning cached IMD weather data","timestamp":"2025-09-08T15:31:06.868Z"}
{"level":"info","message":"IMD weather data requested","timestamp":"2025-09-08T15:31:12.865Z"}
{"level":"info","message":"Returning cached IMD weather data","timestamp":"2025-09-08T15:31:12.865Z"}
{"level":"info","message":"IMD weather data requested","timestamp":"2025-09-08T15:31:12.866Z"}
{"level":"info","message":"Returning cached IMD weather data","timestamp":"2025-09-08T15:31:12.867Z"}
{"level":"info","message":"IMD weather data requested","timestamp":"2025-09-08T15:31:16.861Z"}
{"level":"info","message":"Returning cached IMD weather data","timestamp":"2025-09-08T15:31:16.861Z"}
{"level":"info","message":"IMD weather data requested","timestamp":"2025-09-08T15:31:26.860Z"}
{"level":"info","message":"Returning cached IMD weather data","timestamp":"2025-09-08T15:31:26.860Z"}
{"level":"info","message":"IMD weather data requested","timestamp":"2025-09-08T15:31:35.785Z"}
{"level":"info","message":"Returning cached IMD weather data","timestamp":"2025-09-08T15:31:35.785Z"}
{"level":"info","message":"IMD weather data requested","timestamp":"2025-09-08T15:31:36.865Z"}
{"level":"info","message":"Returning cached IMD weather data","timestamp":"2025-09-08T15:31:36.865Z"}
{"level":"info","message":"IMD weather data requested","timestamp":"2025-09-08T15:31:36.899Z"}
{"level":"info","message":"Returning cached IMD weather data","timestamp":"2025-09-08T15:31:36.899Z"}
{"level":"info","message":"IMD weather data requested","timestamp":"2025-09-08T15:31:46.865Z"}
{"level":"info","message":"Returning cached IMD weather data","timestamp":"2025-09-08T15:31:46.865Z"}
{"level":"info","message":"IMD weather data requested","timestamp":"2025-09-08T15:31:46.905Z"}
{"level":"info","message":"Returning cached IMD weather data","timestamp":"2025-09-08T15:31:46.905Z"}
{"level":"info","message":"IMD weather data requested","timestamp":"2025-09-08T15:31:56.863Z"}
{"level":"info","message":"Returning cached IMD weather data","timestamp":"2025-09-08T15:31:56.863Z"}
{"level":"info","message":"IMD weather data requested","timestamp":"2025-09-08T15:31:57.863Z"}
{"level":"info","message":"Returning cached IMD weather data","timestamp":"2025-09-08T15:31:57.863Z"}
{"level":"info","message":"IMD weather data requested","timestamp":"2025-09-08T15:32:07.861Z"}
{"level":"info","message":"Returning cached IMD weather data","timestamp":"2025-09-08T15:32:07.861Z"}
{"level":"info","message":"IMD weather data requested","timestamp":"2025-09-08T15:32:12.863Z"}
{"level":"info","message":"Returning cached IMD weather data","timestamp":"2025-09-08T15:32:12.863Z"}
{"level":"info","message":"IMD weather data requested","timestamp":"2025-09-08T15:32:12.865Z"}
{"level":"info","message":"Returning cached IMD weather data","timestamp":"2025-09-08T15:32:12.865Z"}
{"level":"info","message":"IMD weather data requested","timestamp":"2025-09-08T15:32:17.861Z"}
{"level":"info","message":"Returning cached IMD weather data","timestamp":"2025-09-08T15:32:17.861Z"}
{"level":"info","message":"IMD weather data requested","timestamp":"2025-09-08T15:32:27.860Z"}
{"level":"info","message":"Returning cached IMD weather data","timestamp":"2025-09-08T15:32:27.860Z"}
{"level":"info","message":"IMD weather data requested","timestamp":"2025-09-08T15:32:37.853Z"}
{"level":"info","message":"Returning cached IMD weather data","timestamp":"2025-09-08T15:32:37.853Z"}
{"level":"info","message":"IMD weather data requested","timestamp":"2025-09-08T15:32:47.859Z"}
{"level":"info","message":"Returning cached IMD weather data","timestamp":"2025-09-08T15:32:47.859Z"}
{"level":"info","message":"IMD weather data requested","timestamp":"2025-09-08T15:32:56.709Z"}
{"level":"info","message":"Returning cached IMD weather data","timestamp":"2025-09-08T15:32:56.709Z"}
{"level":"info","message":"IMD weather data requested","timestamp":"2025-09-08T15:33:06.841Z"}
{"level":"info","message":"Returning cached IMD weather data","timestamp":"2025-09-08T15:33:06.841Z"}
{"level":"info","message":"IMD weather data requested","timestamp":"2025-09-08T15:33:12.856Z"}
{"level":"info","message":"Returning cached IMD weather data","timestamp":"2025-09-08T15:33:12.856Z"}
{"level":"info","message":"IMD weather data requested","timestamp":"2025-09-08T15:33:12.857Z"}
{"level":"info","message":"Returning cached IMD weather data","timestamp":"2025-09-08T15:33:12.857Z"}
{"level":"info","message":"IMD weather data requested","timestamp":"2025-09-08T15:33:16.858Z"}
{"level":"info","message":"Returning cached IMD weather data","timestamp":"2025-09-08T15:33:16.858Z"}
{"level":"info","message":"IMD weather data requested","timestamp":"2025-09-08T15:33:26.859Z"}
{"level":"info","message":"Returning cached IMD weather data","timestamp":"2025-09-08T15:33:26.859Z"}
{"level":"info","message":"IMD weather data requested","timestamp":"2025-09-08T15:33:36.853Z"}
{"level":"info","message":"Returning cached IMD weather data","timestamp":"2025-09-08T15:33:36.853Z"}
{"level":"info","message":"IMD weather data requested","timestamp":"2025-09-08T15:33:46.857Z"}
{"level":"info","message":"Returning cached IMD weather data","timestamp":"2025-09-08T15:33:46.857Z"}
{"level":"info","message":"IMD weather data requested","timestamp":"2025-09-08T15:33:56.855Z"}
{"level":"info","message":"Returning cached IMD weather data","timestamp":"2025-09-08T15:33:56.855Z"}
{"level":"info","message":"IMD weather data requested","timestamp":"2025-09-08T15:34:06.851Z"}
{"level":"info","message":"Returning cached IMD weather data","timestamp":"2025-09-08T15:34:06.851Z"}
{"level":"info","message":"IMD weather data requested","timestamp":"2025-09-08T15:34:12.849Z"}
{"level":"info","message":"Returning cached IMD weather data","timestamp":"2025-09-08T15:34:12.849Z"}
{"level":"info","message":"IMD weather data requested","timestamp":"2025-09-08T15:34:12.850Z"}
{"level":"info","message":"Returning cached IMD weather data","timestamp":"2025-09-08T15:34:12.850Z"}
{"level":"info","message":"IMD weather data requested","timestamp":"2025-09-08T15:35:12.848Z"}
{"level":"info","message":"IMD weather data requested","timestamp":"2025-09-08T15:35:12.857Z"}
{"level":"info","message":"IMD weather data requested","timestamp":"2025-09-08T15:35:12.861Z"}
{"alerts":1,"conditions":0,"level":"info","message":"IMD weather data scraped successfully","sources":1,"timestamp":"2025-09-08T15:35:15.369Z"}
{"alerts":1,"conditions":0,"level":"info","message":"IMD weather data scraped successfully","sources":1,"timestamp":"2025-09-08T15:35:15.528Z"}
{"alerts":1,"conditions":0,"level":"info","message":"IMD weather data scraped successfully","sources":1,"timestamp":"2025-09-08T15:35:16.108Z"}
{"level":"info","message":"IMD weather data requested","timestamp":"2025-09-08T15:36:07.608Z"}
{"level":"info","message":"Returning cached IMD weather data","timestamp":"2025-09-08T15:36:07.608Z"}
{"level":"info","message":"IMD weather data requested","timestamp":"2025-09-08T15:36:12.850Z"}
{"level":"info","message":"Returning cached IMD weather data","timestamp":"2025-09-08T15:36:12.851Z"}
{"level":"info","message":"IMD weather data requested","timestamp":"2025-09-08T15:36:12.851Z"}
{"level":"info","message":"Returning cached IMD weather data","timestamp":"2025-09-08T15:36:12.851Z"}
{"level":"info","message":"IMD weather data requested","timestamp":"2025-09-08T15:36:16.885Z"}
{"level":"info","message":"Returning cached IMD weather data","timestamp":"2025-09-08T15:36:16.885Z"}
{"level":"info","message":"IMD weather data requested","timestamp":"2025-09-08T15:36:26.888Z"}
{"level":"info","message":"Returning cached IMD weather data","timestamp":"2025-09-08T15:36:26.888Z"}
{"level":"info","message":"IMD weather data requested","timestamp":"2025-09-08T15:36:36.880Z"}
{"level":"info","message":"Returning cached IMD weather data","timestamp":"2025-09-08T15:36:36.880Z"}
{"level":"info","message":"IMD weather data requested","timestamp":"2025-09-08T15:36:46.882Z"}
{"level":"info","message":"Returning cached IMD weather data","timestamp":"2025-09-08T15:36:46.883Z"}
{"level":"info","message":"IMD weather data requested","timestamp":"2025-09-08T15:36:56.886Z"}
{"level":"info","message":"Returning cached IMD weather data","timestamp":"2025-09-08T15:36:56.886Z"}
{"level":"info","message":"IMD weather data requested","timestamp":"2025-09-08T15:37:06.887Z"}
{"level":"info","message":"Returning cached IMD weather data","timestamp":"2025-09-08T15:37:06.887Z"}
{"level":"info","message":"IMD weather data requested","timestamp":"2025-09-08T15:37:12.852Z"}
{"level":"info","message":"Returning cached IMD weather data","timestamp":"2025-09-08T15:37:12.852Z"}
{"level":"info","message":"IMD weather data requested","timestamp":"2025-09-08T15:37:12.854Z"}
{"level":"info","message":"Returning cached IMD weather data","timestamp":"2025-09-08T15:37:12.854Z"}
{"level":"info","message":"IMD weather data requested","timestamp":"2025-09-08T15:37:16.886Z"}
{"level":"info","message":"Returning cached IMD weather data","timestamp":"2025-09-08T15:37:16.886Z"}
{"level":"info","message":"IMD weather data requested","timestamp":"2025-09-08T15:37:26.902Z"}
{"level":"info","message":"Returning cached IMD weather data","timestamp":"2025-09-08T15:37:26.902Z"}
{"level":"info","message":"IMD weather data requested","timestamp":"2025-09-08T15:37:36.877Z"}
{"level":"info","message":"Returning cached IMD weather data","timestamp":"2025-09-08T15:37:36.877Z"}
{"level":"info","message":"IMD weather data requested","timestamp":"2025-09-08T15:37:46.878Z"}
{"level":"info","message":"Returning cached IMD weather data","timestamp":"2025-09-08T15:37:46.878Z"}
{"level":"info","message":"IMD weather data requested","timestamp":"2025-09-08T15:37:56.876Z"}
{"level":"info","message":"Returning cached IMD weather data","timestamp":"2025-09-08T15:37:56.876Z"}
{"level":"info","message":"IMD weather data requested","timestamp":"2025-09-08T15:38:06.880Z"}
{"level":"info","message":"Returning cached IMD weather data","timestamp":"2025-09-08T15:38:06.880Z"}
{"level":"info","message":"IMD weather data requested","timestamp":"2025-09-08T15:38:12.841Z"}
{"level":"info","message":"Returning cached IMD weather data","timestamp":"2025-09-08T15:38:12.841Z"}
{"level":"info","message":"IMD weather data requested","timestamp":"2025-09-08T15:38:12.842Z"}
{"level":"info","message":"Returning cached IMD weather data","timestamp":"2025-09-08T15:38:12.842Z"}
{"level":"info","message":"IMD weather data requested","timestamp":"2025-09-08T15:38:16.881Z"}
{"level":"info","message":"Returning cached IMD weather data","timestamp":"2025-09-08T15:38:16.881Z"}
{"level":"info","message":"IMD weather data requested","timestamp":"2025-09-08T15:38:26.879Z"}
{"level":"info","message":"Returning cached IMD weather data","timestamp":"2025-09-08T15:38:26.879Z"}
{"level":"info","message":"IMD weather data requested","timestamp":"2025-09-08T15:38:36.876Z"}
{"level":"info","message":"Returning cached IMD weather data","timestamp":"2025-09-08T15:38:36.876Z"}
{"level":"info","message":"IMD weather data requested","timestamp":"2025-09-08T15:38:46.880Z"}
{"level":"info","message":"Returning cached IMD weather data","timestamp":"2025-09-08T15:38:46.880Z"}
{"level":"info","message":"IMD weather data requested","timestamp":"2025-09-08T15:38:56.878Z"}
{"level":"info","message":"Returning cached IMD weather data","timestamp":"2025-09-08T15:38:56.878Z"}
{"level":"info","message":"IMD weather data requested","timestamp":"2025-09-08T15:39:06.876Z"}
{"level":"info","message":"Returning cached IMD weather data","timestamp":"2025-09-08T15:39:06.876Z"}
{"level":"info","message":"IMD weather data requested","timestamp":"2025-09-08T15:39:12.837Z"}
{"level":"info","message":"Returning cached IMD weather data","timestamp":"2025-09-08T15:39:12.837Z"}
{"level":"info","message":"IMD weather data requested","timestamp":"2025-09-08T15:39:12.839Z"}
{"level":"info","message":"Returning cached IMD weather data","timestamp":"2025-09-08T15:39:12.839Z"}
{"level":"info","message":"IMD weather data requested","timestamp":"2025-09-08T15:39:16.871Z"}
{"level":"info","message":"Returning cached IMD weather data","timestamp":"2025-09-08T15:39:16.871Z"}
{"level":"info","message":"IMD weather data requested","timestamp":"2025-09-08T15:39:26.872Z"}
{"level":"info","message":"Returning cached IMD weather data","timestamp":"2025-09-08T15:39:26.872Z"}
{"level":"info","message":"IMD weather data requested","timestamp":"2025-09-08T15:39:36.870Z"}
{"level":"info","message":"Returning cached IMD weather data","timestamp":"2025-09-08T15:39:36.871Z"}
{"level":"info","message":"IMD weather data requested","timestamp":"2025-09-08T15:39:46.869Z"}
{"level":"info","message":"Returning cached IMD weather data","timestamp":"2025-09-08T15:39:46.869Z"}
{"level":"info","message":"IMD weather data requested","timestamp":"2025-09-08T15:39:56.874Z"}
{"level":"info","message":"Returning cached IMD weather data","timestamp":"2025-09-08T15:39:56.874Z"}
{"level":"info","message":"IMD weather data requested","timestamp":"2025-09-08T15:40:06.872Z"}
{"level":"info","message":"Returning cached IMD weather data","timestamp":"2025-09-08T15:40:06.872Z"}
{"level":"info","message":"IMD weather data requested","timestamp":"2025-09-08T15:40:12.847Z"}
{"level":"info","message":"Returning cached IMD weather data","timestamp":"2025-09-08T15:40:12.847Z"}
{"level":"info","message":"IMD weather data requested","timestamp":"2025-09-08T15:40:12.848Z"}
{"level":"info","message":"Returning cached IMD weather data","timestamp":"2025-09-08T15:40:12.848Z"}
{"level":"info","message":"IMD weather data requested","timestamp":"2025-09-08T15:40:16.874Z"}
{"alerts":1,"conditions":0,"level":"info","message":"IMD weather data scraped successfully","sources":0,"timestamp":"2025-09-08T15:40:16.907Z"}
{"level":"info","message":"IMD weather data requested","timestamp":"2025-09-08T15:40:26.870Z"}
{"level":"info","message":"Returning cached IMD weather data","timestamp":"2025-09-08T15:40:26.870Z"}
{"level":"info","message":"IMD weather data requested","timestamp":"2025-09-08T15:40:36.872Z"}
{"level":"info","message":"Returning cached IMD weather data","timestamp":"2025-09-08T15:40:36.872Z"}
{"level":"info","message":"IMD weather data requested","timestamp":"2025-09-08T15:40:47.217Z"}
{"level":"info","message":"Returning cached IMD weather data","timestamp":"2025-09-08T15:40:47.217Z"}
{"level":"info","message":"IMD weather data requested","timestamp":"2025-09-08T15:40:57.215Z"}
{"level":"info","message":"Returning cached IMD weather data","timestamp":"2025-09-08T15:40:57.215Z"}
{"level":"info","message":"IMD weather data requested","timestamp":"2025-09-08T15:41:07.214Z"}
{"level":"info","message":"Returning cached IMD weather data","timestamp":"2025-09-08T15:41:07.214Z"}
{"level":"info","message":"IMD weather data requested","timestamp":"2025-09-08T15:41:13.194Z"}
{"level":"info","message":"Returning cached IMD weather data","timestamp":"2025-09-08T15:41:13.195Z"}
{"level":"info","message":"IMD weather data requested","timestamp":"2025-09-08T15:41:13.197Z"}
{"level":"info","message":"Returning cached IMD weather data","timestamp":"2025-09-08T15:41:13.197Z"}
{"level":"info","message":"IMD weather data requested","timestamp":"2025-09-08T15:41:17.264Z"}
{"level":"info","message":"Returning cached IMD weather data","timestamp":"2025-09-08T15:41:17.264Z"}
{"level":"info","message":"IMD weather data requested","timestamp":"2025-09-08T15:41:27.219Z"}
{"level":"info","message":"Returning cached IMD weather data","timestamp":"2025-09-08T15:41:27.219Z"}
{"level":"info","message":"IMD weather data requested","timestamp":"2025-09-08T15:41:37.218Z"}
{"level":"info","message":"Returning cached IMD weather data","timestamp":"2025-09-08T15:41:37.218Z"}
{"level":"info","message":"IMD weather data requested","timestamp":"2025-09-08T15:41:47.217Z"}
{"level":"info","message":"Returning cached IMD weather data","timestamp":"2025-09-08T15:41:47.217Z"}
{"level":"info","message":"Fetching current weather for coordinates: 19.076, 72.8777","timestamp":"2025-09-08T15:41:55.067Z"}
{"level":"info","message":"IMD weather data requested","timestamp":"2025-09-08T15:41:55.101Z"}
{"level":"info","message":"Returning cached IMD weather data","timestamp":"2025-09-08T15:41:55.101Z"}
{"level":"info","message":"IMD weather data requested","timestamp":"2025-09-08T15:41:55.109Z"}
{"level":"info","message":"Returning cached IMD weather data","timestamp":"2025-09-08T15:41:55.109Z"}
{"level":"info","message":"Fetching current weather for coordinates: 19.076, 72.8777","timestamp":"2025-09-08T15:41:55.125Z"}
{"level":"info","message":"IMD weather data requested","timestamp":"2025-09-08T15:41:55.149Z"}
{"level":"info","message":"Returning cached IMD weather data","timestamp":"2025-09-08T15:41:55.150Z"}
{"level":"info","message":"IMD weather data requested","timestamp":"2025-09-08T15:41:55.185Z"}
{"level":"info","message":"Returning cached IMD weather data","timestamp":"2025-09-08T15:41:55.185Z"}
{"level":"info","message":"Fetching current weather for coordinates: 19.076, 72.8777","timestamp":"2025-09-08T15:41:55.253Z"}
{"level":"info","message":"IMD weather data requested","timestamp":"2025-09-08T15:41:55.259Z"}
{"level":"info","message":"Returning cached IMD weather data","timestamp":"2025-09-08T15:41:55.259Z"}
{"level":"info","message":"IMD weather data requested","timestamp":"2025-09-08T15:41:55.322Z"}
{"level":"info","message":"Returning cached IMD weather data","timestamp":"2025-09-08T15:41:55.322Z"}
{"level":"info","message":"Retry attempt 1/3 after 1000ms","timestamp":"2025-09-08T15:41:56.187Z"}
{"level":"info","message":"Retry attempt 1/3 after 1000ms","timestamp":"2025-09-08T15:41:56.219Z"}
{"level":"info","message":"Retry attempt 1/3 after 1000ms","timestamp":"2025-09-08T15:41:56.221Z"}
{"level":"info","message":"IMD weather data requested","timestamp":"2025-09-08T15:41:57.710Z"}
{"level":"info","message":"Returning cached IMD weather data","timestamp":"2025-09-08T15:41:57.711Z"}
{"level":"info","message":"IMD weather data requested","timestamp":"2025-09-08T15:41:57.733Z"}
{"level":"info","message":"Returning cached IMD weather data","timestamp":"2025-09-08T15:41:57.733Z"}
{"level":"info","message":"IMD weather data requested","timestamp":"2025-09-08T15:41:57.756Z"}
{"level":"info","message":"Returning cached IMD weather data","timestamp":"2025-09-08T15:41:57.756Z"}
{"level":"info","message":"IMD weather data requested","timestamp":"2025-09-08T15:41:57.774Z"}
{"level":"info","message":"Returning cached IMD weather data","timestamp":"2025-09-08T15:41:57.774Z"}
{"level":"info","message":"IMD weather data requested","timestamp":"2025-09-08T15:41:57.781Z"}
{"level":"info","message":"Returning cached IMD weather data","timestamp":"2025-09-08T15:41:57.781Z"}
{"level":"info","message":"IMD weather data requested","timestamp":"2025-09-08T15:41:57.786Z"}
{"level":"info","message":"Returning cached IMD weather data","timestamp":"2025-09-08T15:41:57.787Z"}
{"level":"info","message":"Retry attempt 2/3 after 2000ms","timestamp":"2025-09-08T15:41:58.376Z"}
{"level":"info","message":"Retry attempt 2/3 after 2000ms","timestamp":"2025-09-08T15:41:58.866Z"}
{"level":"info","message":"Retry attempt 2/3 after 2000ms","timestamp":"2025-09-08T15:41:58.867Z"}
{"level":"error","message":"Error fetching current weather:","timestamp":"2025-09-08T15:42:01.014Z"}
{"level":"info","message":"Fetching current weather for coordinates: 19.076, 72.8777","timestamp":"2025-09-08T15:42:01.015Z"}
{"level":"error","message":"Error fetching current weather:","timestamp":"2025-09-08T15:42:01.379Z"}
{"level":"error","message":"Error fetching current weather:","timestamp":"2025-09-08T15:42:01.381Z"}
{"level":"info","message":"Fetching current weather for coordinates: 19.076, 72.8777","timestamp":"2025-09-08T15:42:01.382Z"}
{"level":"info","message":"Fetching current weather for coordinates: 19.076, 72.8777","timestamp":"2025-09-08T15:42:01.384Z"}
{"level":"info","message":"Retry attempt 1/3 after 1000ms","timestamp":"2025-09-08T15:42:01.454Z"}
{"level":"info","message":"Retry attempt 1/3 after 1000ms","timestamp":"2025-09-08T15:42:01.615Z"}
{"level":"info","message":"Retry attempt 1/3 after 1000ms","timestamp":"2025-09-08T15:42:01.616Z"}
{"level":"info","message":"Retry attempt 2/3 after 2000ms","timestamp":"2025-09-08T15:42:02.752Z"}
{"level":"info","message":"Retry attempt 2/3 after 2000ms","timestamp":"2025-09-08T15:42:02.854Z"}
{"level":"info","message":"Retry attempt 2/3 after 2000ms","timestamp":"2025-09-08T15:42:02.855Z"}
{"level":"error","message":"Error fetching current weather:","timestamp":"2025-09-08T15:42:04.989Z"}
{"level":"info","message":"Fetching current weather for coordinates: 19.076, 72.8777","timestamp":"2025-09-08T15:42:04.992Z"}
{"level":"error","message":"Error fetching current weather:","timestamp":"2025-09-08T15:42:05.083Z"}
{"level":"info","message":"Fetching current weather for coordinates: 19.076, 72.8777","timestamp":"2025-09-08T15:42:05.086Z"}
{"level":"error","message":"Error fetching current weather:","timestamp":"2025-09-08T15:42:05.088Z"}
{"level":"info","message":"Fetching current weather for coordinates: 19.076, 72.8777","timestamp":"2025-09-08T15:42:05.091Z"}
{"level":"info","message":"Retry attempt 1/3 after 1000ms","timestamp":"2025-09-08T15:42:05.218Z"}
{"level":"info","message":"Retry attempt 1/3 after 1000ms","timestamp":"2025-09-08T15:42:05.318Z"}
{"level":"info","message":"Retry attempt 1/3 after 1000ms","timestamp":"2025-09-08T15:42:05.320Z"}
{"level":"info","message":"Retry attempt 2/3 after 2000ms","timestamp":"2025-09-08T15:42:06.443Z"}
{"level":"info","message":"Retry attempt 2/3 after 2000ms","timestamp":"2025-09-08T15:42:06.547Z"}
{"level":"info","message":"Retry attempt 2/3 after 2000ms","timestamp":"2025-09-08T15:42:06.547Z"}
{"level":"info","message":"IMD weather data requested","timestamp":"2025-09-08T15:42:07.177Z"}
{"level":"info","message":"Returning cached IMD weather data","timestamp":"2025-09-08T15:42:07.177Z"}
{"level":"info","message":"IMD weather data requested","timestamp":"2025-09-08T15:42:07.313Z"}
{"level":"info","message":"Returning cached IMD weather data","timestamp":"2025-09-08T15:42:07.313Z"}
{"level":"info","message":"IMD weather data requested","timestamp":"2025-09-08T15:42:08.176Z"}
{"level":"info","message":"Returning cached IMD weather data","timestamp":"2025-09-08T15:42:08.176Z"}
{"level":"error","message":"Error fetching current weather:","timestamp":"2025-09-08T15:42:08.672Z"}
{"level":"info","message":"Fetching current weather for coordinates: 19.076, 72.8777","timestamp":"2025-09-08T15:42:08.674Z"}
{"level":"error","message":"Error fetching current weather:","timestamp":"2025-09-08T15:42:08.773Z"}
{"level":"info","message":"Fetching current weather for coordinates: 19.076, 72.8777","timestamp":"2025-09-08T15:42:08.775Z"}
{"level":"error","message":"Error fetching current weather:","timestamp":"2025-09-08T15:42:08.802Z"}
{"level":"info","message":"Fetching current weather for coordinates: 19.076, 72.8777","timestamp":"2025-09-08T15:42:08.803Z"}
{"level":"info","message":"Retry attempt 1/3 after 1000ms","timestamp":"2025-09-08T15:42:08.906Z"}
{"level":"info","message":"Retry attempt 1/3 after 1000ms","timestamp":"2025-09-08T15:42:09.005Z"}
{"level":"info","message":"Retry attempt 1/3 after 1000ms","timestamp":"2025-09-08T15:42:09.046Z"}
{"level":"info","message":"Retry attempt 2/3 after 2000ms","timestamp":"2025-09-08T15:42:10.141Z"}
{"level":"info","message":"Retry attempt 2/3 after 2000ms","timestamp":"2025-09-08T15:42:10.233Z"}
{"level":"info","message":"Retry attempt 2/3 after 2000ms","timestamp":"2025-09-08T15:42:10.334Z"}
{"level":"error","message":"Error fetching current weather:","timestamp":"2025-09-08T15:42:12.462Z"}
{"level":"error","message":"Error fetching current weather:","timestamp":"2025-09-08T15:42:12.749Z"}
{"level":"error","message":"Error fetching current weather:","timestamp":"2025-09-08T15:42:13.126Z"}
{"level":"info","message":"IMD weather data requested","timestamp":"2025-09-08T15:42:17.178Z"}
{"level":"info","message":"Returning cached IMD weather data","timestamp":"2025-09-08T15:42:17.178Z"}
{"level":"info","message":"IMD weather data requested","timestamp":"2025-09-08T15:42:17.314Z"}
{"level":"info","message":"Returning cached IMD weather data","timestamp":"2025-09-08T15:42:17.314Z"}
{"level":"info","message":"IMD weather data requested","timestamp":"2025-09-08T15:42:18.179Z"}
{"level":"info","message":"Returning cached IMD weather data","timestamp":"2025-09-08T15:42:18.180Z"}
{"level":"info","message":"IMD weather data requested","timestamp":"2025-09-08T15:42:27.191Z"}
{"level":"info","message":"Returning cached IMD weather data","timestamp":"2025-09-08T15:42:27.191Z"}
{"level":"info","message":"IMD weather data requested","timestamp":"2025-09-08T15:42:27.323Z"}
{"level":"info","message":"Returning cached IMD weather data","timestamp":"2025-09-08T15:42:27.323Z"}
{"level":"info","message":"IMD weather data requested","timestamp":"2025-09-08T15:42:28.181Z"}
{"level":"info","message":"Returning cached IMD weather data","timestamp":"2025-09-08T15:42:28.182Z"}
{"level":"info","message":"IMD weather data requested","timestamp":"2025-09-08T15:42:35.182Z"}
{"level":"info","message":"Returning cached IMD weather data","timestamp":"2025-09-08T15:42:35.182Z"}
{"level":"info","message":"Fetching current weather for coordinates: 19.076, 72.8777","timestamp":"2025-09-08T15:42:35.201Z"}
{"level":"info","message":"IMD weather data requested","timestamp":"2025-09-08T15:42:35.222Z"}
{"level":"info","message":"Returning cached IMD weather data","timestamp":"2025-09-08T15:42:35.222Z"}
{"level":"info","message":"IMD weather data requested","timestamp":"2025-09-08T15:42:35.280Z"}
{"level":"info","message":"Returning cached IMD weather data","timestamp":"2025-09-08T15:42:35.368Z"}
{"level":"info","message":"IMD weather data requested","timestamp":"2025-09-08T15:42:35.422Z"}
{"level":"info","message":"Returning cached IMD weather data","timestamp":"2025-09-08T15:42:35.423Z"}
{"level":"info","message":"IMD weather data requested","timestamp":"2025-09-08T15:42:35.428Z"}
{"level":"info","message":"Returning cached IMD weather data","timestamp":"2025-09-08T15:42:35.428Z"}
{"level":"info","message":"Fetching current weather for coordinates: 19.076, 72.8777","timestamp":"2025-09-08T15:42:35.445Z"}
{"level":"info","message":"IMD weather data requested","timestamp":"2025-09-08T15:42:35.473Z"}
{"level":"info","message":"Returning cached IMD weather data","timestamp":"2025-09-08T15:42:35.473Z"}
{"level":"info","message":"IMD weather data requested","timestamp":"2025-09-08T15:42:35.536Z"}
{"level":"info","message":"Returning cached IMD weather data","timestamp":"2025-09-08T15:42:35.536Z"}
{"level":"info","message":"IMD weather data requested","timestamp":"2025-09-08T15:42:35.542Z"}
{"level":"info","message":"Returning cached IMD weather data","timestamp":"2025-09-08T15:42:35.543Z"}
{"level":"info","message":"IMD weather data requested","timestamp":"2025-09-08T15:42:35.570Z"}
{"level":"info","message":"Returning cached IMD weather data","timestamp":"2025-09-08T15:42:35.570Z"}
{"level":"info","message":"Fetching current weather for coordinates: 19.076, 72.8777","timestamp":"2025-09-08T15:42:35.588Z"}
{"level":"info","message":"IMD weather data requested","timestamp":"2025-09-08T15:42:35.602Z"}
{"level":"info","message":"Returning cached IMD weather data","timestamp":"2025-09-08T15:42:35.602Z"}
{"level":"info","message":"IMD weather data requested","timestamp":"2025-09-08T15:42:35.631Z"}
{"level":"info","message":"Returning cached IMD weather data","timestamp":"2025-09-08T15:42:35.631Z"}
{"level":"info","message":"IMD weather data requested","timestamp":"2025-09-08T15:42:35.652Z"}
{"level":"info","message":"Returning cached IMD weather data","timestamp":"2025-09-08T15:42:35.652Z"}
{"level":"info","message":"Retry attempt 1/3 after 1000ms","timestamp":"2025-09-08T15:42:36.153Z"}
{"level":"info","message":"Retry attempt 1/3 after 1000ms","timestamp":"2025-09-08T15:42:36.158Z"}
{"level":"info","message":"Retry attempt 1/3 after 1000ms","timestamp":"2025-09-08T15:42:36.308Z"}
{"level":"info","message":"IMD weather data requested","timestamp":"2025-09-08T15:42:36.551Z"}
{"level":"info","message":"Returning cached IMD weather data","timestamp":"2025-09-08T15:42:36.552Z"}
{"level":"info","message":"IMD weather data requested","timestamp":"2025-09-08T15:42:36.608Z"}
{"level":"info","message":"Returning cached IMD weather data","timestamp":"2025-09-08T15:42:36.608Z"}
{"level":"info","message":"IMD weather data requested","timestamp":"2025-09-08T15:42:36.648Z"}
{"level":"info","message":"Returning cached IMD weather data","timestamp":"2025-09-08T15:42:36.648Z"}
{"level":"info","message":"IMD weather data requested","timestamp":"2025-09-08T15:42:36.665Z"}
{"level":"info","message":"Returning cached IMD weather data","timestamp":"2025-09-08T15:42:36.665Z"}
{"level":"info","message":"IMD weather data requested","timestamp":"2025-09-08T15:42:36.702Z"}
{"level":"info","message":"Returning cached IMD weather data","timestamp":"2025-09-08T15:42:36.702Z"}
{"level":"info","message":"IMD weather data requested","timestamp":"2025-09-08T15:42:36.728Z"}
{"level":"info","message":"Returning cached IMD weather data","timestamp":"2025-09-08T15:42:36.728Z"}
{"level":"info","message":"IMD weather data requested","timestamp":"2025-09-08T15:42:36.734Z"}
{"level":"info","message":"Returning cached IMD weather data","timestamp":"2025-09-08T15:42:36.734Z"}
{"level":"info","message":"IMD weather data requested","timestamp":"2025-09-08T15:42:36.745Z"}
{"level":"info","message":"Returning cached IMD weather data","timestamp":"2025-09-08T15:42:36.745Z"}
{"level":"info","message":"IMD weather data requested","timestamp":"2025-09-08T15:42:36.749Z"}
{"level":"info","message":"Returning cached IMD weather data","timestamp":"2025-09-08T15:42:36.749Z"}
{"level":"info","message":"IMD weather data requested","timestamp":"2025-09-08T15:42:36.752Z"}
{"level":"info","message":"Returning cached IMD weather data","timestamp":"2025-09-08T15:42:36.752Z"}
{"level":"info","message":"IMD weather data requested","timestamp":"2025-09-08T15:42:36.764Z"}
{"level":"info","message":"Returning cached IMD weather data","timestamp":"2025-09-08T15:42:36.765Z"}
{"level":"info","message":"IMD weather data requested","timestamp":"2025-09-08T15:42:36.768Z"}
{"level":"info","message":"Returning cached IMD weather data","timestamp":"2025-09-08T15:42:36.768Z"}
{"level":"info","message":"Retry attempt 2/3 after 2000ms","timestamp":"2025-09-08T15:42:37.436Z"}
{"level":"info","message":"Retry attempt 2/3 after 2000ms","timestamp":"2025-09-08T15:42:37.479Z"}
{"level":"info","message":"Retry attempt 2/3 after 2000ms","timestamp":"2025-09-08T15:42:37.537Z"}
{"level":"error","message":"Error fetching current weather:","timestamp":"2025-09-08T15:42:39.662Z"}
{"level":"info","message":"Fetching current weather for coordinates: 19.076, 72.8777","timestamp":"2025-09-08T15:42:39.664Z"}
{"level":"error","message":"Error fetching current weather:","timestamp":"2025-09-08T15:42:39.704Z"}
{"level":"info","message":"Fetching current weather for coordinates: 19.076, 72.8777","timestamp":"2025-09-08T15:42:39.706Z"}
{"level":"error","message":"Error fetching current weather:","timestamp":"2025-09-08T15:42:39.769Z"}
{"level":"info","message":"Fetching current weather for coordinates: 19.076, 72.8777","timestamp":"2025-09-08T15:42:39.771Z"}
{"level":"info","message":"Retry attempt 1/3 after 1000ms","timestamp":"2025-09-08T15:42:39.884Z"}
{"level":"info","message":"Retry attempt 1/3 after 1000ms","timestamp":"2025-09-08T15:42:39.945Z"}
{"level":"info","message":"Retry attempt 1/3 after 1000ms","timestamp":"2025-09-08T15:42:40.010Z"}
{"level":"info","message":"Retry attempt 2/3 after 2000ms","timestamp":"2025-09-08T15:42:41.117Z"}
{"level":"info","message":"Retry attempt 2/3 after 2000ms","timestamp":"2025-09-08T15:42:41.180Z"}
{"level":"info","message":"Retry attempt 2/3 after 2000ms","timestamp":"2025-09-08T15:42:41.232Z"}
{"level":"error","message":"Error fetching current weather:","timestamp":"2025-09-08T15:42:43.368Z"}
{"level":"info","message":"Fetching current weather for coordinates: 19.076, 72.8777","timestamp":"2025-09-08T15:42:43.371Z"}
{"level":"error","message":"Error fetching current weather:","timestamp":"2025-09-08T15:42:43.431Z"}
{"level":"info","message":"Fetching current weather for coordinates: 19.076, 72.8777","timestamp":"2025-09-08T15:42:43.433Z"}
{"level":"error","message":"Error fetching current weather:","timestamp":"2025-09-08T15:42:43.471Z"}
{"level":"info","message":"Fetching current weather for coordinates: 19.076, 72.8777","timestamp":"2025-09-08T15:42:43.473Z"}
{"level":"info","message":"Retry attempt 1/3 after 1000ms","timestamp":"2025-09-08T15:42:43.620Z"}
{"level":"info","message":"Retry attempt 1/3 after 1000ms","timestamp":"2025-09-08T15:42:43.752Z"}
{"level":"info","message":"Retry attempt 1/3 after 1000ms","timestamp":"2025-09-08T15:42:43.805Z"}
{"level":"info","message":"Retry attempt 2/3 after 2000ms","timestamp":"2025-09-08T15:42:44.853Z"}
{"level":"info","message":"Retry attempt 2/3 after 2000ms","timestamp":"2025-09-08T15:42:45.002Z"}
{"level":"info","message":"Retry attempt 2/3 after 2000ms","timestamp":"2025-09-08T15:42:45.034Z"}
{"level":"info","message":"IMD weather data requested","timestamp":"2025-09-08T15:42:46.449Z"}
{"level":"info","message":"Returning cached IMD weather data","timestamp":"2025-09-08T15:42:46.449Z"}
{"level":"error","message":"Error fetching current weather:","timestamp":"2025-09-08T15:42:47.085Z"}
{"level":"info","message":"Fetching current weather for coordinates: 19.076, 72.8777","timestamp":"2025-09-08T15:42:47.086Z"}
{"level":"info","message":"IMD weather data requested","timestamp":"2025-09-08T15:42:47.179Z"}
{"level":"info","message":"Returning cached IMD weather data","timestamp":"2025-09-08T15:42:47.179Z"}
{"level":"info","message":"IMD weather data requested","timestamp":"2025-09-08T15:42:47.179Z"}
{"level":"info","message":"Returning cached IMD weather data","timestamp":"2025-09-08T15:42:47.179Z"}
{"level":"error","message":"Error fetching current weather:","timestamp":"2025-09-08T15:42:47.227Z"}
{"level":"info","message":"Fetching current weather for coordinates: 19.076, 72.8777","timestamp":"2025-09-08T15:42:47.229Z"}
{"level":"error","message":"Error fetching current weather:","timestamp":"2025-09-08T15:42:47.277Z"}
{"level":"info","message":"Fetching current weather for coordinates: 19.076, 72.8777","timestamp":"2025-09-08T15:42:47.280Z"}
{"level":"info","message":"Retry attempt 1/3 after 1000ms","timestamp":"2025-09-08T15:42:47.299Z"}
{"level":"info","message":"Retry attempt 1/3 after 1000ms","timestamp":"2025-09-08T15:42:47.453Z"}
{"level":"info","message":"Retry attempt 1/3 after 1000ms","timestamp":"2025-09-08T15:42:47.518Z"}
{"level":"info","message":"Retry attempt 2/3 after 2000ms","timestamp":"2025-09-08T15:42:48.536Z"}
{"level":"info","message":"Retry attempt 2/3 after 2000ms","timestamp":"2025-09-08T15:42:48.699Z"}
{"level":"info","message":"Retry attempt 2/3 after 2000ms","timestamp":"2025-09-08T15:42:48.743Z"}
{"level":"error","message":"Error fetching current weather:","timestamp":"2025-09-08T15:42:50.757Z"}
{"level":"error","message":"Error fetching current weather:","timestamp":"2025-09-08T15:42:50.925Z"}
{"level":"error","message":"Error fetching current weather:","timestamp":"2025-09-08T15:42:50.974Z"}
{"level":"info","message":"IMD weather data requested","timestamp":"2025-09-08T15:42:56.446Z"}
{"level":"info","message":"Returning cached IMD weather data","timestamp":"2025-09-08T15:42:56.446Z"}
{"level":"info","message":"IMD weather data requested","timestamp":"2025-09-08T15:42:57.185Z"}
{"level":"info","message":"Returning cached IMD weather data","timestamp":"2025-09-08T15:42:57.185Z"}
{"level":"info","message":"IMD weather data requested","timestamp":"2025-09-08T15:42:57.185Z"}
{"level":"info","message":"Returning cached IMD weather data","timestamp":"2025-09-08T15:42:57.185Z"}
{"level":"info","message":"IMD weather data requested","timestamp":"2025-09-08T15:43:06.452Z"}
{"level":"info","message":"Returning cached IMD weather data","timestamp":"2025-09-08T15:43:06.452Z"}
{"level":"info","message":"IMD weather data requested","timestamp":"2025-09-08T15:43:07.182Z"}
{"level":"info","message":"Returning cached IMD weather data","timestamp":"2025-09-08T15:43:07.182Z"}
{"level":"info","message":"IMD weather data requested","timestamp":"2025-09-08T15:43:07.183Z"}
{"level":"info","message":"Returning cached IMD weather data","timestamp":"2025-09-08T15:43:07.183Z"}
{"level":"info","message":"IMD weather data requested","timestamp":"2025-09-08T15:43:16.453Z"}
{"level":"info","message":"Returning cached IMD weather data","timestamp":"2025-09-08T15:43:16.453Z"}
{"level":"info","message":"IMD weather data requested","timestamp":"2025-09-08T15:43:17.178Z"}
{"level":"info","message":"Returning cached IMD weather data","timestamp":"2025-09-08T15:43:17.178Z"}
{"level":"info","message":"IMD weather data requested","timestamp":"2025-09-08T15:43:17.179Z"}
{"level":"info","message":"Returning cached IMD weather data","timestamp":"2025-09-08T15:43:17.179Z"}
{"level":"info","message":"IMD weather data requested","timestamp":"2025-09-08T15:43:26.455Z"}
{"level":"info","message":"Returning cached IMD weather data","timestamp":"2025-09-08T15:43:26.456Z"}
{"level":"info","message":"IMD weather data requested","timestamp":"2025-09-08T15:43:27.183Z"}
{"level":"info","message":"Returning cached IMD weather data","timestamp":"2025-09-08T15:43:27.183Z"}
{"level":"info","message":"IMD weather data requested","timestamp":"2025-09-08T15:43:27.184Z"}
{"level":"info","message":"Returning cached IMD weather data","timestamp":"2025-09-08T15:43:27.184Z"}
{"level":"info","message":"IMD weather data requested","timestamp":"2025-09-08T15:43:36.447Z"}
{"level":"info","message":"Returning cached IMD weather data","timestamp":"2025-09-08T15:43:36.447Z"}
{"level":"info","message":"IMD weather data requested","timestamp":"2025-09-08T15:43:37.179Z"}
{"level":"info","message":"Returning cached IMD weather data","timestamp":"2025-09-08T15:43:37.179Z"}
{"level":"info","message":"IMD weather data requested","timestamp":"2025-09-08T15:43:37.181Z"}
{"level":"info","message":"Returning cached IMD weather data","timestamp":"2025-09-08T15:43:37.181Z"}
{"level":"info","message":"IMD weather data requested","timestamp":"2025-09-08T15:43:52.610Z"}
{"level":"info","message":"Returning cached IMD weather data","timestamp":"2025-09-08T15:43:52.611Z"}
{"level":"info","message":"Fetching current weather for coordinates: 19.076, 72.8777","timestamp":"2025-09-08T15:43:52.636Z"}
{"level":"info","message":"IMD weather data requested","timestamp":"2025-09-08T15:43:52.656Z"}
{"level":"info","message":"Returning cached IMD weather data","timestamp":"2025-09-08T15:43:52.656Z"}
{"level":"info","message":"IMD weather data requested","timestamp":"2025-09-08T15:43:52.667Z"}
{"level":"info","message":"Returning cached IMD weather data","timestamp":"2025-09-08T15:43:52.667Z"}
{"level":"info","message":"IMD weather data requested","timestamp":"2025-09-08T15:43:52.676Z"}
{"level":"info","message":"Returning cached IMD weather data","timestamp":"2025-09-08T15:43:52.676Z"}
{"level":"info","message":"Retry attempt 1/3 after 1000ms","timestamp":"2025-09-08T15:43:53.713Z"}
{"level":"info","message":"Retry attempt 2/3 after 2000ms","timestamp":"2025-09-08T15:43:54.950Z"}
{"level":"error","message":"Error fetching current weather:","timestamp":"2025-09-08T15:43:57.179Z"}
{"level":"info","message":"Fetching current weather for coordinates: 19.076, 72.8777","timestamp":"2025-09-08T15:43:57.184Z"}
{"level":"info","message":"Retry attempt 1/3 after 1000ms","timestamp":"2025-09-08T15:43:57.452Z"}
{"level":"info","message":"Retry attempt 2/3 after 2000ms","timestamp":"2025-09-08T15:43:58.737Z"}
{"level":"error","message":"Error fetching current weather:","timestamp":"2025-09-08T15:44:01.025Z"}
{"level":"info","message":"IMD weather data requested","timestamp":"2025-09-08T15:44:02.598Z"}
{"level":"info","message":"Returning cached IMD weather data","timestamp":"2025-09-08T15:44:02.599Z"}
{"level":"info","message":"IMD weather data requested","timestamp":"2025-09-08T15:44:05.270Z"}
{"level":"info","message":"Returning cached IMD weather data","timestamp":"2025-09-08T15:44:05.270Z"}
{"level":"info","message":"IMD weather data requested","timestamp":"2025-09-08T15:44:05.282Z"}
{"level":"info","message":"Returning cached IMD weather data","timestamp":"2025-09-08T15:44:05.282Z"}
{"level":"info","message":"IMD weather data requested","timestamp":"2025-09-08T15:44:07.181Z"}
{"level":"info","message":"Returning cached IMD weather data","timestamp":"2025-09-08T15:44:07.181Z"}
{"level":"info","message":"IMD weather data requested","timestamp":"2025-09-08T15:44:07.182Z"}
{"level":"info","message":"Returning cached IMD weather data","timestamp":"2025-09-08T15:44:07.182Z"}
{"level":"info","message":"IMD weather data requested","timestamp":"2025-09-08T15:44:12.607Z"}
{"level":"info","message":"Returning cached IMD weather data","timestamp":"2025-09-08T15:44:12.608Z"}
{"level":"info","message":"IMD weather data requested","timestamp":"2025-09-08T15:44:22.625Z"}
{"level":"info","message":"Returning cached IMD weather data","timestamp":"2025-09-08T15:44:22.625Z"}
{"level":"info","message":"IMD weather data requested","timestamp":"2025-09-08T15:44:27.216Z"}
{"level":"info","message":"Returning cached IMD weather data","timestamp":"2025-09-08T15:44:27.217Z"}
{"level":"info","message":"IMD weather data requested","timestamp":"2025-09-08T15:44:27.226Z"}
{"level":"info","message":"Returning cached IMD weather data","timestamp":"2025-09-08T15:44:27.226Z"}
{"level":"info","message":"IMD weather data requested","timestamp":"2025-09-08T15:44:32.600Z"}
{"level":"info","message":"Returning cached IMD weather data","timestamp":"2025-09-08T15:44:32.600Z"}
{"level":"info","message":"IMD weather data requested","timestamp":"2025-09-08T15:44:42.611Z"}
{"level":"info","message":"Returning cached IMD weather data","timestamp":"2025-09-08T15:44:42.612Z"}
{"level":"info","message":"IMD weather data requested","timestamp":"2025-09-08T15:44:52.604Z"}
{"level":"info","message":"Returning cached IMD weather data","timestamp":"2025-09-08T15:44:52.604Z"}
{"level":"info","message":"IMD weather data requested","timestamp":"2025-09-08T15:45:02.604Z"}
{"level":"info","message":"Returning cached IMD weather data","timestamp":"2025-09-08T15:45:02.604Z"}
{"level":"info","message":"IMD weather data requested","timestamp":"2025-09-08T15:45:12.607Z"}
{"level":"info","message":"Returning cached IMD weather data","timestamp":"2025-09-08T15:45:12.607Z"}
{"level":"info","message":"IMD weather data requested","timestamp":"2025-09-08T15:45:13.210Z"}
{"level":"info","message":"Returning cached IMD weather data","timestamp":"2025-09-08T15:45:13.210Z"}
{"level":"info","message":"IMD weather data requested","timestamp":"2025-09-08T15:45:13.212Z"}
{"level":"info","message":"Returning cached IMD weather data","timestamp":"2025-09-08T15:45:13.212Z"}
{"level":"info","message":"IMD weather data requested","timestamp":"2025-09-08T15:45:22.600Z"}
{"alerts":1,"conditions":0,"level":"info","message":"IMD weather data scraped successfully","sources":0,"timestamp":"2025-09-08T15:45:32.605Z"}
{"level":"info","message":"IMD weather data requested","timestamp":"2025-09-08T15:45:32.609Z"}
{"level":"info","message":"Returning cached IMD weather data","timestamp":"2025-09-08T15:45:32.610Z"}
{"level":"info","message":"IMD weather data requested","timestamp":"2025-09-08T15:45:42.606Z"}
{"level":"info","message":"Returning cached IMD weather data","timestamp":"2025-09-08T15:45:42.606Z"}
{"level":"info","message":"IMD weather data requested","timestamp":"2025-09-08T15:45:52.608Z"}
{"level":"info","message":"Returning cached IMD weather data","timestamp":"2025-09-08T15:45:52.608Z"}
{"level":"info","message":"IMD weather data requested","timestamp":"2025-09-08T15:45:56.192Z"}
{"level":"info","message":"Returning cached IMD weather data","timestamp":"2025-09-08T15:45:56.192Z"}
{"level":"info","message":"IMD weather data requested","timestamp":"2025-09-08T15:45:56.193Z"}
{"level":"info","message":"Returning cached IMD weather data","timestamp":"2025-09-08T15:45:56.193Z"}
{"level":"info","message":"IMD weather data requested","timestamp":"2025-09-08T15:46:02.602Z"}
{"level":"info","message":"Returning cached IMD weather data","timestamp":"2025-09-08T15:46:02.603Z"}
{"level":"info","message":"IMD weather data requested","timestamp":"2025-09-08T15:46:12.608Z"}
{"level":"info","message":"Returning cached IMD weather data","timestamp":"2025-09-08T15:46:12.608Z"}
{"level":"info","message":"IMD weather data requested","timestamp":"2025-09-08T15:46:13.191Z"}
{"level":"info","message":"Returning cached IMD weather data","timestamp":"2025-09-08T15:46:13.191Z"}
{"level":"info","message":"IMD weather data requested","timestamp":"2025-09-08T15:46:13.192Z"}
{"level":"info","message":"Returning cached IMD weather data","timestamp":"2025-09-08T15:46:13.193Z"}
{"level":"info","message":"IMD weather data requested","timestamp":"2025-09-08T15:46:22.604Z"}
{"level":"info","message":"Returning cached IMD weather data","timestamp":"2025-09-08T15:46:22.604Z"}
{"level":"info","message":"IMD weather data requested","timestamp":"2025-09-08T15:46:32.603Z"}
{"level":"info","message":"Returning cached IMD weather data","timestamp":"2025-09-08T15:46:32.603Z"}
{"level":"info","message":"IMD weather data requested","timestamp":"2025-09-08T15:46:42.608Z"}
{"level":"info","message":"Returning cached IMD weather data","timestamp":"2025-09-08T15:46:42.608Z"}
{"level":"info","message":"IMD weather data requested","timestamp":"2025-09-08T15:46:52.607Z"}
{"level":"info","message":"Returning cached IMD weather data","timestamp":"2025-09-08T15:46:52.608Z"}
{"level":"info","message":"IMD weather data requested","timestamp":"2025-09-08T15:47:02.605Z"}
{"level":"info","message":"Returning cached IMD weather data","timestamp":"2025-09-08T15:47:02.605Z"}
{"level":"info","message":"IMD weather data requested","timestamp":"2025-09-08T15:47:12.606Z"}
{"level":"info","message":"Returning cached IMD weather data","timestamp":"2025-09-08T15:47:12.607Z"}
{"level":"info","message":"IMD weather data requested","timestamp":"2025-09-08T15:47:13.190Z"}
{"level":"info","message":"Returning cached IMD weather data","timestamp":"2025-09-08T15:47:13.190Z"}
{"level":"info","message":"IMD weather data requested","timestamp":"2025-09-08T15:47:13.192Z"}
{"level":"info","message":"Returning cached IMD weather data","timestamp":"2025-09-08T15:47:13.192Z"}
{"level":"info","message":"IMD weather data requested","timestamp":"2025-09-08T15:47:22.604Z"}
{"level":"info","message":"Returning cached IMD weather data","timestamp":"2025-09-08T15:47:22.604Z"}
{"level":"info","message":"IMD weather data requested","timestamp":"2025-09-08T15:47:32.607Z"}
{"level":"info","message":"Returning cached IMD weather data","timestamp":"2025-09-08T15:47:32.607Z"}
{"level":"info","message":"IMD weather data requested","timestamp":"2025-09-08T15:47:42.606Z"}
{"level":"info","message":"Returning cached IMD weather data","timestamp":"2025-09-08T15:47:42.606Z"}
{"level":"info","message":"IMD weather data requested","timestamp":"2025-09-08T15:47:52.604Z"}
{"level":"info","message":"Returning cached IMD weather data","timestamp":"2025-09-08T15:47:52.605Z"}
{"level":"info","message":"IMD weather data requested","timestamp":"2025-09-08T15:48:02.606Z"}
{"level":"info","message":"Returning cached IMD weather data","timestamp":"2025-09-08T15:48:02.606Z"}
{"level":"info","message":"IMD weather data requested","timestamp":"2025-09-08T15:48:12.616Z"}
{"level":"info","message":"Returning cached IMD weather data","timestamp":"2025-09-08T15:48:12.617Z"}
{"level":"info","message":"IMD weather data requested","timestamp":"2025-09-08T15:48:13.216Z"}
{"level":"info","message":"Returning cached IMD weather data","timestamp":"2025-09-08T15:48:13.216Z"}
{"level":"info","message":"IMD weather data requested","timestamp":"2025-09-08T15:48:13.228Z"}
{"level":"info","message":"Returning cached IMD weather data","timestamp":"2025-09-08T15:48:13.228Z"}
{"level":"info","message":"IMD weather data requested","timestamp":"2025-09-08T15:49:00.231Z"}
{"level":"info","message":"Returning cached IMD weather data","timestamp":"2025-09-08T15:49:00.232Z"}
{"level":"info","message":"Fetching current weather for coordinates: 19.076, 72.8777","timestamp":"2025-09-08T15:49:00.236Z"}
{"level":"info","message":"IMD weather data requested","timestamp":"2025-09-08T15:49:00.263Z"}
{"level":"info","message":"Returning cached IMD weather data","timestamp":"2025-09-08T15:49:00.263Z"}
{"level":"info","message":"IMD weather data requested","timestamp":"2025-09-08T15:49:00.281Z"}
{"level":"info","message":"Returning cached IMD weather data","timestamp":"2025-09-08T15:49:00.281Z"}
{"level":"info","message":"IMD weather data requested","timestamp":"2025-09-08T15:49:00.283Z"}
{"level":"info","message":"Returning cached IMD weather data","timestamp":"2025-09-08T15:49:00.283Z"}
{"level":"info","message":"Retry attempt 1/3 after 1000ms","timestamp":"2025-09-08T15:49:01.588Z"}
{"level":"info","message":"Retry attempt 2/3 after 2000ms","timestamp":"2025-09-08T15:49:02.902Z"}
{"level":"error","message":"Error fetching current weather:","timestamp":"2025-09-08T15:49:05.404Z"}
{"level":"info","message":"Fetching current weather for coordinates: 19.076, 72.8777","timestamp":"2025-09-08T15:49:05.406Z"}
{"level":"info","message":"Retry attempt 1/3 after 1000ms","timestamp":"2025-09-08T15:49:05.716Z"}
{"level":"info","message":"Retry attempt 2/3 after 2000ms","timestamp":"2025-09-08T15:49:06.984Z"}
{"level":"error","message":"Error fetching current weather:","timestamp":"2025-09-08T15:49:09.365Z"}
{"level":"info","message":"IMD weather data requested","timestamp":"2025-09-08T15:49:10.217Z"}
{"level":"info","message":"Returning cached IMD weather data","timestamp":"2025-09-08T15:49:10.218Z"}
{"level":"info","message":"IMD weather data requested","timestamp":"2025-09-08T15:49:13.199Z"}
{"level":"info","message":"Returning cached IMD weather data","timestamp":"2025-09-08T15:49:13.200Z"}
{"level":"info","message":"IMD weather data requested","timestamp":"2025-09-08T15:49:13.204Z"}
{"level":"info","message":"Returning cached IMD weather data","timestamp":"2025-09-08T15:49:13.204Z"}
{"level":"info","message":"IMD weather data requested","timestamp":"2025-09-08T15:49:21.193Z"}
{"level":"info","message":"Returning cached IMD weather data","timestamp":"2025-09-08T15:49:21.193Z"}
{"level":"info","message":"IMD weather data requested","timestamp":"2025-09-08T15:49:30.213Z"}
{"level":"info","message":"Returning cached IMD weather data","timestamp":"2025-09-08T15:49:30.213Z"}
{"level":"info","message":"Fetching current weather for coordinates: 19.076, 72.8777","timestamp":"2025-09-08T15:49:52.005Z"}
{"level":"info","message":"IMD weather data requested","timestamp":"2025-09-08T15:49:52.017Z"}
{"level":"info","message":"Returning cached IMD weather data","timestamp":"2025-09-08T15:49:52.017Z"}
{"level":"info","message":"IMD weather data requested","timestamp":"2025-09-08T15:49:52.023Z"}
{"level":"info","message":"Returning cached IMD weather data","timestamp":"2025-09-08T15:49:52.024Z"}
{"level":"info","message":"IMD weather data requested","timestamp":"2025-09-08T15:49:52.026Z"}
{"level":"info","message":"Returning cached IMD weather data","timestamp":"2025-09-08T15:49:52.026Z"}
{"level":"info","message":"IMD weather data requested","timestamp":"2025-09-08T15:49:52.028Z"}
{"level":"info","message":"Returning cached IMD weather data","timestamp":"2025-09-08T15:49:52.028Z"}
{"level":"info","message":"Retry attempt 1/3 after 1000ms","timestamp":"2025-09-08T15:49:53.295Z"}
{"level":"info","message":"Retry attempt 2/3 after 2000ms","timestamp":"2025-09-08T15:49:54.549Z"}
{"level":"error","message":"Error fetching current weather:","timestamp":"2025-09-08T15:49:56.981Z"}
{"level":"info","message":"Fetching current weather for coordinates: 19.076, 72.8777","timestamp":"2025-09-08T15:49:56.983Z"}
{"level":"info","message":"Retry attempt 1/3 after 1000ms","timestamp":"2025-09-08T15:49:57.245Z"}
{"level":"info","message":"Retry attempt 2/3 after 2000ms","timestamp":"2025-09-08T15:49:58.583Z"}
{"level":"error","message":"Error fetching current weather:","timestamp":"2025-09-08T15:50:00.972Z"}
{"level":"info","message":"IMD weather data requested","timestamp":"2025-09-08T15:50:01.976Z"}
{"level":"info","message":"Returning cached IMD weather data","timestamp":"2025-09-08T15:50:01.976Z"}
{"level":"info","message":"IMD weather data requested","timestamp":"2025-09-08T15:50:11.976Z"}
{"level":"info","message":"Returning cached IMD weather data","timestamp":"2025-09-08T15:50:11.976Z"}
{"level":"info","message":"IMD weather data requested","timestamp":"2025-09-08T15:50:13.224Z"}
{"level":"info","message":"Returning cached IMD weather data","timestamp":"2025-09-08T15:50:13.225Z"}
{"level":"info","message":"Fetching current weather for coordinates: 19.076, 72.8777","timestamp":"2025-09-08T15:50:21.252Z"}
{"level":"info","message":"IMD weather data requested","timestamp":"2025-09-08T15:50:21.282Z"}
{"level":"info","message":"Returning cached IMD weather data","timestamp":"2025-09-08T15:50:21.282Z"}
{"level":"info","message":"IMD weather data requested","timestamp":"2025-09-08T15:50:21.293Z"}
{"level":"info","message":"Returning cached IMD weather data","timestamp":"2025-09-08T15:50:21.293Z"}
{"level":"info","message":"IMD weather data requested","timestamp":"2025-09-08T15:50:21.298Z"}
{"level":"info","message":"Returning cached IMD weather data","timestamp":"2025-09-08T15:50:21.298Z"}
{"level":"info","message":"IMD weather data requested","timestamp":"2025-09-08T15:50:21.301Z"}
{"level":"info","message":"Returning cached IMD weather data","timestamp":"2025-09-08T15:50:21.301Z"}
{"level":"info","message":"Retry attempt 1/3 after 1000ms","timestamp":"2025-09-08T15:50:22.412Z"}
{"level":"info","message":"Retry attempt 2/3 after 2000ms","timestamp":"2025-09-08T15:50:23.688Z"}
{"level":"error","message":"Error fetching current weather:","timestamp":"2025-09-08T15:50:25.996Z"}
{"level":"info","message":"Fetching current weather for coordinates: 19.076, 72.8777","timestamp":"2025-09-08T15:50:26.001Z"}
{"level":"info","message":"Retry attempt 1/3 after 1000ms","timestamp":"2025-09-08T15:50:26.246Z"}
{"level":"info","message":"Retry attempt 2/3 after 2000ms","timestamp":"2025-09-08T15:50:27.600Z"}
{"level":"error","message":"Error fetching current weather:","timestamp":"2025-09-08T15:50:29.842Z"}
{"level":"info","message":"IMD weather data requested","timestamp":"2025-09-08T15:50:31.266Z"}
{"level":"info","message":"Returning cached IMD weather data","timestamp":"2025-09-08T15:50:31.266Z"}
{"level":"info","message":"IMD weather data requested","timestamp":"2025-09-08T15:50:41.262Z"}
{"alerts":1,"conditions":0,"level":"info","message":"IMD weather data scraped successfully","sources":1,"timestamp":"2025-09-08T15:50:42.315Z"}
{"level":"info","message":"IMD weather data requested","timestamp":"2025-09-08T15:50:51.266Z"}
{"level":"info","message":"Returning cached IMD weather data","timestamp":"2025-09-08T15:50:51.266Z"}
{"level":"info","message":"IMD weather data requested","timestamp":"2025-09-08T15:51:01.265Z"}
{"level":"info","message":"Returning cached IMD weather data","timestamp":"2025-09-08T15:51:01.265Z"}
{"level":"info","message":"IMD weather data requested","timestamp":"2025-09-08T15:51:11.261Z"}
{"level":"info","message":"Returning cached IMD weather data","timestamp":"2025-09-08T15:51:11.262Z"}
{"level":"info","message":"IMD weather data requested","timestamp":"2025-09-08T15:51:13.201Z"}
{"level":"info","message":"Returning cached IMD weather data","timestamp":"2025-09-08T15:51:13.202Z"}
{"level":"info","message":"IMD weather data requested","timestamp":"2025-09-08T15:51:21.264Z"}
{"level":"info","message":"Returning cached IMD weather data","timestamp":"2025-09-08T15:51:21.264Z"}
{"level":"info","message":"IMD weather data requested","timestamp":"2025-09-08T15:51:31.266Z"}
{"level":"info","message":"Returning cached IMD weather data","timestamp":"2025-09-08T15:51:31.266Z"}
{"level":"info","message":"IMD weather data requested","timestamp":"2025-09-08T15:51:41.267Z"}
{"level":"info","message":"Returning cached IMD weather data","timestamp":"2025-09-08T15:51:41.268Z"}
{"level":"info","message":"IMD weather data requested","timestamp":"2025-09-08T15:51:51.265Z"}
{"level":"info","message":"Returning cached IMD weather data","timestamp":"2025-09-08T15:51:51.265Z"}
{"level":"info","message":"IMD weather data requested","timestamp":"2025-09-08T15:52:01.267Z"}
{"level":"info","message":"Returning cached IMD weather data","timestamp":"2025-09-08T15:52:01.267Z"}
{"level":"info","message":"IMD weather data requested","timestamp":"2025-09-08T15:52:11.268Z"}
{"level":"info","message":"Returning cached IMD weather data","timestamp":"2025-09-08T15:52:11.269Z"}
{"level":"info","message":"IMD weather data requested","timestamp":"2025-09-08T15:52:13.197Z"}
{"level":"info","message":"Returning cached IMD weather data","timestamp":"2025-09-08T15:52:13.197Z"}
{"level":"info","message":"IMD weather data requested","timestamp":"2025-09-08T15:52:21.264Z"}
{"level":"info","message":"Returning cached IMD weather data","timestamp":"2025-09-08T15:52:21.264Z"}
{"level":"info","message":"IMD weather data requested","timestamp":"2025-09-08T15:52:31.265Z"}
{"level":"info","message":"Returning cached IMD weather data","timestamp":"2025-09-08T15:52:31.265Z"}
{"level":"info","message":"IMD weather data requested","timestamp":"2025-09-08T15:52:41.269Z"}
{"level":"info","message":"Returning cached IMD weather data","timestamp":"2025-09-08T15:52:41.269Z"}
{"level":"info","message":"IMD weather data requested","timestamp":"2025-09-08T15:52:51.269Z"}
{"level":"info","message":"Returning cached IMD weather data","timestamp":"2025-09-08T15:52:51.269Z"}
{"level":"info","message":"IMD weather data requested","timestamp":"2025-09-08T15:53:01.271Z"}
{"level":"info","message":"Returning cached IMD weather data","timestamp":"2025-09-08T15:53:01.271Z"}
{"level":"info","message":"IMD weather data requested","timestamp":"2025-09-08T15:53:11.270Z"}
{"level":"info","message":"Returning cached IMD weather data","timestamp":"2025-09-08T15:53:11.271Z"}
{"level":"info","message":"IMD weather data requested","timestamp":"2025-09-08T15:53:13.201Z"}
{"level":"info","message":"Returning cached IMD weather data","timestamp":"2025-09-08T15:53:13.201Z"}
{"level":"info","message":"IMD weather data requested","timestamp":"2025-09-08T15:53:21.270Z"}
{"level":"info","message":"Returning cached IMD weather data","timestamp":"2025-09-08T15:53:21.270Z"}
{"level":"info","message":"IMD weather data requested","timestamp":"2025-09-08T15:53:31.265Z"}
{"level":"info","message":"Returning cached IMD weather data","timestamp":"2025-09-08T15:53:31.266Z"}
{"level":"info","message":"IMD weather data requested","timestamp":"2025-09-08T15:53:41.267Z"}
{"level":"info","message":"Returning cached IMD weather data","timestamp":"2025-09-08T15:53:41.267Z"}
{"level":"info","message":"IMD weather data requested","timestamp":"2025-09-08T15:53:51.273Z"}
{"level":"info","message":"Returning cached IMD weather data","timestamp":"2025-09-08T15:53:51.273Z"}
{"level":"info","message":"IMD weather data requested","timestamp":"2025-09-08T15:54:01.298Z"}
{"level":"info","message":"Returning cached IMD weather data","timestamp":"2025-09-08T15:54:01.298Z"}
{"level":"info","message":"IMD weather data requested","timestamp":"2025-09-08T15:54:11.270Z"}
{"level":"info","message":"Returning cached IMD weather data","timestamp":"2025-09-08T15:54:11.270Z"}
{"level":"info","message":"IMD weather data requested","timestamp":"2025-09-08T15:54:13.215Z"}
{"level":"info","message":"Returning cached IMD weather data","timestamp":"2025-09-08T15:54:13.215Z"}
{"level":"info","message":"IMD weather data requested","timestamp":"2025-09-08T15:54:21.273Z"}
{"level":"info","message":"Returning cached IMD weather data","timestamp":"2025-09-08T15:54:21.273Z"}
{"level":"info","message":"IMD weather data requested","timestamp":"2025-09-08T15:54:31.308Z"}
{"level":"info","message":"Returning cached IMD weather data","timestamp":"2025-09-08T15:54:31.308Z"}
{"level":"info","message":"IMD weather data requested","timestamp":"2025-09-08T15:54:41.272Z"}
{"level":"info","message":"Returning cached IMD weather data","timestamp":"2025-09-08T15:54:41.272Z"}
{"level":"info","message":"IMD weather data requested","timestamp":"2025-09-08T15:54:51.269Z"}
{"level":"info","message":"Returning cached IMD weather data","timestamp":"2025-09-08T15:54:51.269Z"}
{"level":"info","message":"IMD weather data requested","timestamp":"2025-09-08T15:55:01.374Z"}
{"level":"info","message":"Returning cached IMD weather data","timestamp":"2025-09-08T15:55:01.374Z"}
{"level":"info","message":"IMD weather data requested","timestamp":"2025-09-08T15:55:05.296Z"}
{"level":"info","message":"Returning cached IMD weather data","timestamp":"2025-09-08T15:55:05.296Z"}
{"level":"info","message":"IMD weather data requested","timestamp":"2025-09-08T15:55:07.199Z"}
{"level":"info","message":"Returning cached IMD weather data","timestamp":"2025-09-08T15:55:07.199Z"}
{"level":"info","message":"IMD weather data requested","timestamp":"2025-09-08T15:55:11.278Z"}
{"level":"info","message":"Returning cached IMD weather data","timestamp":"2025-09-08T15:55:11.278Z"}
{"level":"info","message":"IMD weather data requested","timestamp":"2025-09-08T15:55:21.270Z"}
{"level":"info","message":"Returning cached IMD weather data","timestamp":"2025-09-08T15:55:21.270Z"}
{"level":"info","message":"IMD weather data requested","timestamp":"2025-09-08T15:55:30.215Z"}
{"level":"info","message":"Returning cached IMD weather data","timestamp":"2025-09-08T15:55:30.217Z"}
{"level":"info","message":"IMD weather data requested","timestamp":"2025-09-08T15:55:31.271Z"}
{"level":"info","message":"Returning cached IMD weather data","timestamp":"2025-09-08T15:55:31.272Z"}
{"level":"info","message":"IMD weather data requested","timestamp":"2025-09-08T15:55:41.270Z"}
{"level":"info","message":"Returning cached IMD weather data","timestamp":"2025-09-08T15:55:41.270Z"}
{"level":"info","message":"IMD weather data requested","timestamp":"2025-09-08T15:55:49.338Z"}
{"alerts":1,"conditions":0,"level":"info","message":"IMD weather data scraped successfully","sources":1,"timestamp":"2025-09-08T15:55:50.752Z"}
{"level":"info","message":"IMD weather data requested","timestamp":"2025-09-08T15:55:51.275Z"}
{"level":"info","message":"Returning cached IMD weather data","timestamp":"2025-09-08T15:55:51.276Z"}
{"level":"info","message":"IMD weather data requested","timestamp":"2025-09-08T15:56:01.270Z"}
{"level":"info","message":"Returning cached IMD weather data","timestamp":"2025-09-08T15:56:01.270Z"}
{"level":"info","message":"IMD weather data requested","timestamp":"2025-09-08T15:56:05.281Z"}
{"level":"info","message":"Returning cached IMD weather data","timestamp":"2025-09-08T15:56:05.282Z"}
{"level":"info","message":"IMD weather data requested","timestamp":"2025-09-08T15:56:07.200Z"}
{"level":"info","message":"Returning cached IMD weather data","timestamp":"2025-09-08T15:56:07.200Z"}
{"level":"info","message":"IMD weather data requested","timestamp":"2025-09-08T15:56:11.272Z"}
{"level":"info","message":"Returning cached IMD weather data","timestamp":"2025-09-08T15:56:11.272Z"}
{"level":"info","message":"IMD weather data requested","timestamp":"2025-09-08T15:56:20.201Z"}
{"level":"info","message":"Returning cached IMD weather data","timestamp":"2025-09-08T15:56:20.201Z"}
{"level":"info","message":"IMD weather data requested","timestamp":"2025-09-08T15:56:21.271Z"}
{"level":"info","message":"Returning cached IMD weather data","timestamp":"2025-09-08T15:56:21.271Z"}
{"level":"info","message":"IMD weather data requested","timestamp":"2025-09-08T15:56:31.362Z"}
{"level":"info","message":"Returning cached IMD weather data","timestamp":"2025-09-08T15:56:31.362Z"}
{"level":"info","message":"IMD weather data requested","timestamp":"2025-09-08T15:56:41.272Z"}
{"level":"info","message":"Returning cached IMD weather data","timestamp":"2025-09-08T15:56:41.272Z"}
{"level":"info","message":"IMD weather data requested","timestamp":"2025-09-08T15:56:51.278Z"}
{"level":"info","message":"Returning cached IMD weather data","timestamp":"2025-09-08T15:56:51.278Z"}
{"level":"info","message":"IMD weather data requested","timestamp":"2025-09-08T15:57:13.210Z"}
{"level":"info","message":"Returning cached IMD weather data","timestamp":"2025-09-08T15:57:13.211Z"}
{"level":"info","message":"Fetching current weather for coordinates: 19.076, 72.8777","timestamp":"2025-09-08T15:57:18.156Z"}
{"level":"info","message":"IMD weather data requested","timestamp":"2025-09-08T15:57:18.167Z"}
{"level":"info","message":"Returning cached IMD weather data","timestamp":"2025-09-08T15:57:18.167Z"}
{"level":"info","message":"IMD weather data requested","timestamp":"2025-09-08T15:57:18.173Z"}
{"level":"info","message":"Returning cached IMD weather data","timestamp":"2025-09-08T15:57:18.173Z"}
{"level":"info","message":"IMD weather data requested","timestamp":"2025-09-08T15:57:18.185Z"}
{"level":"info","message":"Returning cached IMD weather data","timestamp":"2025-09-08T15:57:18.185Z"}
{"level":"info","message":"IMD weather data requested","timestamp":"2025-09-08T15:57:18.187Z"}
{"level":"info","message":"Returning cached IMD weather data","timestamp":"2025-09-08T15:57:18.187Z"}
{"level":"info","message":"Retry attempt 1/3 after 1000ms","timestamp":"2025-09-08T15:57:21.684Z"}
{"level":"info","message":"Retry attempt 2/3 after 2000ms","timestamp":"2025-09-08T15:57:24.305Z"}
{"level":"info","message":"IMD weather data requested","timestamp":"2025-09-08T15:57:28.121Z"}
{"level":"info","message":"Returning cached IMD weather data","timestamp":"2025-09-08T15:57:28.121Z"}
{"level":"error","message":"Error fetching current weather:","timestamp":"2025-09-08T15:57:28.792Z"}
{"level":"info","message":"Fetching current weather for coordinates: 19.076, 72.8777","timestamp":"2025-09-08T15:57:28.793Z"}
{"level":"info","message":"Retry attempt 1/3 after 1000ms","timestamp":"2025-09-08T15:57:31.175Z"}
{"level":"info","message":"Retry attempt 2/3 after 2000ms","timestamp":"2025-09-08T15:57:33.050Z"}
{"level":"error","message":"Error fetching current weather:","timestamp":"2025-09-08T15:57:35.313Z"}
{"level":"info","message":"IMD weather data requested","timestamp":"2025-09-08T15:57:38.120Z"}
{"level":"info","message":"Returning cached IMD weather data","timestamp":"2025-09-08T15:57:38.120Z"}
{"level":"info","message":"IMD weather data requested","timestamp":"2025-09-08T15:57:48.127Z"}
{"level":"info","message":"Returning cached IMD weather data","timestamp":"2025-09-08T15:57:48.127Z"}
{"level":"info","message":"IMD weather data requested","timestamp":"2025-09-08T15:57:58.124Z"}
{"level":"info","message":"Returning cached IMD weather data","timestamp":"2025-09-08T15:57:58.125Z"}
{"level":"info","message":"IMD weather data requested","timestamp":"2025-09-08T15:58:08.122Z"}
{"level":"info","message":"Returning cached IMD weather data","timestamp":"2025-09-08T15:58:08.122Z"}
{"level":"info","message":"IMD weather data requested","timestamp":"2025-09-08T15:58:13.220Z"}
{"level":"info","message":"Returning cached IMD weather data","timestamp":"2025-09-08T15:58:13.220Z"}
{"level":"info","message":"IMD weather data requested","timestamp":"2025-09-08T15:58:18.205Z"}
{"level":"info","message":"Returning cached IMD weather data","timestamp":"2025-09-08T15:58:18.205Z"}
{"level":"info","message":"IMD weather data requested","timestamp":"2025-09-08T15:58:28.204Z"}
{"level":"info","message":"Returning cached IMD weather data","timestamp":"2025-09-08T15:58:28.204Z"}
{"level":"info","message":"IMD weather data requested","timestamp":"2025-09-08T15:58:38.208Z"}
{"level":"info","message":"Returning cached IMD weather data","timestamp":"2025-09-08T15:58:38.208Z"}
{"level":"info","message":"IMD weather data requested","timestamp":"2025-09-08T15:58:48.206Z"}
{"level":"info","message":"Returning cached IMD weather data","timestamp":"2025-09-08T15:58:48.206Z"}
{"level":"info","message":"IMD weather data requested","timestamp":"2025-09-08T15:58:58.207Z"}
{"level":"info","message":"Returning cached IMD weather data","timestamp":"2025-09-08T15:58:58.207Z"}
{"level":"info","message":"IMD weather data requested","timestamp":"2025-09-08T15:59:08.209Z"}
{"level":"info","message":"Returning cached IMD weather data","timestamp":"2025-09-08T15:59:08.209Z"}
{"level":"info","message":"IMD weather data requested","timestamp":"2025-09-08T15:59:13.222Z"}
{"level":"info","message":"Returning cached IMD weather data","timestamp":"2025-09-08T15:59:13.222Z"}
{"level":"info","message":"IMD weather data requested","timestamp":"2025-09-08T15:59:18.205Z"}
{"level":"info","message":"Returning cached IMD weather data","timestamp":"2025-09-08T15:59:18.206Z"}
{"level":"info","message":"IMD weather data requested","timestamp":"2025-09-08T15:59:28.209Z"}
{"level":"info","message":"Returning cached IMD weather data","timestamp":"2025-09-08T15:59:28.210Z"}
{"level":"info","message":"IMD weather data requested","timestamp":"2025-09-08T15:59:38.209Z"}
{"level":"info","message":"Returning cached IMD weather data","timestamp":"2025-09-08T15:59:38.209Z"}
{"level":"info","message":"IMD weather data requested","timestamp":"2025-09-08T15:59:54.560Z"}
{"level":"info","message":"Returning cached IMD weather data","timestamp":"2025-09-08T15:59:54.560Z"}
{"level":"info","message":"IMD weather data requested","timestamp":"2025-09-08T15:59:58.124Z"}
{"level":"info","message":"Returning cached IMD weather data","timestamp":"2025-09-08T15:59:58.124Z"}
{"level":"info","message":"IMD weather data requested","timestamp":"2025-09-08T16:00:08.125Z"}
{"level":"info","message":"Returning cached IMD weather data","timestamp":"2025-09-08T16:00:08.125Z"}
{"level":"info","message":"IMD weather data requested","timestamp":"2025-09-08T16:00:13.215Z"}
{"level":"info","message":"Returning cached IMD weather data","timestamp":"2025-09-08T16:00:13.215Z"}
{"level":"info","message":"IMD weather data requested","timestamp":"2025-09-08T16:00:18.121Z"}
{"level":"info","message":"Returning cached IMD weather data","timestamp":"2025-09-08T16:00:18.121Z"}
{"level":"info","message":"IMD weather data requested","timestamp":"2025-09-08T16:00:28.124Z"}
{"level":"info","message":"Returning cached IMD weather data","timestamp":"2025-09-08T16:00:28.124Z"}
{"level":"info","message":"IMD weather data requested","timestamp":"2025-09-08T16:00:38.125Z"}
{"level":"info","message":"Returning cached IMD weather data","timestamp":"2025-09-08T16:00:38.125Z"}
{"level":"info","message":"IMD weather data requested","timestamp":"2025-09-08T16:00:48.124Z"}
{"level":"info","message":"Returning cached IMD weather data","timestamp":"2025-09-08T16:00:48.124Z"}
{"level":"info","message":"IMD weather data requested","timestamp":"2025-09-08T16:00:58.125Z"}
{"alerts":1,"conditions":0,"level":"info","message":"IMD weather data scraped successfully","sources":1,"timestamp":"2025-09-08T16:01:01.865Z"}
{"level":"info","message":"IMD weather data requested","timestamp":"2025-09-08T16:01:08.123Z"}
{"level":"info","message":"Returning cached IMD weather data","timestamp":"2025-09-08T16:01:08.123Z"}
{"level":"info","message":"IMD weather data requested","timestamp":"2025-09-08T16:01:13.213Z"}
{"level":"info","message":"Returning cached IMD weather data","timestamp":"2025-09-08T16:01:13.213Z"}
{"level":"info","message":"IMD weather data requested","timestamp":"2025-09-08T16:01:18.129Z"}
{"level":"info","message":"Returning cached IMD weather data","timestamp":"2025-09-08T16:01:18.129Z"}
{"level":"info","message":"IMD weather data requested","timestamp":"2025-09-08T16:01:28.212Z"}
{"level":"info","message":"Returning cached IMD weather data","timestamp":"2025-09-08T16:01:28.212Z"}
{"level":"info","message":"IMD weather data requested","timestamp":"2025-09-08T16:01:38.213Z"}
{"level":"info","message":"Returning cached IMD weather data","timestamp":"2025-09-08T16:01:38.214Z"}
{"level":"info","message":"IMD weather data requested","timestamp":"2025-09-08T16:01:48.211Z"}
{"level":"info","message":"Returning cached IMD weather data","timestamp":"2025-09-08T16:01:48.211Z"}
{"level":"info","message":"IMD weather data requested","timestamp":"2025-09-08T16:01:58.213Z"}
{"level":"info","message":"Returning cached IMD weather data","timestamp":"2025-09-08T16:01:58.214Z"}
{"level":"info","message":"IMD weather data requested","timestamp":"2025-09-08T16:02:08.217Z"}
{"level":"info","message":"Returning cached IMD weather data","timestamp":"2025-09-08T16:02:08.217Z"}
{"level":"info","message":"IMD weather data requested","timestamp":"2025-09-08T16:02:13.221Z"}
{"level":"info","message":"Returning cached IMD weather data","timestamp":"2025-09-08T16:02:13.221Z"}
{"level":"info","message":"IMD weather data requested","timestamp":"2025-09-08T16:02:18.217Z"}
{"level":"info","message":"Returning cached IMD weather data","timestamp":"2025-09-08T16:02:18.217Z"}
{"level":"info","message":"IMD weather data requested","timestamp":"2025-09-08T16:03:13.219Z"}
{"level":"info","message":"Returning cached IMD weather data","timestamp":"2025-09-08T16:03:13.219Z"}
{"level":"info","message":"IMD weather data requested","timestamp":"2025-09-08T16:03:13.220Z"}
{"level":"info","message":"Returning cached IMD weather data","timestamp":"2025-09-08T16:03:13.220Z"}
{"level":"info","message":"IMD weather data requested","timestamp":"2025-09-08T16:04:13.220Z"}
{"level":"info","message":"Returning cached IMD weather data","timestamp":"2025-09-08T16:04:13.220Z"}
{"level":"info","message":"IMD weather data requested","timestamp":"2025-09-08T16:04:13.221Z"}
{"level":"info","message":"Returning cached IMD weather data","timestamp":"2025-09-08T16:04:13.221Z"}
{"level":"info","message":"IMD weather data requested","timestamp":"2025-09-08T16:05:13.220Z"}
{"level":"info","message":"Returning cached IMD weather data","timestamp":"2025-09-08T16:05:13.220Z"}
{"level":"info","message":"IMD weather data requested","timestamp":"2025-09-08T16:05:13.223Z"}
{"level":"info","message":"Returning cached IMD weather data","timestamp":"2025-09-08T16:05:13.223Z"}
{"level":"info","message":"IMD weather data requested","timestamp":"2025-09-08T16:06:13.223Z"}
{"level":"info","message":"IMD weather data requested","timestamp":"2025-09-08T16:06:13.233Z"}
{"alerts":1,"conditions":0,"level":"info","message":"IMD weather data scraped successfully","sources":1,"timestamp":"2025-09-08T16:06:20.676Z"}
{"alerts":1,"conditions":0,"level":"info","message":"IMD weather data scraped successfully","sources":1,"timestamp":"2025-09-08T16:06:20.722Z"}
{"level":"info","message":"IMD weather data requested","timestamp":"2025-09-08T16:07:13.288Z"}
{"level":"info","message":"Returning cached IMD weather data","timestamp":"2025-09-08T16:07:13.288Z"}
{"level":"info","message":"IMD weather data requested","timestamp":"2025-09-08T16:07:13.290Z"}
{"level":"info","message":"Returning cached IMD weather data","timestamp":"2025-09-08T16:07:13.290Z"}
{"level":"info","message":"IMD weather data requested","timestamp":"2025-09-08T16:07:17.235Z"}
{"level":"info","message":"Returning cached IMD weather data","timestamp":"2025-09-08T16:07:17.235Z"}
{"level":"info","message":"IMD weather data requested","timestamp":"2025-09-08T16:07:44.475Z"}
{"level":"info","message":"Returning cached IMD weather data","timestamp":"2025-09-08T16:07:44.475Z"}
{"level":"info","message":"IMD weather data requested","timestamp":"2025-09-08T16:07:44.477Z"}
{"level":"info","message":"Returning cached IMD weather data","timestamp":"2025-09-08T16:07:44.477Z"}
{"level":"info","message":"IMD weather data requested","timestamp":"2025-09-08T16:08:13.479Z"}
{"level":"info","message":"Returning cached IMD weather data","timestamp":"2025-09-08T16:08:13.479Z"}
{"level":"info","message":"IMD weather data requested","timestamp":"2025-09-08T16:08:13.482Z"}
{"level":"info","message":"Returning cached IMD weather data","timestamp":"2025-09-08T16:08:13.482Z"}
{"level":"info","message":"IMD weather data requested","timestamp":"2025-09-08T16:08:48.482Z"}
{"level":"info","message":"Returning cached IMD weather data","timestamp":"2025-09-08T16:08:48.482Z"}
{"level":"info","message":"IMD weather data requested","timestamp":"2025-09-08T16:08:48.486Z"}
{"level":"info","message":"Returning cached IMD weather data","timestamp":"2025-09-08T16:08:48.487Z"}
{"level":"info","message":"IMD weather data requested","timestamp":"2025-09-08T16:09:13.477Z"}
{"level":"info","message":"Returning cached IMD weather data","timestamp":"2025-09-08T16:09:13.477Z"}
{"level":"info","message":"IMD weather data requested","timestamp":"2025-09-08T16:09:13.479Z"}
{"level":"info","message":"Returning cached IMD weather data","timestamp":"2025-09-08T16:09:13.479Z"}
{"level":"info","message":"IMD weather data requested","timestamp":"2025-09-08T16:09:26.473Z"}
{"level":"info","message":"Returning cached IMD weather data","timestamp":"2025-09-08T16:09:26.474Z"}
{"level":"info","message":"IMD weather data requested","timestamp":"2025-09-08T16:09:26.480Z"}
{"level":"info","message":"Returning cached IMD weather data","timestamp":"2025-09-08T16:09:26.480Z"}
{"level":"info","message":"IMD weather data requested","timestamp":"2025-09-08T16:09:28.475Z"}
{"level":"info","message":"Returning cached IMD weather data","timestamp":"2025-09-08T16:09:28.475Z"}
{"level":"info","message":"IMD weather data requested","timestamp":"2025-09-08T16:09:44.564Z"}
{"level":"info","message":"Returning cached IMD weather data","timestamp":"2025-09-08T16:09:44.565Z"}
{"level":"info","message":"IMD weather data requested","timestamp":"2025-09-08T16:09:44.570Z"}
{"level":"info","message":"Returning cached IMD weather data","timestamp":"2025-09-08T16:09:44.570Z"}
{"level":"info","message":"IMD weather data requested","timestamp":"2025-09-08T16:10:08.528Z"}
{"level":"info","message":"Returning cached IMD weather data","timestamp":"2025-09-08T16:10:08.529Z"}
{"level":"info","message":"IMD weather data requested","timestamp":"2025-09-08T16:10:08.545Z"}
{"level":"info","message":"Returning cached IMD weather data","timestamp":"2025-09-08T16:10:08.546Z"}
{"level":"info","message":"IMD weather data requested","timestamp":"2025-09-08T16:10:33.478Z"}
{"level":"info","message":"Returning cached IMD weather data","timestamp":"2025-09-08T16:10:33.478Z"}
{"level":"info","message":"IMD weather data requested","timestamp":"2025-09-08T16:10:33.484Z"}
{"level":"info","message":"Returning cached IMD weather data","timestamp":"2025-09-08T16:10:33.484Z"}
{"level":"info","message":"IMD weather data requested","timestamp":"2025-09-08T16:10:59.481Z"}
{"level":"info","message":"Returning cached IMD weather data","timestamp":"2025-09-08T16:10:59.481Z"}
{"level":"info","message":"IMD weather data requested","timestamp":"2025-09-08T16:10:59.485Z"}
{"level":"info","message":"Returning cached IMD weather data","timestamp":"2025-09-08T16:10:59.486Z"}
{"level":"info","message":"IMD weather data requested","timestamp":"2025-09-08T16:11:09.492Z"}
{"level":"info","message":"Returning cached IMD weather data","timestamp":"2025-09-08T16:11:09.493Z"}
{"level":"info","message":"IMD weather data requested","timestamp":"2025-09-08T16:11:10.475Z"}
{"level":"info","message":"Returning cached IMD weather data","timestamp":"2025-09-08T16:11:10.475Z"}
{"level":"info","message":"Fetching current weather for coordinates: 19.076, 72.8777","timestamp":"2025-09-08T16:12:06.530Z"}
{"level":"info","message":"IMD weather data requested","timestamp":"2025-09-08T16:12:06.551Z"}
{"alerts":1,"conditions":0,"level":"info","message":"IMD weather data scraped successfully","sources":1,"timestamp":"2025-09-08T16:12:07.593Z"}
{"level":"info","message":"Retry attempt 1/3 after 1000ms","timestamp":"2025-09-08T16:12:07.597Z"}
{"level":"info","message":"IMD weather data requested","timestamp":"2025-09-08T16:12:07.600Z"}
{"level":"info","message":"Returning cached IMD weather data","timestamp":"2025-09-08T16:12:07.600Z"}
{"level":"info","message":"IMD weather data requested","timestamp":"2025-09-08T16:12:07.601Z"}
{"level":"info","message":"Returning cached IMD weather data","timestamp":"2025-09-08T16:12:07.601Z"}
{"level":"info","message":"IMD weather data requested","timestamp":"2025-09-08T16:12:07.603Z"}
{"level":"info","message":"Returning cached IMD weather data","timestamp":"2025-09-08T16:12:07.603Z"}
{"level":"info","message":"Retry attempt 2/3 after 2000ms","timestamp":"2025-09-08T16:12:09.001Z"}
{"level":"error","message":"Error fetching current weather:","timestamp":"2025-09-08T16:12:11.270Z"}
{"level":"info","message":"Fetching current weather for coordinates: 19.076, 72.8777","timestamp":"2025-09-08T16:12:11.273Z"}
{"level":"info","message":"Retry attempt 1/3 after 1000ms","timestamp":"2025-09-08T16:12:12.296Z"}
{"level":"info","message":"IMD weather data requested","timestamp":"2025-09-08T16:12:13.483Z"}
{"level":"info","message":"Returning cached IMD weather data","timestamp":"2025-09-08T16:12:13.483Z"}
{"level":"info","message":"Retry attempt 2/3 after 2000ms","timestamp":"2025-09-08T16:12:13.536Z"}
{"level":"error","message":"Error fetching current weather:","timestamp":"2025-09-08T16:12:15.779Z"}
{"level":"info","message":"IMD weather data requested","timestamp":"2025-09-08T16:12:16.512Z"}
{"level":"info","message":"Returning cached IMD weather data","timestamp":"2025-09-08T16:12:16.512Z"}
{"level":"info","message":"IMD weather data requested","timestamp":"2025-09-08T16:12:26.511Z"}
{"level":"info","message":"Returning cached IMD weather data","timestamp":"2025-09-08T16:12:26.511Z"}
{"level":"info","message":"IMD weather data requested","timestamp":"2025-09-08T16:12:36.516Z"}
{"level":"info","message":"Returning cached IMD weather data","timestamp":"2025-09-08T16:12:36.516Z"}
{"level":"info","message":"IMD weather data requested","timestamp":"2025-09-08T16:12:46.516Z"}
{"level":"info","message":"Returning cached IMD weather data","timestamp":"2025-09-08T16:12:46.516Z"}
{"level":"info","message":"IMD weather data requested","timestamp":"2025-09-08T16:12:56.519Z"}
{"level":"info","message":"Returning cached IMD weather data","timestamp":"2025-09-08T16:12:56.519Z"}
{"level":"info","message":"IMD weather data requested","timestamp":"2025-09-08T16:13:06.518Z"}
{"level":"info","message":"Returning cached IMD weather data","timestamp":"2025-09-08T16:13:06.518Z"}
{"level":"info","message":"IMD weather data requested","timestamp":"2025-09-08T16:13:13.483Z"}
{"level":"info","message":"Returning cached IMD weather data","timestamp":"2025-09-08T16:13:13.483Z"}
{"level":"info","message":"IMD weather data requested","timestamp":"2025-09-08T16:13:16.514Z"}
{"level":"info","message":"Returning cached IMD weather data","timestamp":"2025-09-08T16:13:16.514Z"}
{"level":"info","message":"IMD weather data requested","timestamp":"2025-09-08T16:13:26.514Z"}
{"level":"info","message":"Returning cached IMD weather data","timestamp":"2025-09-08T16:13:26.514Z"}
{"level":"info","message":"IMD weather data requested","timestamp":"2025-09-08T16:13:36.515Z"}
{"level":"info","message":"Returning cached IMD weather data","timestamp":"2025-09-08T16:13:36.515Z"}
{"level":"info","message":"IMD weather data requested","timestamp":"2025-09-08T16:13:47.480Z"}
{"level":"info","message":"Returning cached IMD weather data","timestamp":"2025-09-08T16:13:47.480Z"}
{"level":"info","message":"IMD weather data requested","timestamp":"2025-09-08T16:13:57.480Z"}
{"level":"info","message":"Returning cached IMD weather data","timestamp":"2025-09-08T16:13:57.480Z"}
{"level":"info","message":"IMD weather data requested","timestamp":"2025-09-08T16:14:07.483Z"}
{"level":"info","message":"Returning cached IMD weather data","timestamp":"2025-09-08T16:14:07.483Z"}
{"level":"info","message":"IMD weather data requested","timestamp":"2025-09-08T16:14:13.485Z"}
{"level":"info","message":"Returning cached IMD weather data","timestamp":"2025-09-08T16:14:13.485Z"}
{"level":"info","message":"IMD weather data requested","timestamp":"2025-09-08T16:14:17.480Z"}
{"level":"info","message":"Returning cached IMD weather data","timestamp":"2025-09-08T16:14:17.480Z"}
{"level":"info","message":"IMD weather data requested","timestamp":"2025-09-08T16:14:27.480Z"}
{"level":"info","message":"Returning cached IMD weather data","timestamp":"2025-09-08T16:14:27.480Z"}
{"level":"info","message":"IMD weather data requested","timestamp":"2025-09-08T16:14:37.484Z"}
{"level":"info","message":"Returning cached IMD weather data","timestamp":"2025-09-08T16:14:37.484Z"}
{"level":"info","message":"IMD weather data requested","timestamp":"2025-09-08T16:15:13.485Z"}
{"level":"info","message":"Returning cached IMD weather data","timestamp":"2025-09-08T16:15:13.485Z"}
{"level":"info","message":"IMD weather data requested","timestamp":"2025-09-08T16:15:13.486Z"}
{"level":"info","message":"Returning cached IMD weather data","timestamp":"2025-09-08T16:15:13.486Z"}
{"level":"info","message":"IMD weather data requested","timestamp":"2025-09-08T16:16:13.498Z"}
{"level":"info","message":"Returning cached IMD weather data","timestamp":"2025-09-08T16:16:13.498Z"}
{"level":"info","message":"IMD weather data requested","timestamp":"2025-09-08T16:16:13.502Z"}
{"level":"info","message":"Returning cached IMD weather data","timestamp":"2025-09-08T16:16:13.502Z"}
{"level":"info","message":"IMD weather data requested","timestamp":"2025-09-08T16:17:13.497Z"}
{"level":"info","message":"IMD weather data requested","timestamp":"2025-09-08T16:17:13.522Z"}
{"alerts":1,"conditions":0,"level":"info","message":"IMD weather data scraped successfully","sources":1,"timestamp":"2025-09-08T16:17:14.520Z"}
{"alerts":1,"conditions":0,"level":"info","message":"IMD weather data scraped successfully","sources":1,"timestamp":"2025-09-08T16:17:14.580Z"}
{"level":"info","message":"IMD weather data requested","timestamp":"2025-09-08T16:18:13.492Z"}
{"level":"info","message":"Returning cached IMD weather data","timestamp":"2025-09-08T16:18:13.493Z"}
{"level":"info","message":"IMD weather data requested","timestamp":"2025-09-08T16:18:13.495Z"}
{"level":"info","message":"Returning cached IMD weather data","timestamp":"2025-09-08T16:18:13.495Z"}
{"level":"info","message":"IMD weather data requested","timestamp":"2025-09-08T16:18:59.503Z"}
{"level":"info","message":"Returning cached IMD weather data","timestamp":"2025-09-08T16:18:59.503Z"}
{"level":"info","message":"IMD weather data requested","timestamp":"2025-09-08T16:18:59.507Z"}
{"level":"info","message":"Returning cached IMD weather data","timestamp":"2025-09-08T16:18:59.507Z"}
{"level":"info","message":"IMD weather data requested","timestamp":"2025-09-08T16:19:13.490Z"}
{"level":"info","message":"Returning cached IMD weather data","timestamp":"2025-09-08T16:19:13.490Z"}
{"level":"info","message":"IMD weather data requested","timestamp":"2025-09-08T16:19:13.491Z"}
{"level":"info","message":"Returning cached IMD weather data","timestamp":"2025-09-08T16:19:13.491Z"}
{"level":"info","message":"IMD weather data requested","timestamp":"2025-09-08T16:19:51.727Z"}
{"level":"info","message":"Returning cached IMD weather data","timestamp":"2025-09-08T16:19:51.727Z"}
{"level":"info","message":"IMD weather data requested","timestamp":"2025-09-08T16:19:51.743Z"}
{"level":"info","message":"Returning cached IMD weather data","timestamp":"2025-09-08T16:19:51.744Z"}
{"level":"info","message":"IMD weather data requested","timestamp":"2025-09-08T16:20:01.541Z"}
{"level":"info","message":"Returning cached IMD weather data","timestamp":"2025-09-08T16:20:01.544Z"}
{"level":"info","message":"IMD weather data requested","timestamp":"2025-09-08T16:20:02.504Z"}
{"level":"info","message":"Returning cached IMD weather data","timestamp":"2025-09-08T16:20:02.504Z"}
{"level":"info","message":"IMD weather data requested","timestamp":"2025-09-08T16:20:11.546Z"}
{"level":"info","message":"Returning cached IMD weather data","timestamp":"2025-09-08T16:20:11.549Z"}
{"level":"info","message":"IMD weather data requested","timestamp":"2025-09-08T16:20:12.533Z"}
{"level":"info","message":"Returning cached IMD weather data","timestamp":"2025-09-08T16:20:12.533Z"}
{"level":"info","message":"IMD weather data requested","timestamp":"2025-09-08T16:20:50.508Z"}
{"level":"info","message":"Returning cached IMD weather data","timestamp":"2025-09-08T16:20:50.508Z"}
{"level":"info","message":"IMD weather data requested","timestamp":"2025-09-08T16:20:50.521Z"}
{"level":"info","message":"Returning cached IMD weather data","timestamp":"2025-09-08T16:20:50.521Z"}
{"level":"info","message":"IMD weather data requested","timestamp":"2025-09-08T16:21:01.518Z"}
{"level":"info","message":"Returning cached IMD weather data","timestamp":"2025-09-08T16:21:01.518Z"}
{"level":"info","message":"IMD weather data requested","timestamp":"2025-09-08T16:21:01.537Z"}
{"level":"info","message":"Returning cached IMD weather data","timestamp":"2025-09-08T16:21:01.537Z"}
{"level":"info","message":"IMD weather data requested","timestamp":"2025-09-08T16:21:13.502Z"}
{"level":"info","message":"Returning cached IMD weather data","timestamp":"2025-09-08T16:21:13.502Z"}
{"level":"info","message":"IMD weather data requested","timestamp":"2025-09-08T16:21:13.504Z"}
{"level":"info","message":"Returning cached IMD weather data","timestamp":"2025-09-08T16:21:13.504Z"}
{"level":"info","message":"IMD weather data requested","timestamp":"2025-09-08T16:22:13.504Z"}
{"level":"info","message":"Returning cached IMD weather data","timestamp":"2025-09-08T16:22:13.505Z"}
{"level":"info","message":"Fetching current weather for coordinates: 19.076, 72.8777","timestamp":"2025-09-08T16:22:38.639Z"}
{"level":"info","message":"IMD weather data requested","timestamp":"2025-09-08T16:22:38.760Z"}
{"level":"info","message":"Retry attempt 1/3 after 1000ms","timestamp":"2025-09-08T16:22:48.724Z"}
{"alerts":1,"conditions":0,"level":"info","message":"IMD weather data scraped successfully","sources":0,"timestamp":"2025-09-08T16:22:48.783Z"}
{"level":"info","message":"IMD weather data requested","timestamp":"2025-09-08T16:22:48.789Z"}
{"level":"info","message":"Returning cached IMD weather data","timestamp":"2025-09-08T16:22:48.790Z"}
{"level":"info","message":"IMD weather data requested","timestamp":"2025-09-08T16:22:49.498Z"}
{"level":"info","message":"Returning cached IMD weather data","timestamp":"2025-09-08T16:22:49.498Z"}
{"level":"info","message":"Fetching current weather for coordinates: 19.076, 72.8777","timestamp":"2025-09-08T16:22:58.633Z"}
{"level":"info","message":"IMD weather data requested","timestamp":"2025-09-08T16:22:59.499Z"}
{"level":"info","message":"Returning cached IMD weather data","timestamp":"2025-09-08T16:22:59.499Z"}
{"level":"info","message":"Retry attempt 2/3 after 2000ms","timestamp":"2025-09-08T16:22:59.731Z"}
{"level":"info","message":"Fetching current weather for coordinates: 19.076, 72.8777","timestamp":"2025-09-08T16:23:01.376Z"}
{"level":"info","message":"IMD weather data requested","timestamp":"2025-09-08T16:23:01.384Z"}
{"level":"info","message":"Returning cached IMD weather data","timestamp":"2025-09-08T16:23:01.385Z"}
{"level":"info","message":"IMD weather data requested","timestamp":"2025-09-08T16:23:01.403Z"}
{"level":"info","message":"Returning cached IMD weather data","timestamp":"2025-09-08T16:23:01.404Z"}
{"level":"info","message":"Retry attempt 1/3 after 1000ms","timestamp":"2025-09-08T16:23:08.637Z"}
{"level":"info","message":"IMD weather data requested","timestamp":"2025-09-08T16:23:09.497Z"}
{"level":"info","message":"Returning cached IMD weather data","timestamp":"2025-09-08T16:23:09.498Z"}
{"level":"info","message":"Retry attempt 1/3 after 1000ms","timestamp":"2025-09-08T16:23:11.380Z"}
{"level":"info","message":"IMD weather data requested","timestamp":"2025-09-08T16:23:11.381Z"}
{"level":"info","message":"Returning cached IMD weather data","timestamp":"2025-09-08T16:23:11.381Z"}
{"level":"error","message":"Error fetching current weather:","timestamp":"2025-09-08T16:23:11.734Z"}
{"level":"info","message":"IMD weather data requested","timestamp":"2025-09-08T16:23:19.497Z"}
{"level":"info","message":"Returning cached IMD weather data","timestamp":"2025-09-08T16:23:19.497Z"}
{"level":"info","message":"Retry attempt 2/3 after 2000ms","timestamp":"2025-09-08T16:23:19.642Z"}
{"level":"info","message":"Retry attempt 2/3 after 2000ms","timestamp":"2025-09-08T16:23:22.384Z"}
{"level":"info","message":"Fetching current weather for coordinates: 19.076, 72.8777","timestamp":"2025-09-08T16:23:28.117Z"}
{"level":"info","message":"IMD weather data requested","timestamp":"2025-09-08T16:23:28.129Z"}
{"level":"info","message":"Returning cached IMD weather data","timestamp":"2025-09-08T16:23:28.129Z"}
{"level":"info","message":"IMD weather data requested","timestamp":"2025-09-08T16:23:28.150Z"}
{"level":"info","message":"Returning cached IMD weather data","timestamp":"2025-09-08T16:23:28.150Z"}
{"level":"info","message":"IMD weather data requested","timestamp":"2025-09-08T16:23:29.503Z"}
{"level":"info","message":"Returning cached IMD weather data","timestamp":"2025-09-08T16:23:29.503Z"}
{"level":"error","message":"Error fetching current weather:","timestamp":"2025-09-08T16:23:31.652Z"}
{"level":"error","message":"Error fetching current weather:","timestamp":"2025-09-08T16:23:34.389Z"}
{"level":"info","message":"Retry attempt 1/3 after 1000ms","timestamp":"2025-09-08T16:23:38.127Z"}
{"level":"info","message":"IMD weather data requested","timestamp":"2025-09-08T16:23:38.132Z"}
{"level":"info","message":"Returning cached IMD weather data","timestamp":"2025-09-08T16:23:38.132Z"}
{"level":"info","message":"IMD weather data requested","timestamp":"2025-09-08T16:23:39.500Z"}
{"level":"info","message":"Returning cached IMD weather data","timestamp":"2025-09-08T16:23:39.500Z"}
{"level":"info","message":"IMD weather data requested","timestamp":"2025-09-08T16:23:48.126Z"}
{"level":"info","message":"Returning cached IMD weather data","timestamp":"2025-09-08T16:23:48.127Z"}
{"level":"info","message":"Fetching current weather for coordinates: 19.076, 72.8777","timestamp":"2025-09-08T16:23:48.141Z"}
{"level":"info","message":"Retry attempt 2/3 after 2000ms","timestamp":"2025-09-08T16:23:49.132Z"}
{"level":"info","message":"IMD weather data requested","timestamp":"2025-09-08T16:23:58.123Z"}
{"level":"info","message":"Returning cached IMD weather data","timestamp":"2025-09-08T16:23:58.123Z"}
{"level":"info","message":"Retry attempt 1/3 after 1000ms","timestamp":"2025-09-08T16:23:58.144Z"}
{"level":"error","message":"Error fetching current weather:","timestamp":"2025-09-08T16:24:01.139Z"}
{"level":"info","message":"IMD weather data requested","timestamp":"2025-09-08T16:24:08.128Z"}
{"level":"info","message":"Returning cached IMD weather data","timestamp":"2025-09-08T16:24:08.128Z"}
{"level":"info","message":"Retry attempt 2/3 after 2000ms","timestamp":"2025-09-08T16:24:09.148Z"}
{"level":"info","message":"IMD weather data requested","timestamp":"2025-09-08T16:24:13.498Z"}
{"level":"info","message":"Returning cached IMD weather data","timestamp":"2025-09-08T16:24:13.498Z"}
{"level":"info","message":"IMD weather data requested","timestamp":"2025-09-08T16:24:18.128Z"}
{"level":"info","message":"Returning cached IMD weather data","timestamp":"2025-09-08T16:24:18.128Z"}
{"level":"error","message":"Error fetching current weather:","timestamp":"2025-09-08T16:24:21.154Z"}
{"level":"info","message":"IMD weather data requested","timestamp":"2025-09-08T16:24:28.129Z"}
{"level":"info","message":"Returning cached IMD weather data","timestamp":"2025-09-08T16:24:28.129Z"}
{"level":"info","message":"IMD weather data requested","timestamp":"2025-09-08T16:24:38.129Z"}
{"level":"info","message":"Returning cached IMD weather data","timestamp":"2025-09-08T16:24:38.129Z"}
{"level":"info","message":"IMD weather data requested","timestamp":"2025-09-08T16:24:48.123Z"}
{"level":"info","message":"Returning cached IMD weather data","timestamp":"2025-09-08T16:24:48.123Z"}
{"level":"info","message":"IMD weather data requested","timestamp":"2025-09-08T16:24:58.129Z"}
{"level":"info","message":"Returning cached IMD weather data","timestamp":"2025-09-08T16:24:58.129Z"}
{"level":"info","message":"IMD weather data requested","timestamp":"2025-09-08T16:25:08.129Z"}
{"level":"info","message":"Returning cached IMD weather data","timestamp":"2025-09-08T16:25:08.129Z"}
{"level":"info","message":"IMD weather data requested","timestamp":"2025-09-08T16:25:13.502Z"}
{"level":"info","message":"Returning cached IMD weather data","timestamp":"2025-09-08T16:25:13.503Z"}
{"level":"info","message":"IMD weather data requested","timestamp":"2025-09-08T16:25:18.127Z"}
{"level":"info","message":"Returning cached IMD weather data","timestamp":"2025-09-08T16:25:18.127Z"}
{"level":"info","message":"IMD weather data requested","timestamp":"2025-09-08T16:25:28.131Z"}
{"level":"info","message":"Returning cached IMD weather data","timestamp":"2025-09-08T16:25:28.131Z"}
{"level":"info","message":"IMD weather data requested","timestamp":"2025-09-08T16:25:38.131Z"}
{"level":"info","message":"Returning cached IMD weather data","timestamp":"2025-09-08T16:25:38.131Z"}
{"level":"info","message":"IMD weather data requested","timestamp":"2025-09-08T16:25:48.126Z"}
{"level":"info","message":"Returning cached IMD weather data","timestamp":"2025-09-08T16:25:48.126Z"}
{"level":"info","message":"IMD weather data requested","timestamp":"2025-09-08T16:25:58.125Z"}
{"level":"info","message":"Returning cached IMD weather data","timestamp":"2025-09-08T16:25:58.125Z"}
{"level":"info","message":"IMD weather data requested","timestamp":"2025-09-08T16:26:08.125Z"}
{"level":"info","message":"Returning cached IMD weather data","timestamp":"2025-09-08T16:26:08.125Z"}
{"level":"info","message":"IMD weather data requested","timestamp":"2025-09-08T16:26:13.504Z"}
{"level":"info","message":"Returning cached IMD weather data","timestamp":"2025-09-08T16:26:13.504Z"}
{"level":"info","message":"IMD weather data requested","timestamp":"2025-09-08T16:26:18.131Z"}
{"level":"info","message":"Returning cached IMD weather data","timestamp":"2025-09-08T16:26:18.132Z"}
{"level":"info","message":"IMD weather data requested","timestamp":"2025-09-08T16:26:28.132Z"}
{"level":"info","message":"Returning cached IMD weather data","timestamp":"2025-09-08T16:26:28.132Z"}
{"level":"info","message":"IMD weather data requested","timestamp":"2025-09-08T16:26:38.127Z"}
{"level":"info","message":"Returning cached IMD weather data","timestamp":"2025-09-08T16:26:38.127Z"}
{"level":"info","message":"IMD weather data requested","timestamp":"2025-09-08T16:26:48.128Z"}
{"level":"info","message":"Returning cached IMD weather data","timestamp":"2025-09-08T16:26:48.128Z"}
{"level":"info","message":"IMD weather data requested","timestamp":"2025-09-08T16:26:58.137Z"}
{"level":"info","message":"Returning cached IMD weather data","timestamp":"2025-09-08T16:26:58.137Z"}
{"level":"info","message":"IMD weather data requested","timestamp":"2025-09-08T16:27:08.134Z"}
{"level":"info","message":"Returning cached IMD weather data","timestamp":"2025-09-08T16:27:08.134Z"}
{"level":"info","message":"IMD weather data requested","timestamp":"2025-09-08T16:27:13.511Z"}
{"level":"info","message":"Returning cached IMD weather data","timestamp":"2025-09-08T16:27:13.511Z"}
{"level":"info","message":"IMD weather data requested","timestamp":"2025-09-08T16:27:18.133Z"}
{"level":"info","message":"Returning cached IMD weather data","timestamp":"2025-09-08T16:27:18.133Z"}
{"level":"info","message":"IMD weather data requested","timestamp":"2025-09-08T16:27:28.128Z"}
{"level":"info","message":"Returning cached IMD weather data","timestamp":"2025-09-08T16:27:28.128Z"}
{"level":"info","message":"IMD weather data requested","timestamp":"2025-09-08T16:27:38.129Z"}
{"level":"info","message":"Returning cached IMD weather data","timestamp":"2025-09-08T16:27:38.129Z"}
{"level":"info","message":"IMD weather data requested","timestamp":"2025-09-08T16:27:48.205Z"}
{"level":"info","message":"Returning cached IMD weather data","timestamp":"2025-09-08T16:27:48.205Z"}
{"level":"info","message":"Fetching current weather for coordinates: 19.076, 72.8777","timestamp":"2025-09-08T16:27:52.264Z"}
{"level":"info","message":"IMD weather data requested","timestamp":"2025-09-08T16:27:52.296Z"}
{"alerts":1,"conditions":0,"level":"info","message":"IMD weather data scraped successfully","sources":1,"timestamp":"2025-09-08T16:27:53.377Z"}
{"level":"info","message":"IMD weather data requested","timestamp":"2025-09-08T16:27:53.379Z"}
{"level":"info","message":"Returning cached IMD weather data","timestamp":"2025-09-08T16:27:53.380Z"}
{"level":"info","message":"Retry attempt 1/3 after 1000ms","timestamp":"2025-09-08T16:27:53.671Z"}
{"level":"info","message":"Retry attempt 2/3 after 2000ms","timestamp":"2025-09-08T16:27:54.908Z"}
{"level":"error","message":"Error fetching current weather:","timestamp":"2025-09-08T16:27:57.154Z"}
{"level":"info","message":"Fetching current weather for coordinates: 19.076, 72.8777","timestamp":"2025-09-08T16:27:57.157Z"}
{"level":"info","message":"Retry attempt 1/3 after 1000ms","timestamp":"2025-09-08T16:27:57.390Z"}
{"level":"info","message":"IMD weather data requested","timestamp":"2025-09-08T16:27:58.131Z"}
{"level":"info","message":"Returning cached IMD weather data","timestamp":"2025-09-08T16:27:58.131Z"}
{"level":"info","message":"Retry attempt 2/3 after 2000ms","timestamp":"2025-09-08T16:27:58.633Z"}
{"level":"error","message":"Error fetching current weather:","timestamp":"2025-09-08T16:28:00.858Z"}
{"level":"info","message":"IMD weather data requested","timestamp":"2025-09-08T16:28:02.505Z"}
{"level":"info","message":"Returning cached IMD weather data","timestamp":"2025-09-08T16:28:02.505Z"}
{"level":"info","message":"IMD weather data requested","timestamp":"2025-09-08T16:28:08.131Z"}
{"level":"info","message":"Returning cached IMD weather data","timestamp":"2025-09-08T16:28:08.131Z"}
{"level":"info","message":"IMD weather data requested","timestamp":"2025-09-08T16:28:12.506Z"}
{"level":"info","message":"Returning cached IMD weather data","timestamp":"2025-09-08T16:28:12.506Z"}
{"level":"info","message":"IMD weather data requested","timestamp":"2025-09-08T16:28:18.142Z"}
{"level":"info","message":"Returning cached IMD weather data","timestamp":"2025-09-08T16:28:18.142Z"}
{"level":"info","message":"IMD weather data requested","timestamp":"2025-09-08T16:28:22.517Z"}
{"level":"info","message":"Returning cached IMD weather data","timestamp":"2025-09-08T16:28:22.517Z"}
{"level":"info","message":"IMD weather data requested","timestamp":"2025-09-08T16:28:28.131Z"}
{"level":"info","message":"Returning cached IMD weather data","timestamp":"2025-09-08T16:28:28.131Z"}
{"level":"info","message":"IMD weather data requested","timestamp":"2025-09-08T16:28:32.506Z"}
{"level":"info","message":"Returning cached IMD weather data","timestamp":"2025-09-08T16:28:32.506Z"}
{"level":"info","message":"IMD weather data requested","timestamp":"2025-09-08T16:28:38.130Z"}
{"level":"info","message":"Returning cached IMD weather data","timestamp":"2025-09-08T16:28:38.131Z"}
{"level":"info","message":"IMD weather data requested","timestamp":"2025-09-08T16:28:42.522Z"}
{"level":"info","message":"Returning cached IMD weather data","timestamp":"2025-09-08T16:28:42.523Z"}
{"level":"info","message":"IMD weather data requested","timestamp":"2025-09-08T16:28:48.140Z"}
{"level":"info","message":"Returning cached IMD weather data","timestamp":"2025-09-08T16:28:48.140Z"}
{"level":"info","message":"IMD weather data requested","timestamp":"2025-09-08T16:28:52.511Z"}
{"level":"info","message":"Returning cached IMD weather data","timestamp":"2025-09-08T16:28:52.511Z"}
{"level":"info","message":"IMD weather data requested","timestamp":"2025-09-08T16:28:58.134Z"}
{"level":"info","message":"Returning cached IMD weather data","timestamp":"2025-09-08T16:28:58.134Z"}
{"level":"info","message":"IMD weather data requested","timestamp":"2025-09-08T16:29:08.141Z"}
{"level":"info","message":"Returning cached IMD weather data","timestamp":"2025-09-08T16:29:08.142Z"}
{"level":"info","message":"IMD weather data requested","timestamp":"2025-09-08T16:29:09.514Z"}
{"level":"info","message":"Returning cached IMD weather data","timestamp":"2025-09-08T16:29:09.514Z"}
{"level":"info","message":"IMD weather data requested","timestamp":"2025-09-08T16:29:13.508Z"}
{"level":"info","message":"Returning cached IMD weather data","timestamp":"2025-09-08T16:29:13.508Z"}
{"level":"info","message":"IMD weather data requested","timestamp":"2025-09-08T16:29:18.134Z"}
{"level":"info","message":"Returning cached IMD weather data","timestamp":"2025-09-08T16:29:18.134Z"}
{"level":"info","message":"IMD weather data requested","timestamp":"2025-09-08T16:29:28.137Z"}
{"level":"info","message":"Returning cached IMD weather data","timestamp":"2025-09-08T16:29:28.137Z"}
{"level":"info","message":"IMD weather data requested","timestamp":"2025-09-08T16:29:38.138Z"}
{"level":"info","message":"Returning cached IMD weather data","timestamp":"2025-09-08T16:29:38.138Z"}
{"level":"info","message":"IMD weather data requested","timestamp":"2025-09-08T16:29:48.201Z"}
{"level":"info","message":"Returning cached IMD weather data","timestamp":"2025-09-08T16:29:48.201Z"}
{"level":"info","message":"IMD weather data requested","timestamp":"2025-09-08T16:29:54.535Z"}
{"level":"info","message":"Returning cached IMD weather data","timestamp":"2025-09-08T16:29:54.535Z"}
{"level":"info","message":"IMD weather data requested","timestamp":"2025-09-08T16:29:58.145Z"}
{"level":"info","message":"Returning cached IMD weather data","timestamp":"2025-09-08T16:29:58.145Z"}
{"level":"info","message":"IMD weather data requested","timestamp":"2025-09-08T16:30:08.133Z"}
{"level":"info","message":"Returning cached IMD weather data","timestamp":"2025-09-08T16:30:08.133Z"}
{"level":"info","message":"IMD weather data requested","timestamp":"2025-09-08T16:30:13.513Z"}
{"level":"info","message":"Returning cached IMD weather data","timestamp":"2025-09-08T16:30:13.513Z"}
{"level":"info","message":"IMD weather data requested","timestamp":"2025-09-08T16:30:18.139Z"}
{"level":"info","message":"Returning cached IMD weather data","timestamp":"2025-09-08T16:30:18.139Z"}
{"level":"info","message":"IMD weather data requested","timestamp":"2025-09-08T16:30:28.139Z"}
{"level":"info","message":"Returning cached IMD weather data","timestamp":"2025-09-08T16:30:28.140Z"}
{"level":"info","message":"IMD weather data requested","timestamp":"2025-09-08T16:30:35.515Z"}
{"level":"info","message":"Returning cached IMD weather data","timestamp":"2025-09-08T16:30:35.516Z"}
{"level":"info","message":"IMD weather data requested","timestamp":"2025-09-08T16:30:38.136Z"}
{"level":"info","message":"Returning cached IMD weather data","timestamp":"2025-09-08T16:30:38.136Z"}
{"level":"info","message":"IMD weather data requested","timestamp":"2025-09-08T16:30:48.145Z"}
{"level":"info","message":"Returning cached IMD weather data","timestamp":"2025-09-08T16:30:48.145Z"}
{"level":"info","message":"IMD weather data requested","timestamp":"2025-09-08T16:30:58.154Z"}
{"level":"info","message":"Returning cached IMD weather data","timestamp":"2025-09-08T16:30:58.154Z"}
{"level":"info","message":"IMD weather data requested","timestamp":"2025-09-08T16:30:59.510Z"}
{"level":"info","message":"Returning cached IMD weather data","timestamp":"2025-09-08T16:30:59.510Z"}
{"level":"info","message":"IMD weather data requested","timestamp":"2025-09-08T16:31:08.136Z"}
{"level":"info","message":"Returning cached IMD weather data","timestamp":"2025-09-08T16:31:08.136Z"}
{"level":"info","message":"IMD weather data requested","timestamp":"2025-09-08T16:31:13.523Z"}
{"level":"info","message":"Returning cached IMD weather data","timestamp":"2025-09-08T16:31:13.523Z"}
{"level":"info","message":"IMD weather data requested","timestamp":"2025-09-08T16:31:18.236Z"}
{"level":"info","message":"Returning cached IMD weather data","timestamp":"2025-09-08T16:31:18.236Z"}
{"level":"info","message":"IMD weather data requested","timestamp":"2025-09-08T16:31:28.138Z"}
{"level":"info","message":"Returning cached IMD weather data","timestamp":"2025-09-08T16:31:28.138Z"}
{"level":"info","message":"IMD weather data requested","timestamp":"2025-09-08T16:31:38.137Z"}
{"level":"info","message":"Returning cached IMD weather data","timestamp":"2025-09-08T16:31:38.137Z"}
{"level":"info","message":"IMD weather data requested","timestamp":"2025-09-08T16:31:48.528Z"}
{"level":"info","message":"Returning cached IMD weather data","timestamp":"2025-09-08T16:31:48.528Z"}
{"level":"info","message":"IMD weather data requested","timestamp":"2025-09-08T16:31:58.509Z"}
{"level":"info","message":"Returning cached IMD weather data","timestamp":"2025-09-08T16:31:58.509Z"}
{"level":"info","message":"IMD weather data requested","timestamp":"2025-09-08T16:32:08.520Z"}
{"level":"info","message":"Returning cached IMD weather data","timestamp":"2025-09-08T16:32:08.520Z"}
{"level":"info","message":"IMD weather data requested","timestamp":"2025-09-08T16:32:13.523Z"}
{"level":"info","message":"Returning cached IMD weather data","timestamp":"2025-09-08T16:32:13.523Z"}
{"level":"info","message":"IMD weather data requested","timestamp":"2025-09-08T16:32:18.516Z"}
{"level":"info","message":"Returning cached IMD weather data","timestamp":"2025-09-08T16:32:18.516Z"}
{"level":"info","message":"IMD weather data requested","timestamp":"2025-09-08T16:32:25.555Z"}
{"level":"info","message":"Returning cached IMD weather data","timestamp":"2025-09-08T16:32:25.556Z"}
{"level":"info","message":"IMD weather data requested","timestamp":"2025-09-08T16:32:28.525Z"}
{"level":"info","message":"Returning cached IMD weather data","timestamp":"2025-09-08T16:32:28.525Z"}
{"level":"info","message":"IMD weather data requested","timestamp":"2025-09-08T16:32:38.173Z"}
{"level":"info","message":"Returning cached IMD weather data","timestamp":"2025-09-08T16:32:38.173Z"}
{"level":"info","message":"IMD weather data requested","timestamp":"2025-09-08T16:32:48.515Z"}
{"level":"info","message":"Returning cached IMD weather data","timestamp":"2025-09-08T16:32:48.515Z"}
{"level":"info","message":"IMD weather data requested","timestamp":"2025-09-08T16:32:58.518Z"}
{"alerts":1,"conditions":0,"level":"info","message":"IMD weather data scraped successfully","sources":1,"timestamp":"2025-09-08T16:33:03.911Z"}
{"level":"info","message":"IMD weather data requested","timestamp":"2025-09-08T16:33:08.516Z"}
{"level":"info","message":"Returning cached IMD weather data","timestamp":"2025-09-08T16:33:08.516Z"}
{"level":"info","message":"IMD weather data requested","timestamp":"2025-09-08T16:33:13.547Z"}
{"level":"info","message":"Returning cached IMD weather data","timestamp":"2025-09-08T16:33:13.548Z"}
{"level":"info","message":"IMD weather data requested","timestamp":"2025-09-08T16:33:18.513Z"}
{"level":"info","message":"Returning cached IMD weather data","timestamp":"2025-09-08T16:33:18.513Z"}
{"level":"info","message":"IMD weather data requested","timestamp":"2025-09-08T16:33:22.567Z"}
{"level":"info","message":"Returning cached IMD weather data","timestamp":"2025-09-08T16:33:22.567Z"}
{"level":"info","message":"IMD weather data requested","timestamp":"2025-09-08T16:33:28.514Z"}
{"level":"info","message":"Returning cached IMD weather data","timestamp":"2025-09-08T16:33:28.514Z"}
{"level":"info","message":"IMD weather data requested","timestamp":"2025-09-08T16:33:38.514Z"}
{"level":"info","message":"Returning cached IMD weather data","timestamp":"2025-09-08T16:33:38.514Z"}
{"level":"info","message":"IMD weather data requested","timestamp":"2025-09-08T16:33:41.526Z"}
{"level":"info","message":"Returning cached IMD weather data","timestamp":"2025-09-08T16:33:41.526Z"}
{"level":"info","message":"IMD weather data requested","timestamp":"2025-09-08T16:33:42.543Z"}
{"level":"info","message":"Returning cached IMD weather data","timestamp":"2025-09-08T16:33:42.543Z"}
{"level":"info","message":"IMD weather data requested","timestamp":"2025-09-08T16:33:48.527Z"}
{"level":"info","message":"Returning cached IMD weather data","timestamp":"2025-09-08T16:33:48.527Z"}
{"level":"info","message":"IMD weather data requested","timestamp":"2025-09-08T16:34:06.844Z"}
{"level":"info","message":"Returning cached IMD weather data","timestamp":"2025-09-08T16:34:06.844Z"}
{"level":"info","message":"IMD weather data requested","timestamp":"2025-09-08T16:34:08.144Z"}
{"level":"info","message":"Returning cached IMD weather data","timestamp":"2025-09-08T16:34:08.144Z"}
{"level":"info","message":"IMD weather data requested","timestamp":"2025-09-08T16:34:13.522Z"}
{"level":"info","message":"Returning cached IMD weather data","timestamp":"2025-09-08T16:34:13.522Z"}
{"level":"info","message":"IMD weather data requested","timestamp":"2025-09-08T16:34:18.147Z"}
{"level":"info","message":"Returning cached IMD weather data","timestamp":"2025-09-08T16:34:18.147Z"}
{"level":"info","message":"IMD weather data requested","timestamp":"2025-09-08T16:34:28.147Z"}
{"level":"info","message":"Returning cached IMD weather data","timestamp":"2025-09-08T16:34:28.147Z"}
{"level":"info","message":"IMD weather data requested","timestamp":"2025-09-08T16:34:38.148Z"}
{"level":"info","message":"Returning cached IMD weather data","timestamp":"2025-09-08T16:34:38.148Z"}
{"level":"info","message":"IMD weather data requested","timestamp":"2025-09-08T16:34:48.149Z"}
{"level":"info","message":"Returning cached IMD weather data","timestamp":"2025-09-08T16:34:48.150Z"}
{"level":"info","message":"IMD weather data requested","timestamp":"2025-09-08T16:34:58.516Z"}
{"level":"info","message":"Returning cached IMD weather data","timestamp":"2025-09-08T16:34:58.516Z"}
{"level":"info","message":"IMD weather data requested","timestamp":"2025-09-08T16:35:08.523Z"}
{"level":"info","message":"Returning cached IMD weather data","timestamp":"2025-09-08T16:35:08.523Z"}
{"level":"info","message":"IMD weather data requested","timestamp":"2025-09-08T16:35:13.524Z"}
{"level":"info","message":"Returning cached IMD weather data","timestamp":"2025-09-08T16:35:13.524Z"}
{"level":"info","message":"IMD weather data requested","timestamp":"2025-09-08T16:35:18.522Z"}
{"level":"info","message":"Returning cached IMD weather data","timestamp":"2025-09-08T16:35:18.522Z"}
{"level":"info","message":"IMD weather data requested","timestamp":"2025-09-08T16:35:28.522Z"}
{"level":"info","message":"Returning cached IMD weather data","timestamp":"2025-09-08T16:35:28.522Z"}
{"level":"info","message":"IMD weather data requested","timestamp":"2025-09-08T16:35:38.521Z"}
{"level":"info","message":"Returning cached IMD weather data","timestamp":"2025-09-08T16:35:38.522Z"}
{"level":"info","message":"IMD weather data requested","timestamp":"2025-09-08T16:35:48.523Z"}
{"level":"info","message":"Returning cached IMD weather data","timestamp":"2025-09-08T16:35:48.523Z"}
{"level":"info","message":"IMD weather data requested","timestamp":"2025-09-08T16:36:13.524Z"}
{"level":"info","message":"Returning cached IMD weather data","timestamp":"2025-09-08T16:36:13.524Z"}
{"level":"info","message":"IMD weather data requested","timestamp":"2025-09-08T16:36:13.525Z"}
{"level":"info","message":"Returning cached IMD weather data","timestamp":"2025-09-08T16:36:13.525Z"}
{"level":"info","message":"IMD weather data requested","timestamp":"2025-09-08T16:37:13.527Z"}
{"level":"info","message":"Returning cached IMD weather data","timestamp":"2025-09-08T16:37:13.527Z"}
{"level":"info","message":"IMD weather data requested","timestamp":"2025-09-08T16:37:13.532Z"}
{"level":"info","message":"Returning cached IMD weather data","timestamp":"2025-09-08T16:37:13.532Z"}
{"level":"info","message":"IMD weather data requested","timestamp":"2025-09-08T16:38:13.533Z"}
{"level":"info","message":"IMD weather data requested","timestamp":"2025-09-08T16:38:13.541Z"}
{"alerts":1,"conditions":0,"level":"info","message":"IMD weather data scraped successfully","sources":1,"timestamp":"2025-09-08T16:38:16.095Z"}
{"alerts":1,"conditions":0,"level":"info","message":"IMD weather data scraped successfully","sources":1,"timestamp":"2025-09-08T16:38:16.165Z"}
{"level":"info","message":"IMD weather data requested","timestamp":"2025-09-08T16:39:03.535Z"}
{"level":"info","message":"Returning cached IMD weather data","timestamp":"2025-09-08T16:39:03.535Z"}
{"level":"info","message":"IMD weather data requested","timestamp":"2025-09-08T16:39:13.537Z"}
{"level":"info","message":"Returning cached IMD weather data","timestamp":"2025-09-08T16:39:13.537Z"}
{"level":"info","message":"IMD weather data requested","timestamp":"2025-09-08T16:39:13.541Z"}
{"level":"info","message":"Returning cached IMD weather data","timestamp":"2025-09-08T16:39:13.541Z"}
{"level":"info","message":"IMD weather data requested","timestamp":"2025-09-08T16:40:13.540Z"}
{"level":"info","message":"Returning cached IMD weather data","timestamp":"2025-09-08T16:40:13.540Z"}
{"level":"info","message":"IMD weather data requested","timestamp":"2025-09-08T16:40:13.542Z"}
{"level":"info","message":"Returning cached IMD weather data","timestamp":"2025-09-08T16:40:13.542Z"}
{"level":"info","message":"IMD weather data requested","timestamp":"2025-09-08T16:40:52.594Z"}
{"level":"info","message":"Returning cached IMD weather data","timestamp":"2025-09-08T16:40:52.594Z"}
{"level":"info","message":"IMD weather data requested","timestamp":"2025-09-08T16:40:58.159Z"}
{"level":"info","message":"Returning cached IMD weather data","timestamp":"2025-09-08T16:40:58.159Z"}
{"level":"info","message":"IMD weather data requested","timestamp":"2025-09-08T16:41:08.533Z"}
{"level":"info","message":"Returning cached IMD weather data","timestamp":"2025-09-08T16:41:08.533Z"}
{"level":"info","message":"IMD weather data requested","timestamp":"2025-09-08T16:41:13.544Z"}
{"level":"info","message":"Returning cached IMD weather data","timestamp":"2025-09-08T16:41:13.544Z"}
{"level":"info","message":"IMD weather data requested","timestamp":"2025-09-08T16:41:18.533Z"}
{"level":"info","message":"Returning cached IMD weather data","timestamp":"2025-09-08T16:41:18.533Z"}
{"level":"info","message":"IMD weather data requested","timestamp":"2025-09-08T16:41:28.528Z"}
{"level":"info","message":"Returning cached IMD weather data","timestamp":"2025-09-08T16:41:28.528Z"}
{"level":"info","message":"IMD weather data requested","timestamp":"2025-09-08T16:41:38.531Z"}
{"level":"info","message":"Returning cached IMD weather data","timestamp":"2025-09-08T16:41:38.531Z"}
{"level":"info","message":"IMD weather data requested","timestamp":"2025-09-08T16:41:48.531Z"}
{"level":"info","message":"Returning cached IMD weather data","timestamp":"2025-09-08T16:41:48.531Z"}
{"level":"info","message":"IMD weather data requested","timestamp":"2025-09-08T16:41:58.158Z"}
{"level":"info","message":"Returning cached IMD weather data","timestamp":"2025-09-08T16:41:58.158Z"}
{"level":"info","message":"IMD weather data requested","timestamp":"2025-09-08T16:42:08.158Z"}
{"level":"info","message":"Returning cached IMD weather data","timestamp":"2025-09-08T16:42:08.158Z"}
{"level":"info","message":"IMD weather data requested","timestamp":"2025-09-08T16:42:13.534Z"}
{"level":"info","message":"Returning cached IMD weather data","timestamp":"2025-09-08T16:42:13.534Z"}
{"level":"info","message":"IMD weather data requested","timestamp":"2025-09-08T16:42:18.159Z"}
{"level":"info","message":"Returning cached IMD weather data","timestamp":"2025-09-08T16:42:18.159Z"}
{"level":"info","message":"IMD weather data requested","timestamp":"2025-09-08T16:42:28.163Z"}
{"level":"info","message":"Returning cached IMD weather data","timestamp":"2025-09-08T16:42:28.163Z"}
{"level":"info","message":"IMD weather data requested","timestamp":"2025-09-08T16:42:38.183Z"}
{"level":"info","message":"Returning cached IMD weather data","timestamp":"2025-09-08T16:42:38.183Z"}
{"level":"info","message":"IMD weather data requested","timestamp":"2025-09-08T16:42:48.162Z"}
{"level":"info","message":"Returning cached IMD weather data","timestamp":"2025-09-08T16:42:48.162Z"}
{"level":"info","message":"IMD weather data requested","timestamp":"2025-09-08T16:42:58.159Z"}
{"level":"info","message":"Returning cached IMD weather data","timestamp":"2025-09-08T16:42:58.160Z"}
{"level":"info","message":"IMD weather data requested","timestamp":"2025-09-08T16:43:08.176Z"}
{"level":"info","message":"Returning cached IMD weather data","timestamp":"2025-09-08T16:43:08.177Z"}
{"level":"info","message":"IMD weather data requested","timestamp":"2025-09-08T16:43:13.540Z"}
{"level":"info","message":"Returning cached IMD weather data","timestamp":"2025-09-08T16:43:13.540Z"}
{"level":"info","message":"Fetching current weather for coordinates: 19.076, 72.8777","timestamp":"2025-09-08T16:43:25.296Z"}
{"level":"info","message":"IMD weather data requested","timestamp":"2025-09-08T16:43:25.327Z"}
{"level":"info","message":"Retry attempt 1/3 after 1000ms","timestamp":"2025-09-08T16:43:26.433Z"}
{"level":"info","message":"Retry attempt 2/3 after 2000ms","timestamp":"2025-09-08T16:43:27.683Z"}
{"level":"error","message":"Error fetching current weather:","timestamp":"2025-09-08T16:43:29.923Z"}
{"level":"info","message":"Fetching current weather for coordinates: 19.076, 72.8777","timestamp":"2025-09-08T16:43:29.926Z"}
{"level":"info","message":"Retry attempt 1/3 after 1000ms","timestamp":"2025-09-08T16:43:30.170Z"}
{"alerts":1,"conditions":0,"level":"info","message":"IMD weather data scraped successfully","sources":1,"timestamp":"2025-09-08T16:43:30.967Z"}
{"level":"info","message":"IMD weather data requested","timestamp":"2025-09-08T16:43:30.970Z"}
{"level":"info","message":"Returning cached IMD weather data","timestamp":"2025-09-08T16:43:30.970Z"}
{"level":"info","message":"Retry attempt 2/3 after 2000ms","timestamp":"2025-09-08T16:43:31.411Z"}
{"level":"error","message":"Error fetching current weather:","timestamp":"2025-09-08T16:43:33.657Z"}
{"level":"info","message":"IMD weather data requested","timestamp":"2025-09-08T16:43:35.286Z"}
{"level":"info","message":"Returning cached IMD weather data","timestamp":"2025-09-08T16:43:35.286Z"}
{"level":"info","message":"IMD weather data requested","timestamp":"2025-09-08T16:43:45.285Z"}
{"level":"info","message":"Returning cached IMD weather data","timestamp":"2025-09-08T16:43:45.285Z"}
{"level":"info","message":"IMD weather data requested","timestamp":"2025-09-08T16:43:55.283Z"}
{"level":"info","message":"Returning cached IMD weather data","timestamp":"2025-09-08T16:43:55.283Z"}
{"level":"info","message":"IMD weather data requested","timestamp":"2025-09-08T16:44:05.288Z"}
{"level":"info","message":"Returning cached IMD weather data","timestamp":"2025-09-08T16:44:05.288Z"}
{"level":"info","message":"IMD weather data requested","timestamp":"2025-09-08T16:44:13.546Z"}
{"level":"info","message":"Returning cached IMD weather data","timestamp":"2025-09-08T16:44:13.546Z"}
{"level":"info","message":"IMD weather data requested","timestamp":"2025-09-08T16:44:15.294Z"}
{"level":"info","message":"Returning cached IMD weather data","timestamp":"2025-09-08T16:44:15.294Z"}
{"level":"info","message":"IMD weather data requested","timestamp":"2025-09-08T16:44:25.289Z"}
{"level":"info","message":"Returning cached IMD weather data","timestamp":"2025-09-08T16:44:25.289Z"}
{"level":"info","message":"IMD weather data requested","timestamp":"2025-09-08T16:44:35.291Z"}
{"level":"info","message":"Returning cached IMD weather data","timestamp":"2025-09-08T16:44:35.292Z"}
{"level":"info","message":"IMD weather data requested","timestamp":"2025-09-08T16:44:45.290Z"}
{"level":"info","message":"Returning cached IMD weather data","timestamp":"2025-09-08T16:44:45.290Z"}
{"level":"info","message":"IMD weather data requested","timestamp":"2025-09-08T16:44:55.290Z"}
{"level":"info","message":"Returning cached IMD weather data","timestamp":"2025-09-08T16:44:55.291Z"}
{"level":"info","message":"IMD weather data requested","timestamp":"2025-09-08T16:45:05.289Z"}
{"level":"info","message":"Returning cached IMD weather data","timestamp":"2025-09-08T16:45:05.289Z"}
{"level":"info","message":"IMD weather data requested","timestamp":"2025-09-08T16:45:13.546Z"}
{"level":"info","message":"Returning cached IMD weather data","timestamp":"2025-09-08T16:45:13.546Z"}
{"level":"info","message":"IMD weather data requested","timestamp":"2025-09-08T16:45:15.293Z"}
{"level":"info","message":"Returning cached IMD weather data","timestamp":"2025-09-08T16:45:15.294Z"}
{"level":"info","message":"IMD weather data requested","timestamp":"2025-09-08T16:45:25.286Z"}
{"level":"info","message":"Returning cached IMD weather data","timestamp":"2025-09-08T16:45:25.286Z"}
{"level":"info","message":"IMD weather data requested","timestamp":"2025-09-08T16:45:35.287Z"}
{"level":"info","message":"Returning cached IMD weather data","timestamp":"2025-09-08T16:45:35.287Z"}
{"level":"info","message":"IMD weather data requested","timestamp":"2025-09-08T16:45:45.293Z"}
{"level":"info","message":"Returning cached IMD weather data","timestamp":"2025-09-08T16:45:45.293Z"}
{"level":"info","message":"IMD weather data requested","timestamp":"2025-09-08T16:45:55.293Z"}
{"level":"info","message":"Returning cached IMD weather data","timestamp":"2025-09-08T16:45:55.293Z"}
{"level":"info","message":"IMD weather data requested","timestamp":"2025-09-08T16:46:05.293Z"}
{"level":"info","message":"Returning cached IMD weather data","timestamp":"2025-09-08T16:46:05.293Z"}
{"level":"info","message":"IMD weather data requested","timestamp":"2025-09-08T16:46:13.562Z"}
{"level":"info","message":"Returning cached IMD weather data","timestamp":"2025-09-08T16:46:13.562Z"}
{"level":"info","message":"IMD weather data requested","timestamp":"2025-09-08T16:46:15.288Z"}
{"level":"info","message":"Returning cached IMD weather data","timestamp":"2025-09-08T16:46:15.288Z"}
{"level":"info","message":"IMD weather data requested","timestamp":"2025-09-08T16:46:25.287Z"}
{"level":"info","message":"Returning cached IMD weather data","timestamp":"2025-09-08T16:46:25.287Z"}
{"level":"info","message":"IMD weather data requested","timestamp":"2025-09-08T16:46:35.325Z"}
{"level":"info","message":"Returning cached IMD weather data","timestamp":"2025-09-08T16:46:35.325Z"}
{"level":"info","message":"IMD weather data requested","timestamp":"2025-09-08T16:46:45.289Z"}
{"level":"info","message":"Returning cached IMD weather data","timestamp":"2025-09-08T16:46:45.289Z"}
{"level":"info","message":"IMD weather data requested","timestamp":"2025-09-08T16:46:55.290Z"}
{"level":"info","message":"Returning cached IMD weather data","timestamp":"2025-09-08T16:46:55.290Z"}
{"level":"info","message":"IMD weather data requested","timestamp":"2025-09-08T16:47:05.371Z"}
{"level":"info","message":"Returning cached IMD weather data","timestamp":"2025-09-08T16:47:05.371Z"}
{"level":"info","message":"IMD weather data requested","timestamp":"2025-09-08T16:47:13.558Z"}
{"level":"info","message":"Returning cached IMD weather data","timestamp":"2025-09-08T16:47:13.558Z"}
{"level":"info","message":"IMD weather data requested","timestamp":"2025-09-08T16:47:15.297Z"}
{"level":"info","message":"Returning cached IMD weather data","timestamp":"2025-09-08T16:47:15.297Z"}
{"level":"info","message":"IMD weather data requested","timestamp":"2025-09-08T16:47:25.386Z"}
{"level":"info","message":"Returning cached IMD weather data","timestamp":"2025-09-08T16:47:25.386Z"}
{"level":"info","message":"IMD weather data requested","timestamp":"2025-09-08T16:47:35.363Z"}
{"level":"info","message":"Returning cached IMD weather data","timestamp":"2025-09-08T16:47:35.364Z"}
{"level":"info","message":"IMD weather data requested","timestamp":"2025-09-08T16:47:45.293Z"}
{"level":"info","message":"Returning cached IMD weather data","timestamp":"2025-09-08T16:47:45.293Z"}
{"level":"info","message":"IMD weather data requested","timestamp":"2025-09-08T16:47:55.291Z"}
{"level":"info","message":"Returning cached IMD weather data","timestamp":"2025-09-08T16:47:55.291Z"}
{"level":"info","message":"IMD weather data requested","timestamp":"2025-09-08T16:48:05.303Z"}
{"level":"info","message":"Returning cached IMD weather data","timestamp":"2025-09-08T16:48:05.303Z"}
{"level":"info","message":"IMD weather data requested","timestamp":"2025-09-08T16:48:13.559Z"}
{"level":"info","message":"Returning cached IMD weather data","timestamp":"2025-09-08T16:48:13.559Z"}
{"level":"info","message":"IMD weather data requested","timestamp":"2025-09-08T16:48:15.292Z"}
{"level":"info","message":"Returning cached IMD weather data","timestamp":"2025-09-08T16:48:15.292Z"}
{"level":"info","message":"IMD weather data requested","timestamp":"2025-09-08T16:48:25.545Z"}
{"level":"info","message":"Returning cached IMD weather data","timestamp":"2025-09-08T16:48:25.545Z"}
{"level":"info","message":"IMD weather data requested","timestamp":"2025-09-08T16:48:35.552Z"}
{"alerts":1,"conditions":0,"level":"info","message":"IMD weather data scraped successfully","sources":1,"timestamp":"2025-09-08T16:48:37.108Z"}
{"level":"info","message":"IMD weather data requested","timestamp":"2025-09-08T16:48:45.541Z"}
{"level":"info","message":"Returning cached IMD weather data","timestamp":"2025-09-08T16:48:45.541Z"}
{"level":"info","message":"IMD weather data requested","timestamp":"2025-09-08T16:48:55.173Z"}
{"level":"info","message":"Returning cached IMD weather data","timestamp":"2025-09-08T16:48:55.173Z"}
{"level":"info","message":"IMD weather data requested","timestamp":"2025-09-08T16:49:05.176Z"}
{"level":"info","message":"Returning cached IMD weather data","timestamp":"2025-09-08T16:49:05.176Z"}
{"level":"info","message":"IMD weather data requested","timestamp":"2025-09-08T16:49:13.434Z"}
{"level":"info","message":"Returning cached IMD weather data","timestamp":"2025-09-08T16:49:13.434Z"}
{"level":"info","message":"Fetching current weather for coordinates: 19.076, 72.8777","timestamp":"2025-09-08T16:49:22.775Z"}
{"level":"info","message":"IMD weather data requested","timestamp":"2025-09-08T16:49:22.787Z"}
{"level":"info","message":"Returning cached IMD weather data","timestamp":"2025-09-08T16:49:22.788Z"}
{"level":"info","message":"IMD weather data requested","timestamp":"2025-09-08T16:49:22.801Z"}
{"level":"info","message":"Returning cached IMD weather data","timestamp":"2025-09-08T16:49:22.801Z"}
{"level":"info","message":"Retry attempt 1/3 after 1000ms","timestamp":"2025-09-08T16:49:24.083Z"}
{"level":"info","message":"Retry attempt 2/3 after 2000ms","timestamp":"2025-09-08T16:49:27.197Z"}
{"level":"error","message":"Error fetching current weather:","timestamp":"2025-09-08T16:49:29.563Z"}
{"level":"info","message":"Fetching current weather for coordinates: 19.076, 72.8777","timestamp":"2025-09-08T16:49:29.566Z"}
{"level":"info","message":"Retry attempt 1/3 after 1000ms","timestamp":"2025-09-08T16:49:29.799Z"}
{"level":"info","message":"Retry attempt 2/3 after 2000ms","timestamp":"2025-09-08T16:49:31.042Z"}
{"level":"info","message":"IMD weather data requested","timestamp":"2025-09-08T16:49:32.695Z"}
{"level":"info","message":"Returning cached IMD weather data","timestamp":"2025-09-08T16:49:32.695Z"}
{"level":"error","message":"Error fetching current weather:","timestamp":"2025-09-08T16:49:33.318Z"}
{"level":"info","message":"IMD weather data requested","timestamp":"2025-09-08T16:49:42.698Z"}
{"level":"info","message":"Returning cached IMD weather data","timestamp":"2025-09-08T16:49:42.698Z"}
{"level":"info","message":"IMD weather data requested","timestamp":"2025-09-08T16:49:52.687Z"}
{"level":"info","message":"Returning cached IMD weather data","timestamp":"2025-09-08T16:49:52.687Z"}
{"level":"info","message":"IMD weather data requested","timestamp":"2025-09-08T16:50:02.693Z"}
{"level":"info","message":"Returning cached IMD weather data","timestamp":"2025-09-08T16:50:02.693Z"}
{"level":"info","message":"Fetching current weather for coordinates: 19.076, 72.8777","timestamp":"2025-09-08T16:50:12.818Z"}
{"level":"info","message":"IMD weather data requested","timestamp":"2025-09-08T16:50:12.823Z"}
{"level":"info","message":"Returning cached IMD weather data","timestamp":"2025-09-08T16:50:12.823Z"}
{"level":"info","message":"IMD weather data requested","timestamp":"2025-09-08T16:50:12.831Z"}
{"level":"info","message":"Returning cached IMD weather data","timestamp":"2025-09-08T16:50:12.831Z"}
{"level":"info","message":"IMD weather data requested","timestamp":"2025-09-08T16:50:13.420Z"}
{"level":"info","message":"Returning cached IMD weather data","timestamp":"2025-09-08T16:50:13.420Z"}
{"level":"info","message":"IMD weather data requested","timestamp":"2025-09-08T16:50:13.429Z"}
{"level":"info","message":"Returning cached IMD weather data","timestamp":"2025-09-08T16:50:13.429Z"}
{"level":"info","message":"Retry attempt 1/3 after 1000ms","timestamp":"2025-09-08T16:50:13.712Z"}
{"level":"info","message":"Retry attempt 2/3 after 2000ms","timestamp":"2025-09-08T16:50:14.961Z"}
{"level":"error","message":"Error fetching current weather:","timestamp":"2025-09-08T16:50:17.230Z"}
{"level":"info","message":"Fetching current weather for coordinates: 19.076, 72.8777","timestamp":"2025-09-08T16:50:17.237Z"}
{"level":"info","message":"Retry attempt 1/3 after 1000ms","timestamp":"2025-09-08T16:50:17.489Z"}
{"level":"info","message":"Retry attempt 2/3 after 2000ms","timestamp":"2025-09-08T16:50:18.729Z"}
{"level":"error","message":"Error fetching current weather:","timestamp":"2025-09-08T16:50:21.090Z"}
{"level":"info","message":"IMD weather data requested","timestamp":"2025-09-08T16:50:22.802Z"}
{"level":"info","message":"Returning cached IMD weather data","timestamp":"2025-09-08T16:50:22.802Z"}
{"level":"info","message":"IMD weather data requested","timestamp":"2025-09-08T16:50:23.423Z"}
{"level":"info","message":"Returning cached IMD weather data","timestamp":"2025-09-08T16:50:23.423Z"}
{"level":"info","message":"IMD weather data requested","timestamp":"2025-09-08T16:50:32.692Z"}
{"level":"info","message":"Returning cached IMD weather data","timestamp":"2025-09-08T16:50:32.693Z"}
{"level":"info","message":"IMD weather data requested","timestamp":"2025-09-08T16:50:33.428Z"}
{"level":"info","message":"Returning cached IMD weather data","timestamp":"2025-09-08T16:50:33.428Z"}
{"level":"info","message":"IMD weather data requested","timestamp":"2025-09-08T16:50:42.693Z"}
{"level":"info","message":"Returning cached IMD weather data","timestamp":"2025-09-08T16:50:42.693Z"}
{"level":"info","message":"IMD weather data requested","timestamp":"2025-09-08T16:50:43.425Z"}
{"level":"info","message":"Returning cached IMD weather data","timestamp":"2025-09-08T16:50:43.426Z"}
{"level":"info","message":"IMD weather data requested","timestamp":"2025-09-08T16:50:52.693Z"}
{"level":"info","message":"Returning cached IMD weather data","timestamp":"2025-09-08T16:50:52.694Z"}
{"level":"info","message":"IMD weather data requested","timestamp":"2025-09-08T16:50:53.422Z"}
{"level":"info","message":"Returning cached IMD weather data","timestamp":"2025-09-08T16:50:53.422Z"}
{"level":"info","message":"IMD weather data requested","timestamp":"2025-09-08T16:51:02.687Z"}
{"level":"info","message":"Returning cached IMD weather data","timestamp":"2025-09-08T16:51:02.687Z"}
{"level":"info","message":"IMD weather data requested","timestamp":"2025-09-08T16:51:03.424Z"}
{"level":"info","message":"Returning cached IMD weather data","timestamp":"2025-09-08T16:51:03.424Z"}
{"level":"info","message":"IMD weather data requested","timestamp":"2025-09-08T16:51:12.687Z"}
{"level":"info","message":"Returning cached IMD weather data","timestamp":"2025-09-08T16:51:12.687Z"}
{"level":"info","message":"IMD weather data requested","timestamp":"2025-09-08T16:51:13.427Z"}
{"level":"info","message":"Returning cached IMD weather data","timestamp":"2025-09-08T16:51:13.428Z"}
{"level":"info","message":"IMD weather data requested","timestamp":"2025-09-08T16:51:13.430Z"}
{"level":"info","message":"Returning cached IMD weather data","timestamp":"2025-09-08T16:51:13.430Z"}
{"level":"info","message":"IMD weather data requested","timestamp":"2025-09-08T16:51:22.693Z"}
{"level":"info","message":"Returning cached IMD weather data","timestamp":"2025-09-08T16:51:22.693Z"}
{"level":"info","message":"IMD weather data requested","timestamp":"2025-09-08T16:51:23.424Z"}
{"level":"info","message":"Returning cached IMD weather data","timestamp":"2025-09-08T16:51:23.424Z"}
{"level":"info","message":"IMD weather data requested","timestamp":"2025-09-08T16:51:32.687Z"}
{"level":"info","message":"Returning cached IMD weather data","timestamp":"2025-09-08T16:51:32.687Z"}
{"level":"info","message":"IMD weather data requested","timestamp":"2025-09-08T16:51:42.690Z"}
{"level":"info","message":"Returning cached IMD weather data","timestamp":"2025-09-08T16:51:42.690Z"}
{"level":"info","message":"IMD weather data requested","timestamp":"2025-09-08T16:51:52.711Z"}
{"level":"info","message":"Returning cached IMD weather data","timestamp":"2025-09-08T16:51:52.712Z"}
{"level":"info","message":"IMD weather data requested","timestamp":"2025-09-08T16:52:02.688Z"}
{"level":"info","message":"Returning cached IMD weather data","timestamp":"2025-09-08T16:52:02.688Z"}
{"level":"info","message":"IMD weather data requested","timestamp":"2025-09-08T16:52:05.334Z"}
{"level":"info","message":"Returning cached IMD weather data","timestamp":"2025-09-08T16:52:05.334Z"}
{"level":"info","message":"IMD weather data requested","timestamp":"2025-09-08T16:52:12.692Z"}
{"level":"info","message":"Returning cached IMD weather data","timestamp":"2025-09-08T16:52:12.693Z"}
{"level":"info","message":"IMD weather data requested","timestamp":"2025-09-08T16:52:13.430Z"}
{"level":"info","message":"Returning cached IMD weather data","timestamp":"2025-09-08T16:52:13.430Z"}
{"level":"info","message":"IMD weather data requested","timestamp":"2025-09-08T16:52:13.431Z"}
{"level":"info","message":"Returning cached IMD weather data","timestamp":"2025-09-08T16:52:13.431Z"}
{"level":"info","message":"IMD weather data requested","timestamp":"2025-09-08T16:52:22.693Z"}
{"level":"info","message":"Returning cached IMD weather data","timestamp":"2025-09-08T16:52:22.693Z"}
{"level":"info","message":"IMD weather data requested","timestamp":"2025-09-08T16:52:29.191Z"}
{"level":"info","message":"Returning cached IMD weather data","timestamp":"2025-09-08T16:52:29.191Z"}
{"level":"info","message":"IMD weather data requested","timestamp":"2025-09-08T16:52:32.694Z"}
{"level":"info","message":"Returning cached IMD weather data","timestamp":"2025-09-08T16:52:32.694Z"}
{"level":"info","message":"IMD weather data requested","timestamp":"2025-09-08T16:52:42.688Z"}
{"level":"info","message":"Returning cached IMD weather data","timestamp":"2025-09-08T16:52:42.688Z"}
{"level":"info","message":"IMD weather data requested","timestamp":"2025-09-08T16:52:52.686Z"}
{"level":"info","message":"Returning cached IMD weather data","timestamp":"2025-09-08T16:52:52.686Z"}
{"level":"info","message":"IMD weather data requested","timestamp":"2025-09-08T16:53:02.688Z"}
{"level":"info","message":"Returning cached IMD weather data","timestamp":"2025-09-08T16:53:02.688Z"}
{"level":"info","message":"IMD weather data requested","timestamp":"2025-09-08T16:53:12.699Z"}
{"level":"info","message":"Returning cached IMD weather data","timestamp":"2025-09-08T16:53:12.699Z"}
{"level":"info","message":"IMD weather data requested","timestamp":"2025-09-08T16:53:13.427Z"}
{"level":"info","message":"Returning cached IMD weather data","timestamp":"2025-09-08T16:53:13.427Z"}
{"level":"info","message":"IMD weather data requested","timestamp":"2025-09-08T16:53:13.428Z"}
{"level":"info","message":"Returning cached IMD weather data","timestamp":"2025-09-08T16:53:13.429Z"}
{"level":"info","message":"IMD weather data requested","timestamp":"2025-09-08T16:53:22.690Z"}
{"level":"info","message":"Returning cached IMD weather data","timestamp":"2025-09-08T16:53:22.690Z"}
{"level":"info","message":"IMD weather data requested","timestamp":"2025-09-08T16:53:32.696Z"}
{"level":"info","message":"Returning cached IMD weather data","timestamp":"2025-09-08T16:53:32.696Z"}
{"level":"info","message":"IMD weather data requested","timestamp":"2025-09-08T16:53:42.689Z"}
{"alerts":1,"conditions":0,"level":"info","message":"IMD weather data scraped successfully","sources":1,"timestamp":"2025-09-08T16:53:44.147Z"}
{"level":"info","message":"IMD weather data requested","timestamp":"2025-09-08T16:53:52.689Z"}
{"level":"info","message":"Returning cached IMD weather data","timestamp":"2025-09-08T16:53:52.689Z"}
{"level":"info","message":"IMD weather data requested","timestamp":"2025-09-08T16:53:53.435Z"}
{"level":"info","message":"Returning cached IMD weather data","timestamp":"2025-09-08T16:53:53.435Z"}
{"level":"info","message":"Fetching current weather for coordinates: 19.076, 72.8777","timestamp":"2025-09-08T16:54:01.873Z"}
{"level":"info","message":"IMD weather data requested","timestamp":"2025-09-08T16:54:01.884Z"}
{"level":"info","message":"Returning cached IMD weather data","timestamp":"2025-09-08T16:54:01.884Z"}
{"level":"info","message":"IMD weather data requested","timestamp":"2025-09-08T16:54:01.924Z"}
{"level":"info","message":"Returning cached IMD weather data","timestamp":"2025-09-08T16:54:01.924Z"}
{"level":"info","message":"Fetching current weather for coordinates: 19.076, 72.8777","timestamp":"2025-09-08T16:54:01.952Z"}
{"level":"info","message":"IMD weather data requested","timestamp":"2025-09-08T16:54:01.958Z"}
{"level":"info","message":"Returning cached IMD weather data","timestamp":"2025-09-08T16:54:01.958Z"}
{"level":"info","message":"IMD weather data requested","timestamp":"2025-09-08T16:54:01.965Z"}
{"level":"info","message":"Returning cached IMD weather data","timestamp":"2025-09-08T16:54:01.965Z"}
{"level":"info","message":"IMD weather data requested","timestamp":"2025-09-08T16:54:02.436Z"}
{"level":"info","message":"Returning cached IMD weather data","timestamp":"2025-09-08T16:54:02.436Z"}
{"level":"info","message":"IMD weather data requested","timestamp":"2025-09-08T16:54:02.455Z"}
{"level":"info","message":"Returning cached IMD weather data","timestamp":"2025-09-08T16:54:02.456Z"}
{"level":"info","message":"IMD weather data requested","timestamp":"2025-09-08T16:54:02.758Z"}
{"level":"info","message":"Returning cached IMD weather data","timestamp":"2025-09-08T16:54:02.758Z"}
{"level":"info","message":"IMD weather data requested","timestamp":"2025-09-08T16:54:02.881Z"}
{"level":"info","message":"Returning cached IMD weather data","timestamp":"2025-09-08T16:54:02.881Z"}
{"level":"info","message":"Retry attempt 1/3 after 1000ms","timestamp":"2025-09-08T16:54:03.149Z"}
{"level":"info","message":"Retry attempt 1/3 after 1000ms","timestamp":"2025-09-08T16:54:03.386Z"}
{"level":"info","message":"Retry attempt 2/3 after 2000ms","timestamp":"2025-09-08T16:54:04.426Z"}
{"level":"info","message":"Retry attempt 2/3 after 2000ms","timestamp":"2025-09-08T16:54:04.616Z"}
{"level":"error","message":"Error fetching current weather:","timestamp":"2025-09-08T16:54:06.676Z"}
{"level":"info","message":"Fetching current weather for coordinates: 19.076, 72.8777","timestamp":"2025-09-08T16:54:06.679Z"}
{"level":"info","message":"Retry attempt 1/3 after 1000ms","timestamp":"2025-09-08T16:54:06.921Z"}
{"level":"error","message":"Error fetching current weather:","timestamp":"2025-09-08T16:54:06.936Z"}
{"level":"info","message":"Fetching current weather for coordinates: 19.076, 72.8777","timestamp":"2025-09-08T16:54:06.938Z"}
{"level":"info","message":"Retry attempt 1/3 after 1000ms","timestamp":"2025-09-08T16:54:07.210Z"}
{"level":"info","message":"Retry attempt 2/3 after 2000ms","timestamp":"2025-09-08T16:54:08.948Z"}
{"level":"info","message":"Retry attempt 2/3 after 2000ms","timestamp":"2025-09-08T16:54:08.991Z"}
{"level":"error","message":"Error fetching current weather:","timestamp":"2025-09-08T16:54:11.233Z"}
{"level":"info","message":"Fetching current weather for coordinates: 19.076, 72.8777","timestamp":"2025-09-08T16:54:11.237Z"}
{"level":"error","message":"Error fetching current weather:","timestamp":"2025-09-08T16:54:11.250Z"}
{"level":"info","message":"Fetching current weather for coordinates: 19.076, 72.8777","timestamp":"2025-09-08T16:54:11.253Z"}
{"level":"info","message":"Retry attempt 1/3 after 1000ms","timestamp":"2025-09-08T16:54:11.596Z"}
{"level":"info","message":"Retry attempt 1/3 after 1000ms","timestamp":"2025-09-08T16:54:11.615Z"}
{"level":"info","message":"IMD weather data requested","timestamp":"2025-09-08T16:54:12.421Z"}
{"level":"info","message":"Returning cached IMD weather data","timestamp":"2025-09-08T16:54:12.421Z"}
{"level":"info","message":"IMD weather data requested","timestamp":"2025-09-08T16:54:12.575Z"}
{"level":"info","message":"Returning cached IMD weather data","timestamp":"2025-09-08T16:54:12.575Z"}
{"level":"info","message":"IMD weather data requested","timestamp":"2025-09-08T16:54:12.775Z"}
{"level":"info","message":"Returning cached IMD weather data","timestamp":"2025-09-08T16:54:12.775Z"}
{"level":"info","message":"IMD weather data requested","timestamp":"2025-09-08T16:54:12.787Z"}
{"level":"info","message":"Returning cached IMD weather data","timestamp":"2025-09-08T16:54:12.787Z"}
{"level":"info","message":"IMD weather data requested","timestamp":"2025-09-08T16:54:12.804Z"}
{"level":"info","message":"Returning cached IMD weather data","timestamp":"2025-09-08T16:54:12.804Z"}
{"level":"info","message":"IMD weather data requested","timestamp":"2025-09-08T16:54:12.817Z"}
{"level":"info","message":"Returning cached IMD weather data","timestamp":"2025-09-08T16:54:12.817Z"}
{"level":"info","message":"Retry attempt 2/3 after 2000ms","timestamp":"2025-09-08T16:54:12.868Z"}
{"level":"info","message":"Retry attempt 2/3 after 2000ms","timestamp":"2025-09-08T16:54:12.884Z"}
{"level":"info","message":"IMD weather data requested","timestamp":"2025-09-08T16:54:13.435Z"}
{"level":"info","message":"Returning cached IMD weather data","timestamp":"2025-09-08T16:54:13.435Z"}
{"level":"info","message":"IMD weather data requested","timestamp":"2025-09-08T16:54:13.512Z"}
{"level":"info","message":"Returning cached IMD weather data","timestamp":"2025-09-08T16:54:13.512Z"}
{"level":"info","message":"IMD weather data requested","timestamp":"2025-09-08T16:54:13.567Z"}
{"level":"info","message":"Returning cached IMD weather data","timestamp":"2025-09-08T16:54:13.567Z"}
{"level":"info","message":"IMD weather data requested","timestamp":"2025-09-08T16:54:13.575Z"}
{"level":"info","message":"Returning cached IMD weather data","timestamp":"2025-09-08T16:54:13.575Z"}
{"level":"info","message":"IMD weather data requested","timestamp":"2025-09-08T16:54:13.579Z"}
{"level":"info","message":"Returning cached IMD weather data","timestamp":"2025-09-08T16:54:13.579Z"}
{"level":"error","message":"Error fetching current weather:","timestamp":"2025-09-08T16:54:16.434Z"}
{"level":"error","message":"Error fetching current weather:","timestamp":"2025-09-08T16:54:16.438Z"}
{"level":"info","message":"Fetching current weather for coordinates: 19.076, 72.8777","timestamp":"2025-09-08T16:54:16.441Z"}
{"level":"info","message":"Fetching current weather for coordinates: 19.076, 72.8777","timestamp":"2025-09-08T16:54:16.443Z"}
{"level":"info","message":"Retry attempt 1/3 after 1000ms","timestamp":"2025-09-08T16:54:17.914Z"}
{"level":"info","message":"Retry attempt 1/3 after 1000ms","timestamp":"2025-09-08T16:54:17.932Z"}
{"level":"info","message":"Retry attempt 2/3 after 2000ms","timestamp":"2025-09-08T16:54:19.467Z"}
{"level":"info","message":"Retry attempt 2/3 after 2000ms","timestamp":"2025-09-08T16:54:19.479Z"}
{"level":"error","message":"Error fetching current weather:","timestamp":"2025-09-08T16:54:21.707Z"}
{"level":"info","message":"Fetching current weather for coordinates: 19.076, 72.8777","timestamp":"2025-09-08T16:54:21.710Z"}
{"level":"error","message":"Error fetching current weather:","timestamp":"2025-09-08T16:54:21.715Z"}
{"level":"info","message":"Fetching current weather for coordinates: 19.076, 72.8777","timestamp":"2025-09-08T16:54:21.717Z"}
{"level":"info","message":"Retry attempt 1/3 after 1000ms","timestamp":"2025-09-08T16:54:22.036Z"}
{"level":"info","message":"Retry attempt 1/3 after 1000ms","timestamp":"2025-09-08T16:54:22.037Z"}
{"level":"info","message":"Retry attempt 2/3 after 2000ms","timestamp":"2025-09-08T16:54:23.280Z"}
{"level":"info","message":"Retry attempt 2/3 after 2000ms","timestamp":"2025-09-08T16:54:23.294Z"}
{"level":"info","message":"IMD weather data requested","timestamp":"2025-09-08T16:54:23.435Z"}
{"level":"info","message":"Returning cached IMD weather data","timestamp":"2025-09-08T16:54:23.435Z"}
{"level":"info","message":"IMD weather data requested","timestamp":"2025-09-08T16:54:24.425Z"}
{"level":"info","message":"Returning cached IMD weather data","timestamp":"2025-09-08T16:54:24.425Z"}
{"level":"error","message":"Error fetching current weather:","timestamp":"2025-09-08T16:54:25.558Z"}
{"level":"info","message":"Fetching current weather for coordinates: 19.076, 72.8777","timestamp":"2025-09-08T16:54:25.560Z"}
{"level":"error","message":"Error fetching current weather:","timestamp":"2025-09-08T16:54:25.646Z"}
{"level":"info","message":"Fetching current weather for coordinates: 19.076, 72.8777","timestamp":"2025-09-08T16:54:25.649Z"}
{"level":"info","message":"Retry attempt 1/3 after 1000ms","timestamp":"2025-09-08T16:54:25.799Z"}
{"level":"info","message":"Retry attempt 1/3 after 1000ms","timestamp":"2025-09-08T16:54:25.865Z"}
{"level":"info","message":"Retry attempt 2/3 after 2000ms","timestamp":"2025-09-08T16:54:27.333Z"}
{"level":"info","message":"Retry attempt 2/3 after 2000ms","timestamp":"2025-09-08T16:54:27.351Z"}
{"level":"error","message":"Error fetching current weather:","timestamp":"2025-09-08T16:54:29.575Z"}
{"level":"error","message":"Error fetching current weather:","timestamp":"2025-09-08T16:54:29.576Z"}
{"level":"info","message":"Fetching current weather for coordinates: 19.076, 72.8777","timestamp":"2025-09-08T16:54:29.578Z"}
{"level":"info","message":"Fetching current weather for coordinates: 19.076, 72.8777","timestamp":"2025-09-08T16:54:29.579Z"}
{"level":"info","message":"Retry attempt 1/3 after 1000ms","timestamp":"2025-09-08T16:54:29.951Z"}
{"level":"info","message":"Retry attempt 1/3 after 1000ms","timestamp":"2025-09-08T16:54:29.959Z"}
{"level":"info","message":"Retry attempt 2/3 after 2000ms","timestamp":"2025-09-08T16:54:31.187Z"}
{"level":"info","message":"Retry attempt 2/3 after 2000ms","timestamp":"2025-09-08T16:54:31.188Z"}
{"level":"info","message":"IMD weather data requested","timestamp":"2025-09-08T16:54:33.434Z"}
{"level":"info","message":"Returning cached IMD weather data","timestamp":"2025-09-08T16:54:33.434Z"}
{"level":"info","message":"Fetching current weather for coordinates: 19.076, 72.8777","timestamp":"2025-09-08T16:54:33.453Z"}
{"level":"error","message":"Error fetching current weather:","timestamp":"2025-09-08T16:54:33.463Z"}
{"level":"error","message":"Error fetching current weather:","timestamp":"2025-09-08T16:54:33.468Z"}
{"level":"info","message":"Fetching current weather for coordinates: 19.076, 72.8777","timestamp":"2025-09-08T16:54:33.469Z"}
{"level":"info","message":"Retry attempt 1/3 after 1000ms","timestamp":"2025-09-08T16:54:33.720Z"}
{"level":"info","message":"Retry attempt 1/3 after 1000ms","timestamp":"2025-09-08T16:54:34.208Z"}
{"level":"info","message":"IMD weather data requested","timestamp":"2025-09-08T16:54:34.422Z"}
{"level":"info","message":"Returning cached IMD weather data","timestamp":"2025-09-08T16:54:34.422Z"}
{"level":"info","message":"Retry attempt 2/3 after 2000ms","timestamp":"2025-09-08T16:54:34.964Z"}
{"level":"info","message":"Retry attempt 2/3 after 2000ms","timestamp":"2025-09-08T16:54:35.558Z"}
{"level":"error","message":"Error fetching current weather:","timestamp":"2025-09-08T16:54:37.202Z"}
{"level":"error","message":"Error fetching current weather:","timestamp":"2025-09-08T16:54:37.803Z"}
{"level":"info","message":"IMD weather data requested","timestamp":"2025-09-08T16:54:43.441Z"}
{"level":"info","message":"Returning cached IMD weather data","timestamp":"2025-09-08T16:54:43.441Z"}
{"level":"info","message":"IMD weather data requested","timestamp":"2025-09-08T16:54:44.426Z"}
{"level":"info","message":"Returning cached IMD weather data","timestamp":"2025-09-08T16:54:44.426Z"}
{"level":"info","message":"IMD weather data requested","timestamp":"2025-09-08T16:54:53.454Z"}
{"level":"info","message":"Returning cached IMD weather data","timestamp":"2025-09-08T16:54:53.454Z"}
{"level":"info","message":"IMD weather data requested","timestamp":"2025-09-08T16:54:54.430Z"}
{"level":"info","message":"Returning cached IMD weather data","timestamp":"2025-09-08T16:54:54.430Z"}
{"level":"info","message":"IMD weather data requested","timestamp":"2025-09-08T16:55:04.440Z"}
{"level":"info","message":"Returning cached IMD weather data","timestamp":"2025-09-08T16:55:04.440Z"}
{"level":"info","message":"Fetching current weather for coordinates: 19.076, 72.8777","timestamp":"2025-09-08T16:55:06.519Z"}
{"level":"info","message":"IMD weather data requested","timestamp":"2025-09-08T16:55:06.528Z"}
{"level":"info","message":"Returning cached IMD weather data","timestamp":"2025-09-08T16:55:06.528Z"}
{"level":"info","message":"IMD weather data requested","timestamp":"2025-09-08T16:55:06.535Z"}
{"level":"info","message":"Returning cached IMD weather data","timestamp":"2025-09-08T16:55:06.535Z"}
{"level":"info","message":"Retry attempt 1/3 after 1000ms","timestamp":"2025-09-08T16:55:07.292Z"}
{"level":"info","message":"Retry attempt 2/3 after 2000ms","timestamp":"2025-09-08T16:55:08.538Z"}
{"level":"error","message":"Error fetching current weather:","timestamp":"2025-09-08T16:55:10.832Z"}
{"level":"info","message":"Fetching current weather for coordinates: 19.076, 72.8777","timestamp":"2025-09-08T16:55:10.834Z"}
{"level":"info","message":"Retry attempt 1/3 after 1000ms","timestamp":"2025-09-08T16:55:11.088Z"}
{"level":"info","message":"Retry attempt 2/3 after 2000ms","timestamp":"2025-09-08T16:55:12.522Z"}
{"level":"info","message":"IMD weather data requested","timestamp":"2025-09-08T16:55:13.429Z"}
{"level":"info","message":"Returning cached IMD weather data","timestamp":"2025-09-08T16:55:13.429Z"}
{"level":"info","message":"IMD weather data requested","timestamp":"2025-09-08T16:55:14.424Z"}
{"level":"info","message":"Returning cached IMD weather data","timestamp":"2025-09-08T16:55:14.424Z"}
{"level":"info","message":"IMD weather data requested","timestamp":"2025-09-08T16:55:14.706Z"}
{"level":"info","message":"Returning cached IMD weather data","timestamp":"2025-09-08T16:55:14.706Z"}
{"level":"error","message":"Error fetching current weather:","timestamp":"2025-09-08T16:55:14.764Z"}
{"level":"info","message":"IMD weather data requested","timestamp":"2025-09-08T16:55:16.497Z"}
{"level":"info","message":"Returning cached IMD weather data","timestamp":"2025-09-08T16:55:16.497Z"}
{"level":"info","message":"IMD weather data requested","timestamp":"2025-09-08T16:55:17.034Z"}
{"level":"info","message":"Returning cached IMD weather data","timestamp":"2025-09-08T16:55:17.035Z"}
{"level":"info","message":"IMD weather data requested","timestamp":"2025-09-08T16:55:26.501Z"}
{"level":"info","message":"Returning cached IMD weather data","timestamp":"2025-09-08T16:55:26.501Z"}
{"level":"info","message":"IMD weather data requested","timestamp":"2025-09-08T16:55:36.502Z"}
{"level":"info","message":"Returning cached IMD weather data","timestamp":"2025-09-08T16:55:36.502Z"}
{"level":"info","message":"IMD weather data requested","timestamp":"2025-09-08T16:55:46.508Z"}
{"level":"info","message":"Returning cached IMD weather data","timestamp":"2025-09-08T16:55:46.508Z"}
{"level":"info","message":"IMD weather data requested","timestamp":"2025-09-08T16:55:56.505Z"}
{"level":"info","message":"Returning cached IMD weather data","timestamp":"2025-09-08T16:55:56.506Z"}
{"level":"info","message":"IMD weather data requested","timestamp":"2025-09-08T16:56:06.508Z"}
{"level":"info","message":"Returning cached IMD weather data","timestamp":"2025-09-08T16:56:06.508Z"}
{"level":"info","message":"IMD weather data requested","timestamp":"2025-09-08T16:56:13.440Z"}
{"level":"info","message":"Returning cached IMD weather data","timestamp":"2025-09-08T16:56:13.440Z"}
{"level":"info","message":"IMD weather data requested","timestamp":"2025-09-08T16:56:13.440Z"}
{"level":"info","message":"Returning cached IMD weather data","timestamp":"2025-09-08T16:56:13.440Z"}
{"level":"info","message":"IMD weather data requested","timestamp":"2025-09-08T16:56:16.499Z"}
{"level":"info","message":"Returning cached IMD weather data","timestamp":"2025-09-08T16:56:16.499Z"}
{"level":"info","message":"IMD weather data requested","timestamp":"2025-09-08T16:56:26.502Z"}
{"level":"info","message":"Returning cached IMD weather data","timestamp":"2025-09-08T16:56:26.503Z"}
{"level":"info","message":"IMD weather data requested","timestamp":"2025-09-08T16:56:36.504Z"}
{"level":"info","message":"Returning cached IMD weather data","timestamp":"2025-09-08T16:56:36.504Z"}
{"level":"info","message":"IMD weather data requested","timestamp":"2025-09-08T16:56:46.504Z"}
{"level":"info","message":"Returning cached IMD weather data","timestamp":"2025-09-08T16:56:46.504Z"}
{"level":"info","message":"IMD weather data requested","timestamp":"2025-09-08T16:56:56.502Z"}
{"level":"info","message":"Returning cached IMD weather data","timestamp":"2025-09-08T16:56:56.502Z"}
{"level":"info","message":"IMD weather data requested","timestamp":"2025-09-08T16:57:06.497Z"}
{"level":"info","message":"Returning cached IMD weather data","timestamp":"2025-09-08T16:57:06.497Z"}
{"level":"info","message":"IMD weather data requested","timestamp":"2025-09-08T16:57:13.430Z"}
{"level":"info","message":"Returning cached IMD weather data","timestamp":"2025-09-08T16:57:13.430Z"}
{"level":"info","message":"IMD weather data requested","timestamp":"2025-09-08T16:57:13.433Z"}
{"level":"info","message":"Returning cached IMD weather data","timestamp":"2025-09-08T16:57:13.433Z"}
{"level":"info","message":"IMD weather data requested","timestamp":"2025-09-08T16:57:16.505Z"}
{"level":"info","message":"Returning cached IMD weather data","timestamp":"2025-09-08T16:57:16.505Z"}
{"level":"info","message":"IMD weather data requested","timestamp":"2025-09-08T16:57:26.505Z"}
{"level":"info","message":"Returning cached IMD weather data","timestamp":"2025-09-08T16:57:26.505Z"}
{"level":"info","message":"IMD weather data requested","timestamp":"2025-09-08T16:57:36.502Z"}
{"level":"info","message":"Returning cached IMD weather data","timestamp":"2025-09-08T16:57:36.502Z"}
{"level":"info","message":"IMD weather data requested","timestamp":"2025-09-08T16:57:46.544Z"}
{"level":"info","message":"Returning cached IMD weather data","timestamp":"2025-09-08T16:57:46.544Z"}
{"level":"info","message":"IMD weather data requested","timestamp":"2025-09-08T16:57:56.505Z"}
{"level":"info","message":"Returning cached IMD weather data","timestamp":"2025-09-08T16:57:56.505Z"}
{"level":"info","message":"IMD weather data requested","timestamp":"2025-09-08T16:58:06.528Z"}
{"level":"info","message":"Returning cached IMD weather data","timestamp":"2025-09-08T16:58:06.528Z"}
{"level":"info","message":"IMD weather data requested","timestamp":"2025-09-08T16:58:13.431Z"}
{"level":"info","message":"Returning cached IMD weather data","timestamp":"2025-09-08T16:58:13.431Z"}
{"level":"info","message":"IMD weather data requested","timestamp":"2025-09-08T16:58:13.432Z"}
{"level":"info","message":"Returning cached IMD weather data","timestamp":"2025-09-08T16:58:13.432Z"}
{"level":"info","message":"IMD weather data requested","timestamp":"2025-09-08T16:58:16.499Z"}
{"level":"info","message":"Returning cached IMD weather data","timestamp":"2025-09-08T16:58:16.499Z"}
{"level":"info","message":"IMD weather data requested","timestamp":"2025-09-08T16:58:26.499Z"}
{"level":"info","message":"Returning cached IMD weather data","timestamp":"2025-09-08T16:58:26.499Z"}
{"level":"info","message":"IMD weather data requested","timestamp":"2025-09-08T16:58:36.498Z"}
{"level":"info","message":"Returning cached IMD weather data","timestamp":"2025-09-08T16:58:36.498Z"}
{"level":"info","message":"IMD weather data requested","timestamp":"2025-09-08T16:58:46.498Z"}
{"alerts":1,"conditions":0,"level":"info","message":"IMD weather data scraped successfully","sources":1,"timestamp":"2025-09-08T16:58:47.771Z"}
{"level":"info","message":"IMD weather data requested","timestamp":"2025-09-08T16:58:56.535Z"}
{"level":"info","message":"Returning cached IMD weather data","timestamp":"2025-09-08T16:58:56.535Z"}
{"level":"info","message":"IMD weather data requested","timestamp":"2025-09-08T16:59:06.499Z"}
{"level":"info","message":"Returning cached IMD weather data","timestamp":"2025-09-08T16:59:06.499Z"}
{"level":"info","message":"IMD weather data requested","timestamp":"2025-09-08T16:59:13.436Z"}
{"level":"info","message":"Returning cached IMD weather data","timestamp":"2025-09-08T16:59:13.436Z"}
{"level":"info","message":"IMD weather data requested","timestamp":"2025-09-08T16:59:13.437Z"}
{"level":"info","message":"Returning cached IMD weather data","timestamp":"2025-09-08T16:59:13.437Z"}
{"level":"info","message":"IMD weather data requested","timestamp":"2025-09-08T16:59:16.501Z"}
{"level":"info","message":"Returning cached IMD weather data","timestamp":"2025-09-08T16:59:16.501Z"}
{"level":"info","message":"IMD weather data requested","timestamp":"2025-09-08T16:59:26.505Z"}
{"level":"info","message":"Returning cached IMD weather data","timestamp":"2025-09-08T16:59:26.506Z"}
{"level":"info","message":"IMD weather data requested","timestamp":"2025-09-08T16:59:30.497Z"}
{"level":"info","message":"Returning cached IMD weather data","timestamp":"2025-09-08T16:59:30.497Z"}
{"level":"info","message":"IMD weather data requested","timestamp":"2025-09-08T16:59:36.500Z"}
{"level":"info","message":"Returning cached IMD weather data","timestamp":"2025-09-08T16:59:36.500Z"}
{"level":"info","message":"IMD weather data requested","timestamp":"2025-09-08T16:59:36.777Z"}
{"level":"info","message":"Returning cached IMD weather data","timestamp":"2025-09-08T16:59:36.777Z"}
{"level":"info","message":"IMD weather data requested","timestamp":"2025-09-08T16:59:46.326Z"}
{"level":"info","message":"Returning cached IMD weather data","timestamp":"2025-09-08T16:59:46.326Z"}
{"level":"info","message":"IMD weather data requested","timestamp":"2025-09-08T16:59:46.499Z"}
{"level":"info","message":"Returning cached IMD weather data","timestamp":"2025-09-08T16:59:46.499Z"}
{"level":"info","message":"IMD weather data requested","timestamp":"2025-09-08T16:59:56.504Z"}
{"level":"info","message":"Returning cached IMD weather data","timestamp":"2025-09-08T16:59:56.504Z"}
{"level":"info","message":"IMD weather data requested","timestamp":"2025-09-08T17:00:06.499Z"}
{"level":"info","message":"Returning cached IMD weather data","timestamp":"2025-09-08T17:00:06.499Z"}
{"level":"info","message":"IMD weather data requested","timestamp":"2025-09-08T17:00:13.432Z"}
{"level":"info","message":"Returning cached IMD weather data","timestamp":"2025-09-08T17:00:13.432Z"}
{"level":"info","message":"IMD weather data requested","timestamp":"2025-09-08T17:00:13.433Z"}
{"level":"info","message":"Returning cached IMD weather data","timestamp":"2025-09-08T17:00:13.433Z"}
{"level":"info","message":"Fetching current weather for coordinates: 19.076, 72.8777","timestamp":"2025-09-08T17:00:22.867Z"}
{"level":"info","message":"IMD weather data requested","timestamp":"2025-09-08T17:00:22.880Z"}
{"level":"info","message":"Returning cached IMD weather data","timestamp":"2025-09-08T17:00:22.880Z"}
{"level":"info","message":"IMD weather data requested","timestamp":"2025-09-08T17:00:22.895Z"}
{"level":"info","message":"Returning cached IMD weather data","timestamp":"2025-09-08T17:00:22.895Z"}
{"level":"info","message":"Retry attempt 1/3 after 1000ms","timestamp":"2025-09-08T17:00:24.041Z"}
{"level":"info","message":"Retry attempt 2/3 after 2000ms","timestamp":"2025-09-08T17:00:25.277Z"}
{"level":"error","message":"Error fetching current weather:","timestamp":"2025-09-08T17:00:27.499Z"}
{"level":"info","message":"Fetching current weather for coordinates: 19.076, 72.8777","timestamp":"2025-09-08T17:00:27.505Z"}
{"level":"info","message":"Retry attempt 1/3 after 1000ms","timestamp":"2025-09-08T17:00:27.726Z"}
{"level":"info","message":"Retry attempt 2/3 after 2000ms","timestamp":"2025-09-08T17:00:28.949Z"}
{"level":"error","message":"Error fetching current weather:","timestamp":"2025-09-08T17:00:31.172Z"}
{"level":"info","message":"IMD weather data requested","timestamp":"2025-09-08T17:00:35.429Z"}
{"level":"info","message":"Returning cached IMD weather data","timestamp":"2025-09-08T17:00:35.430Z"}
{"level":"info","message":"IMD weather data requested","timestamp":"2025-09-08T17:00:48.435Z"}
{"level":"info","message":"Returning cached IMD weather data","timestamp":"2025-09-08T17:00:48.435Z"}
{"level":"info","message":"IMD weather data requested","timestamp":"2025-09-08T17:00:52.852Z"}
{"level":"info","message":"Returning cached IMD weather data","timestamp":"2025-09-08T17:00:52.852Z"}
{"level":"info","message":"IMD weather data requested","timestamp":"2025-09-08T17:01:04.433Z"}
{"level":"info","message":"Returning cached IMD weather data","timestamp":"2025-09-08T17:01:04.434Z"}
{"level":"info","message":"Fetching current weather for coordinates: 19.076, 72.8777","timestamp":"2025-09-08T17:01:06.230Z"}
{"level":"info","message":"IMD weather data requested","timestamp":"2025-09-08T17:01:06.255Z"}
{"level":"info","message":"Returning cached IMD weather data","timestamp":"2025-09-08T17:01:06.256Z"}
{"level":"info","message":"IMD weather data requested","timestamp":"2025-09-08T17:01:06.266Z"}
{"level":"info","message":"Returning cached IMD weather data","timestamp":"2025-09-08T17:01:06.266Z"}
{"level":"info","message":"Retry attempt 1/3 after 1000ms","timestamp":"2025-09-08T17:01:06.956Z"}
{"level":"info","message":"Retry attempt 2/3 after 2000ms","timestamp":"2025-09-08T17:01:08.183Z"}
{"level":"error","message":"Error fetching current weather:","timestamp":"2025-09-08T17:01:10.410Z"}
{"level":"info","message":"Fetching current weather for coordinates: 19.076, 72.8777","timestamp":"2025-09-08T17:01:10.413Z"}
{"level":"info","message":"Retry attempt 1/3 after 1000ms","timestamp":"2025-09-08T17:01:10.642Z"}
{"level":"info","message":"Retry attempt 2/3 after 2000ms","timestamp":"2025-09-08T17:01:11.894Z"}
{"level":"info","message":"IMD weather data requested","timestamp":"2025-09-08T17:01:13.436Z"}
{"level":"info","message":"Returning cached IMD weather data","timestamp":"2025-09-08T17:01:13.436Z"}
{"level":"info","message":"IMD weather data requested","timestamp":"2025-09-08T17:01:13.437Z"}
{"level":"info","message":"Returning cached IMD weather data","timestamp":"2025-09-08T17:01:13.437Z"}
{"level":"error","message":"Error fetching current weather:","timestamp":"2025-09-08T17:01:14.118Z"}
{"level":"info","message":"IMD weather data requested","timestamp":"2025-09-08T17:01:14.274Z"}
{"level":"info","message":"Returning cached IMD weather data","timestamp":"2025-09-08T17:01:14.274Z"}
{"level":"info","message":"IMD weather data requested","timestamp":"2025-09-08T17:01:36.237Z"}
{"level":"info","message":"Returning cached IMD weather data","timestamp":"2025-09-08T17:01:36.237Z"}
{"level":"info","message":"IMD weather data requested","timestamp":"2025-09-08T17:02:06.242Z"}
{"level":"info","message":"Returning cached IMD weather data","timestamp":"2025-09-08T17:02:06.242Z"}
{"level":"info","message":"IMD weather data requested","timestamp":"2025-09-08T17:02:13.443Z"}
{"level":"info","message":"Returning cached IMD weather data","timestamp":"2025-09-08T17:02:13.443Z"}
{"level":"info","message":"IMD weather data requested","timestamp":"2025-09-08T17:02:13.444Z"}
{"level":"info","message":"Returning cached IMD weather data","timestamp":"2025-09-08T17:02:13.444Z"}
{"level":"info","message":"IMD weather data requested","timestamp":"2025-09-08T17:02:36.275Z"}
{"level":"info","message":"Returning cached IMD weather data","timestamp":"2025-09-08T17:02:36.275Z"}
{"level":"info","message":"IMD weather data requested","timestamp":"2025-09-08T17:02:55.999Z"}
{"level":"info","message":"Returning cached IMD weather data","timestamp":"2025-09-08T17:02:55.999Z"}
{"level":"info","message":"IMD weather data requested","timestamp":"2025-09-08T17:03:06.235Z"}
{"level":"info","message":"Returning cached IMD weather data","timestamp":"2025-09-08T17:03:06.235Z"}
{"level":"info","message":"IMD weather data requested","timestamp":"2025-09-08T17:03:27.543Z"}
{"level":"info","message":"No IMD alerts found during scraping - this may indicate scraping issues or no active warnings","timestamp":"2025-09-08T17:03:30.586Z"}
{"alerts":0,"conditions":0,"level":"info","message":"IMD weather data scraped successfully","sources":0,"timestamp":"2025-09-08T17:03:30.587Z"}
{"level":"info","message":"IMD weather data requested","timestamp":"2025-09-08T17:03:36.279Z"}
{"level":"info","message":"Returning cached IMD weather data","timestamp":"2025-09-08T17:03:36.279Z"}
{"level":"info","message":"Fetching current weather for coordinates: 19.076, 72.8777","timestamp":"2025-09-08T17:03:46.796Z"}
{"level":"info","message":"IMD weather data requested","timestamp":"2025-09-08T17:03:46.811Z"}
{"level":"info","message":"Returning cached IMD weather data","timestamp":"2025-09-08T17:03:46.811Z"}
{"level":"info","message":"IMD weather data requested","timestamp":"2025-09-08T17:03:46.822Z"}
{"level":"info","message":"Returning cached IMD weather data","timestamp":"2025-09-08T17:03:46.822Z"}
{"level":"info","message":"Retry attempt 1/3 after 1000ms","timestamp":"2025-09-08T17:03:47.817Z"}
{"level":"info","message":"Retry attempt 2/3 after 2000ms","timestamp":"2025-09-08T17:03:49.066Z"}
{"level":"error","message":"Error fetching current weather:","timestamp":"2025-09-08T17:03:51.311Z"}
{"level":"info","message":"Fetching current weather for coordinates: 19.076, 72.8777","timestamp":"2025-09-08T17:03:51.314Z"}
{"level":"info","message":"Retry attempt 1/3 after 1000ms","timestamp":"2025-09-08T17:03:51.571Z"}
{"level":"info","message":"Retry attempt 2/3 after 2000ms","timestamp":"2025-09-08T17:03:52.801Z"}
{"level":"error","message":"Error fetching current weather:","timestamp":"2025-09-08T17:03:55.033Z"}
{"level":"info","message":"Fetching current weather for coordinates: 19.076, 72.8777","timestamp":"2025-09-08T17:04:00.825Z"}
{"level":"info","message":"IMD weather data requested","timestamp":"2025-09-08T17:04:00.838Z"}
{"level":"info","message":"Returning cached IMD weather data","timestamp":"2025-09-08T17:04:00.838Z"}
{"level":"info","message":"Retry attempt 1/3 after 1000ms","timestamp":"2025-09-08T17:04:01.484Z"}
{"level":"info","message":"Retry attempt 2/3 after 2000ms","timestamp":"2025-09-08T17:04:02.737Z"}
{"level":"error","message":"Error fetching current weather:","timestamp":"2025-09-08T17:04:04.973Z"}
{"level":"info","message":"IMD weather data requested","timestamp":"2025-09-08T17:04:13.443Z"}
{"level":"info","message":"Returning cached IMD weather data","timestamp":"2025-09-08T17:04:13.444Z"}
{"level":"info","message":"IMD weather data requested","timestamp":"2025-09-08T17:04:13.445Z"}
{"level":"info","message":"Returning cached IMD weather data","timestamp":"2025-09-08T17:04:13.445Z"}
{"level":"info","message":"IMD weather data requested","timestamp":"2025-09-08T17:04:16.711Z"}
{"level":"info","message":"Returning cached IMD weather data","timestamp":"2025-09-08T17:04:16.711Z"}
{"level":"info","message":"IMD weather data requested","timestamp":"2025-09-08T17:04:46.720Z"}
{"level":"info","message":"Returning cached IMD weather data","timestamp":"2025-09-08T17:04:46.720Z"}
{"level":"info","message":"IMD weather data requested","timestamp":"2025-09-08T17:05:13.443Z"}
{"level":"info","message":"Returning cached IMD weather data","timestamp":"2025-09-08T17:05:13.443Z"}
{"level":"info","message":"IMD weather data requested","timestamp":"2025-09-08T17:05:13.444Z"}
{"level":"info","message":"Returning cached IMD weather data","timestamp":"2025-09-08T17:05:13.444Z"}
{"level":"info","message":"IMD weather data requested","timestamp":"2025-09-08T17:05:16.716Z"}
{"level":"info","message":"Returning cached IMD weather data","timestamp":"2025-09-08T17:05:16.716Z"}
{"level":"info","message":"IMD weather data requested","timestamp":"2025-09-08T17:05:46.714Z"}
{"level":"info","message":"No IMD alerts found during scraping - this may indicate scraping issues or no active warnings","timestamp":"2025-09-08T17:05:48.907Z"}
{"alerts":0,"conditions":0,"level":"info","message":"IMD weather data scraped successfully","sources":0,"timestamp":"2025-09-08T17:05:48.908Z"}
{"level":"info","message":"IMD cache cleared","timestamp":"2025-09-08T17:05:51.717Z"}
{"level":"info","message":"IMD weather data requested","timestamp":"2025-09-08T17:05:57.206Z"}
{"level":"info","message":"No IMD alerts found during scraping - this may indicate scraping issues or no active warnings","timestamp":"2025-09-08T17:05:59.383Z"}
{"alerts":0,"conditions":0,"level":"info","message":"IMD weather data scraped successfully","sources":0,"timestamp":"2025-09-08T17:05:59.384Z"}
{"level":"info","message":"IMD weather data requested","timestamp":"2025-09-08T17:06:07.667Z"}
{"level":"info","message":"Returning cached IMD weather data","timestamp":"2025-09-08T17:06:07.668Z"}
{"level":"info","message":"IMD weather data requested","timestamp":"2025-09-08T17:06:13.440Z"}
{"level":"info","message":"Returning cached IMD weather data","timestamp":"2025-09-08T17:06:13.440Z"}
{"level":"info","message":"IMD weather data requested","timestamp":"2025-09-08T17:06:13.442Z"}
{"level":"info","message":"Returning cached IMD weather data","timestamp":"2025-09-08T17:06:13.442Z"}
{"level":"info","message":"IMD weather data requested","timestamp":"2025-09-08T17:06:16.714Z"}
{"level":"info","message":"Returning cached IMD weather data","timestamp":"2025-09-08T17:06:16.714Z"}
{"level":"info","message":"IMD weather data requested","timestamp":"2025-09-08T17:06:46.714Z"}
{"level":"info","message":"Returning cached IMD weather data","timestamp":"2025-09-08T17:06:46.714Z"}
{"level":"info","message":"IMD cache cleared","timestamp":"2025-09-08T17:07:04.693Z"}
{"level":"info","message":"IMD weather data requested","timestamp":"2025-09-08T17:07:09.812Z"}
{"level":"info","message":"No IMD alerts found during scraping - this may indicate scraping issues or no active warnings","timestamp":"2025-09-08T17:07:11.141Z"}
{"alerts":0,"conditions":0,"level":"info","message":"IMD weather data scraped successfully","sources":0,"timestamp":"2025-09-08T17:07:11.141Z"}
{"level":"info","message":"IMD weather data requested","timestamp":"2025-09-08T17:07:13.455Z"}
{"level":"info","message":"Returning cached IMD weather data","timestamp":"2025-09-08T17:07:13.455Z"}
{"level":"info","message":"IMD weather data requested","timestamp":"2025-09-08T17:07:13.457Z"}
{"level":"info","message":"Returning cached IMD weather data","timestamp":"2025-09-08T17:07:13.457Z"}
{"level":"info","message":"IMD weather data requested","timestamp":"2025-09-08T17:07:16.733Z"}
{"level":"info","message":"Returning cached IMD weather data","timestamp":"2025-09-08T17:07:16.733Z"}
{"level":"info","message":"IMD weather data requested","timestamp":"2025-09-08T17:07:46.828Z"}
{"level":"info","message":"Returning cached IMD weather data","timestamp":"2025-09-08T17:07:46.828Z"}
{"level":"info","message":"IMD weather data requested","timestamp":"2025-09-08T17:08:13.496Z"}
{"level":"info","message":"Returning cached IMD weather data","timestamp":"2025-09-08T17:08:13.497Z"}
{"level":"info","message":"IMD weather data requested","timestamp":"2025-09-08T17:08:13.500Z"}
{"level":"info","message":"Returning cached IMD weather data","timestamp":"2025-09-08T17:08:13.500Z"}
{"level":"info","message":"IMD weather data requested","timestamp":"2025-09-08T17:08:17.487Z"}
{"level":"info","message":"Returning cached IMD weather data","timestamp":"2025-09-08T17:08:17.487Z"}
{"level":"info","message":"IMD weather data requested","timestamp":"2025-09-08T17:08:34.176Z"}
{"level":"info","message":"Returning cached IMD weather data","timestamp":"2025-09-08T17:08:34.177Z"}
{"level":"info","message":"IMD weather data requested","timestamp":"2025-09-08T17:08:44.475Z"}
{"level":"info","message":"Returning cached IMD weather data","timestamp":"2025-09-08T17:08:44.475Z"}
{"level":"info","message":"IMD weather data requested","timestamp":"2025-09-08T17:08:46.761Z"}
{"level":"info","message":"Returning cached IMD weather data","timestamp":"2025-09-08T17:08:46.761Z"}
{"level":"info","message":"IMD weather data requested","timestamp":"2025-09-08T17:08:54.474Z"}
{"level":"info","message":"Returning cached IMD weather data","timestamp":"2025-09-08T17:08:54.474Z"}
{"level":"info","message":"IMD weather data requested","timestamp":"2025-09-08T17:09:04.472Z"}
{"level":"info","message":"Returning cached IMD weather data","timestamp":"2025-09-08T17:09:04.472Z"}
{"level":"info","message":"IMD weather data requested","timestamp":"2025-09-08T17:09:13.480Z"}
{"level":"info","message":"No IMD alerts found during scraping - this may indicate scraping issues or no active warnings","timestamp":"2025-09-08T17:09:14.099Z"}
{"alerts":0,"conditions":0,"level":"info","message":"IMD weather data scraped successfully","sources":0,"timestamp":"2025-09-08T17:09:14.102Z"}
{"level":"info","message":"IMD weather data requested","timestamp":"2025-09-08T17:09:14.476Z"}
{"level":"info","message":"Returning cached IMD weather data","timestamp":"2025-09-08T17:09:14.476Z"}
{"level":"info","message":"IMD weather data requested","timestamp":"2025-09-08T17:09:16.759Z"}
{"level":"info","message":"Returning cached IMD weather data","timestamp":"2025-09-08T17:09:16.759Z"}
{"level":"info","message":"IMD weather data requested","timestamp":"2025-09-08T17:09:24.475Z"}
{"level":"info","message":"Returning cached IMD weather data","timestamp":"2025-09-08T17:09:24.475Z"}
{"level":"info","message":"IMD weather data requested","timestamp":"2025-09-08T17:09:34.472Z"}
{"level":"info","message":"Returning cached IMD weather data","timestamp":"2025-09-08T17:09:34.472Z"}
{"level":"info","message":"IMD cache cleared","timestamp":"2025-09-08T17:09:42.233Z"}
{"level":"info","message":"IMD weather data requested","timestamp":"2025-09-08T17:09:46.765Z"}
{"level":"info","message":"No IMD alerts found during scraping - this may indicate scraping issues or no active warnings","timestamp":"2025-09-08T17:09:47.073Z"}
{"alerts":0,"conditions":0,"level":"info","message":"IMD weather data scraped successfully","sources":0,"timestamp":"2025-09-08T17:09:47.073Z"}
{"level":"info","message":"IMD weather data requested","timestamp":"2025-09-08T17:09:49.228Z"}
{"level":"info","message":"Returning cached IMD weather data","timestamp":"2025-09-08T17:09:49.228Z"}
{"level":"info","message":"IMD weather data requested","timestamp":"2025-09-08T17:10:13.477Z"}
{"level":"info","message":"Returning cached IMD weather data","timestamp":"2025-09-08T17:10:13.478Z"}
{"level":"info","message":"IMD weather data requested","timestamp":"2025-09-08T17:10:13.479Z"}
{"level":"info","message":"Returning cached IMD weather data","timestamp":"2025-09-08T17:10:13.480Z"}
{"level":"info","message":"IMD weather data requested","timestamp":"2025-09-08T17:10:16.762Z"}
{"level":"info","message":"Returning cached IMD weather data","timestamp":"2025-09-08T17:10:16.762Z"}
{"level":"info","message":"IMD weather data requested","timestamp":"2025-09-08T17:10:46.855Z"}
{"level":"info","message":"Returning cached IMD weather data","timestamp":"2025-09-08T17:10:46.855Z"}
{"level":"info","message":"IMD weather data requested","timestamp":"2025-09-08T17:11:13.501Z"}
{"level":"info","message":"Returning cached IMD weather data","timestamp":"2025-09-08T17:11:13.501Z"}
{"level":"info","message":"IMD weather data requested","timestamp":"2025-09-08T17:11:13.509Z"}
{"level":"info","message":"Returning cached IMD weather data","timestamp":"2025-09-08T17:11:13.509Z"}
{"level":"info","message":"IMD weather data requested","timestamp":"2025-09-08T17:11:16.764Z"}
{"level":"info","message":"Returning cached IMD weather data","timestamp":"2025-09-08T17:11:16.764Z"}
{"level":"info","message":"IMD weather data requested","timestamp":"2025-09-08T17:11:46.767Z"}
{"level":"info","message":"Returning cached IMD weather data","timestamp":"2025-09-08T17:11:46.767Z"}
{"level":"info","message":"IMD weather data requested","timestamp":"2025-09-08T17:12:13.498Z"}
{"level":"info","message":"IMD weather data requested","timestamp":"2025-09-08T17:12:13.508Z"}
{"level":"info","message":"No IMD alerts found during scraping - this may indicate scraping issues or no active warnings","timestamp":"2025-09-08T17:12:14.445Z"}
{"alerts":0,"conditions":0,"level":"info","message":"IMD weather data scraped successfully","sources":0,"timestamp":"2025-09-08T17:12:14.446Z"}
{"level":"info","message":"IMD weather data requested","timestamp":"2025-09-08T17:12:16.766Z"}
{"level":"info","message":"Returning cached IMD weather data","timestamp":"2025-09-08T17:12:16.766Z"}
{"level":"info","message":"No IMD alerts found during scraping - this may indicate scraping issues or no active warnings","timestamp":"2025-09-08T17:12:18.326Z"}
{"alerts":0,"conditions":0,"level":"info","message":"IMD weather data scraped successfully","sources":0,"timestamp":"2025-09-08T17:12:18.327Z"}
{"level":"info","message":"IMD weather data requested","timestamp":"2025-09-08T17:12:46.765Z"}
{"level":"info","message":"Returning cached IMD weather data","timestamp":"2025-09-08T17:12:46.765Z"}
{"level":"info","message":"IMD weather data requested","timestamp":"2025-09-08T17:13:13.484Z"}
{"level":"info","message":"Returning cached IMD weather data","timestamp":"2025-09-08T17:13:13.484Z"}
{"level":"info","message":"IMD weather data requested","timestamp":"2025-09-08T17:13:13.485Z"}
{"level":"info","message":"Returning cached IMD weather data","timestamp":"2025-09-08T17:13:13.485Z"}
{"level":"info","message":"IMD weather data requested","timestamp":"2025-09-08T17:13:16.769Z"}
{"level":"info","message":"Returning cached IMD weather data","timestamp":"2025-09-08T17:13:16.769Z"}
{"level":"info","message":"IMD weather data requested","timestamp":"2025-09-08T17:13:46.765Z"}
{"level":"info","message":"Returning cached IMD weather data","timestamp":"2025-09-08T17:13:46.765Z"}
{"level":"info","message":"IMD weather data requested","timestamp":"2025-09-08T17:14:13.481Z"}
{"level":"info","message":"Returning cached IMD weather data","timestamp":"2025-09-08T17:14:13.481Z"}
{"level":"info","message":"IMD weather data requested","timestamp":"2025-09-08T17:14:13.483Z"}
{"level":"info","message":"Returning cached IMD weather data","timestamp":"2025-09-08T17:14:13.483Z"}
{"level":"info","message":"IMD weather data requested","timestamp":"2025-09-08T17:14:16.793Z"}
{"level":"info","message":"Returning cached IMD weather data","timestamp":"2025-09-08T17:14:16.793Z"}
{"level":"info","message":"IMD weather data requested","timestamp":"2025-09-08T17:14:46.770Z"}
{"level":"info","message":"No IMD alerts found during scraping - this may indicate scraping issues or no active warnings","timestamp":"2025-09-08T17:14:48.664Z"}
{"alerts":0,"conditions":0,"level":"info","message":"IMD weather data scraped successfully","sources":0,"timestamp":"2025-09-08T17:14:48.665Z"}
{"level":"info","message":"IMD weather data requested","timestamp":"2025-09-08T17:15:13.486Z"}
{"level":"info","message":"Returning cached IMD weather data","timestamp":"2025-09-08T17:15:13.486Z"}
{"level":"info","message":"IMD weather data requested","timestamp":"2025-09-08T17:15:13.488Z"}
{"level":"info","message":"Returning cached IMD weather data","timestamp":"2025-09-08T17:15:13.488Z"}
{"level":"info","message":"IMD weather data requested","timestamp":"2025-09-08T17:15:16.772Z"}
{"level":"info","message":"Returning cached IMD weather data","timestamp":"2025-09-08T17:15:16.772Z"}
{"level":"info","message":"IMD weather data requested","timestamp":"2025-09-08T17:15:32.380Z"}
{"level":"info","message":"Returning cached IMD weather data","timestamp":"2025-09-08T17:15:32.380Z"}
{"level":"info","message":"IMD weather data requested","timestamp":"2025-09-08T17:15:40.955Z"}
{"level":"info","message":"Returning cached IMD weather data","timestamp":"2025-09-08T17:15:40.955Z"}
{"level":"info","message":"IMD weather data requested","timestamp":"2025-09-08T17:15:46.772Z"}
{"level":"info","message":"Returning cached IMD weather data","timestamp":"2025-09-08T17:15:46.772Z"}
{"level":"info","message":"IMD weather data requested","timestamp":"2025-09-08T17:16:13.505Z"}
{"level":"info","message":"Starting IMD scraping with Puppeteer for dynamic content","timestamp":"2025-09-08T17:16:13.505Z"}
{"level":"info","message":"IMD weather data requested","timestamp":"2025-09-08T17:16:13.513Z"}
{"level":"info","message":"Starting IMD scraping with Puppeteer for dynamic content","timestamp":"2025-09-08T17:16:13.513Z"}
{"level":"info","message":"IMD weather data requested","timestamp":"2025-09-08T17:16:13.707Z"}
{"level":"info","message":"Starting IMD scraping with Puppeteer for dynamic content","timestamp":"2025-09-08T17:16:13.707Z"}
{"level":"info","message":"IMD weather data requested","timestamp":"2025-09-08T17:16:16.767Z"}
{"level":"info","message":"Starting IMD scraping with Puppeteer for dynamic content","timestamp":"2025-09-08T17:16:16.767Z"}
{"level":"warn","message":"Error scraping subdivision warnings: page.waitForTimeout is not a function","timestamp":"2025-09-08T17:16:23.443Z"}
{"level":"warn","message":"Error scraping subdivision warnings: page.waitForTimeout is not a function","timestamp":"2025-09-08T17:16:24.715Z"}
{"level":"warn","message":"Error scraping subdivision warnings: page.waitForTimeout is not a function","timestamp":"2025-09-08T17:16:24.813Z"}
{"level":"warn","message":"Error scraping subdivision warnings: page.waitForTimeout is not a function","timestamp":"2025-09-08T17:16:26.547Z"}
{"level":"info","message":"Puppeteer scraping completed - Found 0 alerts","timestamp":"2025-09-08T17:16:26.595Z"}
{"level":"info","message":"No IMD alerts found during scraping - this may indicate scraping issues or no active warnings","timestamp":"2025-09-08T17:16:26.596Z"}
{"alerts":0,"level":"info","message":"IMD weather data scraped successfully with Puppeteer","puppeteer_enabled":true,"sources":2,"timestamp":"2025-09-08T17:16:26.597Z"}
{"level":"info","message":"Puppeteer scraping completed - Found 0 alerts","timestamp":"2025-09-08T17:16:26.837Z"}
{"level":"info","message":"No IMD alerts found during scraping - this may indicate scraping issues or no active warnings","timestamp":"2025-09-08T17:16:26.837Z"}
{"alerts":0,"level":"info","message":"IMD weather data scraped successfully with Puppeteer","puppeteer_enabled":true,"sources":2,"timestamp":"2025-09-08T17:16:26.837Z"}
{"level":"info","message":"Puppeteer scraping completed - Found 0 alerts","timestamp":"2025-09-08T17:16:28.320Z"}
{"level":"info","message":"No IMD alerts found during scraping - this may indicate scraping issues or no active warnings","timestamp":"2025-09-08T17:16:28.320Z"}
{"alerts":0,"level":"info","message":"IMD weather data scraped successfully with Puppeteer","puppeteer_enabled":true,"sources":2,"timestamp":"2025-09-08T17:16:28.320Z"}
{"level":"info","message":"Puppeteer scraping completed - Found 0 alerts","timestamp":"2025-09-08T17:16:28.321Z"}
{"level":"info","message":"No IMD alerts found during scraping - this may indicate scraping issues or no active warnings","timestamp":"2025-09-08T17:16:28.321Z"}
{"alerts":0,"level":"info","message":"IMD weather data scraped successfully with Puppeteer","puppeteer_enabled":true,"sources":2,"timestamp":"2025-09-08T17:16:28.321Z"}
{"level":"info","message":"IMD weather data requested","timestamp":"2025-09-08T17:16:46.785Z"}
{"level":"info","message":"Returning cached IMD weather data","timestamp":"2025-09-08T17:16:46.785Z"}
{"level":"info","message":"IMD weather data requested","timestamp":"2025-09-08T17:17:13.532Z"}
{"level":"info","message":"Returning cached IMD weather data","timestamp":"2025-09-08T17:17:13.532Z"}
{"level":"info","message":"IMD weather data requested","timestamp":"2025-09-08T17:17:13.534Z"}
{"level":"info","message":"Returning cached IMD weather data","timestamp":"2025-09-08T17:17:13.534Z"}
{"level":"info","message":"IMD weather data requested","timestamp":"2025-09-08T17:17:16.774Z"}
{"level":"info","message":"Returning cached IMD weather data","timestamp":"2025-09-08T17:17:16.774Z"}
{"level":"info","message":"IMD weather data requested","timestamp":"2025-09-08T17:17:46.768Z"}
{"level":"info","message":"Returning cached IMD weather data","timestamp":"2025-09-08T17:17:46.768Z"}
{"level":"info","message":"IMD weather data requested","timestamp":"2025-09-08T17:17:48.083Z"}
{"level":"info","message":"Returning cached IMD weather data","timestamp":"2025-09-08T17:17:48.083Z"}
{"level":"info","message":"IMD weather data requested","timestamp":"2025-09-08T17:18:13.492Z"}
{"level":"info","message":"Returning cached IMD weather data","timestamp":"2025-09-08T17:18:13.492Z"}
{"level":"info","message":"IMD weather data requested","timestamp":"2025-09-08T17:18:13.493Z"}
{"level":"info","message":"Returning cached IMD weather data","timestamp":"2025-09-08T17:18:13.493Z"}
{"level":"info","message":"IMD weather data requested","timestamp":"2025-09-08T17:18:16.775Z"}
{"level":"info","message":"Returning cached IMD weather data","timestamp":"2025-09-08T17:18:16.775Z"}
{"level":"info","message":"IMD cache cleared","timestamp":"2025-09-08T17:18:22.520Z"}
{"level":"info","message":"IMD weather data requested","timestamp":"2025-09-08T17:18:28.086Z"}
{"level":"info","message":"Starting IMD scraping with Puppeteer for dynamic content","timestamp":"2025-09-08T17:18:28.086Z"}
{"level":"warn","message":"Error scraping subdivision warnings: page.waitForTimeout is not a function","timestamp":"2025-09-08T17:18:34.372Z"}
{"level":"info","message":"Puppeteer scraping completed - Found 0 alerts","timestamp":"2025-09-08T17:18:34.466Z"}
{"level":"info","message":"No IMD alerts found during scraping - this may indicate scraping issues or no active warnings","timestamp":"2025-09-08T17:18:34.466Z"}
{"alerts":0,"level":"info","message":"IMD weather data scraped successfully with Puppeteer","puppeteer_enabled":true,"sources":2,"timestamp":"2025-09-08T17:18:34.466Z"}
{"level":"info","message":"IMD weather data requested","timestamp":"2025-09-08T17:18:46.770Z"}
{"level":"info","message":"Returning cached IMD weather data","timestamp":"2025-09-08T17:18:46.770Z"}
{"level":"info","message":"IMD cache cleared","timestamp":"2025-09-08T17:19:04.305Z"}
{"level":"info","message":"IMD weather data requested","timestamp":"2025-09-08T17:19:06.338Z"}
{"level":"info","message":"Starting IMD scraping with Puppeteer for dynamic content","timestamp":"2025-09-08T17:19:06.338Z"}
{"level":"warn","message":"Error scraping subdivision warnings: page.waitForTimeout is not a function","timestamp":"2025-09-08T17:19:11.289Z"}
{"level":"info","message":"Puppeteer scraping completed - Found 0 alerts","timestamp":"2025-09-08T17:19:11.386Z"}
{"level":"info","message":"No IMD alerts found during scraping - this may indicate scraping issues or no active warnings","timestamp":"2025-09-08T17:19:11.386Z"}
{"alerts":0,"level":"info","message":"IMD weather data scraped successfully with Puppeteer","puppeteer_enabled":true,"sources":2,"timestamp":"2025-09-08T17:19:11.386Z"}
{"level":"info","message":"IMD weather data requested","timestamp":"2025-09-08T17:19:13.488Z"}
{"level":"info","message":"Returning cached IMD weather data","timestamp":"2025-09-08T17:19:13.488Z"}
{"level":"info","message":"IMD weather data requested","timestamp":"2025-09-08T17:19:13.489Z"}
{"level":"info","message":"Returning cached IMD weather data","timestamp":"2025-09-08T17:19:13.489Z"}
{"level":"info","message":"IMD weather data requested","timestamp":"2025-09-08T17:19:16.771Z"}
{"level":"info","message":"Returning cached IMD weather data","timestamp":"2025-09-08T17:19:16.771Z"}
{"level":"info","message":"IMD weather data requested","timestamp":"2025-09-08T17:19:46.788Z"}
{"level":"info","message":"Returning cached IMD weather data","timestamp":"2025-09-08T17:19:46.788Z"}
{"level":"info","message":"IMD cache cleared","timestamp":"2025-09-08T17:20:02.641Z"}
{"level":"info","message":"IMD weather data requested","timestamp":"2025-09-08T17:20:04.676Z"}
{"level":"info","message":"Starting IMD scraping with Puppeteer for dynamic content","timestamp":"2025-09-08T17:20:04.676Z"}
{"level":"info","message":"IMD weather data requested","timestamp":"2025-09-08T17:20:13.496Z"}
{"level":"info","message":"Starting IMD scraping with Puppeteer for dynamic content","timestamp":"2025-09-08T17:20:13.496Z"}
{"level":"info","message":"IMD weather data requested","timestamp":"2025-09-08T17:20:13.497Z"}
{"level":"info","message":"Starting IMD scraping with Puppeteer for dynamic content","timestamp":"2025-09-08T17:20:13.497Z"}
{"level":"info","message":"Found 28 alerts from subdivision warnings page","timestamp":"2025-09-08T17:20:16.644Z"}
{"level":"info","message":"Puppeteer scraping completed - Found 28 alerts","timestamp":"2025-09-08T17:20:16.773Z"}
{"alerts":16,"level":"info","message":"IMD weather data scraped successfully with Puppeteer","puppeteer_enabled":true,"sources":2,"timestamp":"2025-09-08T17:20:16.778Z"}
{"level":"info","message":"IMD weather data requested","timestamp":"2025-09-08T17:20:16.791Z"}
{"level":"info","message":"Returning cached IMD weather data","timestamp":"2025-09-08T17:20:16.791Z"}
{"level":"info","message":"Found 28 alerts from subdivision warnings page","timestamp":"2025-09-08T17:20:25.177Z"}
{"level":"info","message":"Puppeteer scraping completed - Found 28 alerts","timestamp":"2025-09-08T17:20:25.308Z"}
{"alerts":16,"level":"info","message":"IMD weather data scraped successfully with Puppeteer","puppeteer_enabled":true,"sources":2,"timestamp":"2025-09-08T17:20:25.312Z"}
{"level":"info","message":"Found 28 alerts from subdivision warnings page","timestamp":"2025-09-08T17:20:27.201Z"}
{"level":"info","message":"Puppeteer scraping completed - Found 28 alerts","timestamp":"2025-09-08T17:20:27.319Z"}
{"alerts":16,"level":"info","message":"IMD weather data scraped successfully with Puppeteer","puppeteer_enabled":true,"sources":2,"timestamp":"2025-09-08T17:20:27.321Z"}
{"level":"info","message":"IMD weather data requested","timestamp":"2025-09-08T17:20:29.332Z"}
{"level":"info","message":"Returning cached IMD weather data","timestamp":"2025-09-08T17:20:29.332Z"}
{"level":"info","message":"IMD weather data requested","timestamp":"2025-09-08T17:21:13.487Z"}
{"level":"info","message":"Returning cached IMD weather data","timestamp":"2025-09-08T17:21:13.487Z"}
{"level":"info","message":"IMD weather data requested","timestamp":"2025-09-08T17:21:13.488Z"}
{"level":"info","message":"Returning cached IMD weather data","timestamp":"2025-09-08T17:21:13.488Z"}
{"level":"info","message":"IMD weather data requested","timestamp":"2025-09-08T17:22:13.485Z"}
{"level":"info","message":"Returning cached IMD weather data","timestamp":"2025-09-08T17:22:13.485Z"}
{"level":"info","message":"IMD weather data requested","timestamp":"2025-09-08T17:22:13.486Z"}
{"level":"info","message":"Returning cached IMD weather data","timestamp":"2025-09-08T17:22:13.486Z"}
{"level":"info","message":"IMD weather data requested","timestamp":"2025-09-08T17:23:13.490Z"}
{"level":"info","message":"Starting IMD scraping with Puppeteer for dynamic content","timestamp":"2025-09-08T17:23:13.490Z"}
{"level":"info","message":"IMD weather data requested","timestamp":"2025-09-08T17:23:13.491Z"}
{"level":"info","message":"Starting IMD scraping with Puppeteer for dynamic content","timestamp":"2025-09-08T17:23:13.491Z"}
{"level":"info","message":"Found 28 alerts from subdivision warnings page","timestamp":"2025-09-08T17:23:24.498Z"}
{"level":"info","message":"Puppeteer scraping completed - Found 28 alerts","timestamp":"2025-09-08T17:23:24.620Z"}
{"alerts":16,"level":"info","message":"IMD weather data scraped successfully with Puppeteer","puppeteer_enabled":true,"sources":2,"timestamp":"2025-09-08T17:23:24.622Z"}
{"level":"info","message":"Found 28 alerts from subdivision warnings page","timestamp":"2025-09-08T17:23:26.450Z"}
{"level":"info","message":"Puppeteer scraping completed - Found 28 alerts","timestamp":"2025-09-08T17:23:26.546Z"}
{"alerts":16,"level":"info","message":"IMD weather data scraped successfully with Puppeteer","puppeteer_enabled":true,"sources":2,"timestamp":"2025-09-08T17:23:26.549Z"}
{"level":"info","message":"IMD weather data requested","timestamp":"2025-09-08T17:23:57.850Z"}
{"level":"info","message":"Returning cached IMD weather data","timestamp":"2025-09-08T17:23:57.850Z"}
{"level":"info","message":"IMD weather data requested","timestamp":"2025-09-08T17:27:13.508Z"}
{"level":"info","message":"Starting IMD scraping with Puppeteer for dynamic content","timestamp":"2025-09-08T17:27:13.508Z"}
{"level":"info","message":"Found 28 alerts from subdivision warnings page","timestamp":"2025-09-08T17:27:28.130Z"}
{"level":"info","message":"Puppeteer scraping completed - Found 28 alerts","timestamp":"2025-09-08T17:27:28.260Z"}
{"alerts":16,"level":"info","message":"IMD weather data scraped successfully with Puppeteer","puppeteer_enabled":true,"sources":2,"timestamp":"2025-09-08T17:27:28.263Z"}
{"level":"info","message":"IMD weather data requested","timestamp":"2025-09-08T17:28:13.563Z"}
{"level":"info","message":"Returning cached IMD weather data","timestamp":"2025-09-08T17:28:13.563Z"}
{"level":"info","message":"Fetching current weather for coordinates: 19.076, 72.8777","timestamp":"2025-09-08T17:28:38.255Z"}
{"level":"info","message":"IMD weather data requested","timestamp":"2025-09-08T17:28:38.310Z"}
{"level":"info","message":"Returning cached IMD weather data","timestamp":"2025-09-08T17:28:38.310Z"}
{"level":"info","message":"IMD weather data requested","timestamp":"2025-09-08T17:28:38.329Z"}
{"level":"info","message":"Returning cached IMD weather data","timestamp":"2025-09-08T17:28:38.329Z"}
{"level":"info","message":"Retry attempt 1/3 after 1000ms","timestamp":"2025-09-08T17:28:39.510Z"}
{"level":"info","message":"Retry attempt 2/3 after 2000ms","timestamp":"2025-09-08T17:28:40.747Z"}
{"level":"error","message":"Error fetching current weather:","timestamp":"2025-09-08T17:28:42.976Z"}
{"level":"info","message":"Fetching current weather for coordinates: 19.076, 72.8777","timestamp":"2025-09-08T17:28:42.980Z"}
{"level":"info","message":"Retry attempt 1/3 after 1000ms","timestamp":"2025-09-08T17:28:43.203Z"}
{"level":"info","message":"Retry attempt 2/3 after 2000ms","timestamp":"2025-09-08T17:28:44.449Z"}
{"level":"error","message":"Error fetching current weather:","timestamp":"2025-09-08T17:28:46.676Z"}
{"level":"info","message":"IMD weather data requested","timestamp":"2025-09-08T17:29:08.230Z"}
{"level":"info","message":"Returning cached IMD weather data","timestamp":"2025-09-08T17:29:08.230Z"}
{"level":"info","message":"IMD cache cleared","timestamp":"2025-09-08T17:29:10.809Z"}
{"level":"info","message":"IMD weather data requested","timestamp":"2025-09-08T17:29:11.324Z"}
{"level":"info","message":"Starting IMD scraping with Puppeteer for dynamic content","timestamp":"2025-09-08T17:29:11.324Z"}
{"level":"info","message":"IMD weather data requested","timestamp":"2025-09-08T17:29:13.502Z"}
{"level":"info","message":"Starting IMD scraping with Puppeteer for dynamic content","timestamp":"2025-09-08T17:29:13.502Z"}
{"level":"info","message":"Found 28 alerts from subdivision warnings page","timestamp":"2025-09-08T17:29:22.831Z"}
{"level":"info","message":"Found 28 alerts from subdivision warnings page","timestamp":"2025-09-08T17:29:22.900Z"}
{"level":"info","message":"Puppeteer scraping completed - Found 28 alerts","timestamp":"2025-09-08T17:29:22.985Z"}
{"alerts":16,"level":"info","message":"IMD weather data scraped successfully with Puppeteer","puppeteer_enabled":true,"sources":2,"timestamp":"2025-09-08T17:29:22.988Z"}
{"level":"info","message":"Puppeteer scraping completed - Found 28 alerts","timestamp":"2025-09-08T17:29:23.009Z"}
{"alerts":16,"level":"info","message":"IMD weather data scraped successfully with Puppeteer","puppeteer_enabled":true,"sources":2,"timestamp":"2025-09-08T17:29:23.011Z"}
{"level":"info","message":"IMD weather data requested","timestamp":"2025-09-08T17:29:38.229Z"}
{"level":"info","message":"Returning cached IMD weather data","timestamp":"2025-09-08T17:29:38.229Z"}
{"level":"info","message":"Fetching current weather for coordinates: 19.076, 72.8777","timestamp":"2025-09-08T17:29:45.163Z"}
{"level":"info","message":"IMD weather data requested","timestamp":"2025-09-08T17:29:45.186Z"}
{"level":"info","message":"Returning cached IMD weather data","timestamp":"2025-09-08T17:29:45.186Z"}
{"level":"info","message":"IMD weather data requested","timestamp":"2025-09-08T17:29:45.201Z"}
{"level":"info","message":"Returning cached IMD weather data","timestamp":"2025-09-08T17:29:45.201Z"}
{"level":"info","message":"Retry attempt 1/3 after 1000ms","timestamp":"2025-09-08T17:29:45.892Z"}
{"level":"info","message":"Retry attempt 2/3 after 2000ms","timestamp":"2025-09-08T17:29:47.130Z"}
{"level":"error","message":"Error fetching current weather:","timestamp":"2025-09-08T17:29:49.350Z"}
{"level":"info","message":"Fetching current weather for coordinates: 19.076, 72.8777","timestamp":"2025-09-08T17:29:49.353Z"}
{"level":"info","message":"Retry attempt 1/3 after 1000ms","timestamp":"2025-09-08T17:29:49.576Z"}
{"level":"info","message":"Retry attempt 2/3 after 2000ms","timestamp":"2025-09-08T17:29:50.798Z"}
{"level":"error","message":"Error fetching current weather:","timestamp":"2025-09-08T17:29:53.034Z"}
{"level":"info","message":"IMD weather data requested","timestamp":"2025-09-08T17:30:08.501Z"}
{"level":"info","message":"Returning cached IMD weather data","timestamp":"2025-09-08T17:30:08.501Z"}
{"level":"info","message":"IMD weather data requested","timestamp":"2025-09-08T17:30:13.501Z"}
{"level":"info","message":"Returning cached IMD weather data","timestamp":"2025-09-08T17:30:13.501Z"}
{"level":"info","message":"IMD weather data requested","timestamp":"2025-09-08T17:30:15.135Z"}
{"level":"info","message":"Returning cached IMD weather data","timestamp":"2025-09-08T17:30:15.135Z"}
{"level":"info","message":"IMD weather data requested","timestamp":"2025-09-08T17:30:38.499Z"}
{"level":"info","message":"Returning cached IMD weather data","timestamp":"2025-09-08T17:30:38.500Z"}
{"level":"info","message":"IMD weather data requested","timestamp":"2025-09-08T17:30:45.496Z"}
{"level":"info","message":"Returning cached IMD weather data","timestamp":"2025-09-08T17:30:45.496Z"}
{"level":"info","message":"IMD weather data requested","timestamp":"2025-09-08T17:31:08.503Z"}
{"level":"info","message":"Returning cached IMD weather data","timestamp":"2025-09-08T17:31:08.503Z"}
{"level":"info","message":"IMD weather data requested","timestamp":"2025-09-08T17:31:13.497Z"}
{"level":"info","message":"Returning cached IMD weather data","timestamp":"2025-09-08T17:31:13.497Z"}
{"level":"info","message":"IMD weather data requested","timestamp":"2025-09-08T17:31:15.137Z"}
{"level":"info","message":"Returning cached IMD weather data","timestamp":"2025-09-08T17:31:15.137Z"}
{"level":"info","message":"IMD weather data requested","timestamp":"2025-09-08T17:31:38.503Z"}
{"level":"info","message":"Starting IMD scraping with Puppeteer for dynamic content","timestamp":"2025-09-08T17:31:38.503Z"}
{"level":"info","message":"IMD weather data requested","timestamp":"2025-09-08T17:31:45.500Z"}
{"level":"info","message":"Starting IMD scraping with Puppeteer for dynamic content","timestamp":"2025-09-08T17:31:45.500Z"}
{"level":"info","message":"Found 28 alerts from subdivision warnings page","timestamp":"2025-09-08T17:31:49.427Z"}
{"level":"info","message":"Puppeteer scraping completed - Found 28 alerts","timestamp":"2025-09-08T17:31:49.568Z"}
{"alerts":16,"level":"info","message":"IMD weather data scraped successfully with Puppeteer","puppeteer_enabled":true,"sources":2,"timestamp":"2025-09-08T17:31:49.571Z"}
{"level":"info","message":"Found 28 alerts from subdivision warnings page","timestamp":"2025-09-08T17:31:56.714Z"}
{"level":"info","message":"Puppeteer scraping completed - Found 28 alerts","timestamp":"2025-09-08T17:31:56.867Z"}
{"alerts":16,"level":"info","message":"IMD weather data scraped successfully with Puppeteer","puppeteer_enabled":true,"sources":2,"timestamp":"2025-09-08T17:31:56.872Z"}
{"level":"info","message":"IMD weather data requested","timestamp":"2025-09-08T17:32:08.496Z"}
{"level":"info","message":"Returning cached IMD weather data","timestamp":"2025-09-08T17:32:08.496Z"}
{"level":"info","message":"IMD weather data requested","timestamp":"2025-09-08T17:32:13.510Z"}
{"level":"info","message":"Returning cached IMD weather data","timestamp":"2025-09-08T17:32:13.510Z"}
{"level":"info","message":"IMD weather data requested","timestamp":"2025-09-08T17:32:15.501Z"}
{"level":"info","message":"Returning cached IMD weather data","timestamp":"2025-09-08T17:32:15.501Z"}
{"level":"info","message":"IMD weather data requested","timestamp":"2025-09-08T17:32:45.145Z"}
{"level":"info","message":"Returning cached IMD weather data","timestamp":"2025-09-08T17:32:45.145Z"}
{"level":"info","message":"IMD weather data requested","timestamp":"2025-09-08T17:33:13.508Z"}
{"level":"info","message":"Returning cached IMD weather data","timestamp":"2025-09-08T17:33:13.508Z"}
{"level":"info","message":"IMD weather data requested","timestamp":"2025-09-08T17:33:13.513Z"}
{"level":"info","message":"Returning cached IMD weather data","timestamp":"2025-09-08T17:33:13.513Z"}
{"level":"info","message":"IMD weather data requested","timestamp":"2025-09-08T17:33:15.504Z"}
{"level":"info","message":"Returning cached IMD weather data","timestamp":"2025-09-08T17:33:15.504Z"}
{"level":"info","message":"IMD weather data requested","timestamp":"2025-09-08T17:33:45.496Z"}
{"level":"info","message":"Returning cached IMD weather data","timestamp":"2025-09-08T17:33:45.496Z"}
{"level":"info","message":"IMD weather data requested","timestamp":"2025-09-08T17:34:13.515Z"}
{"level":"info","message":"Starting IMD scraping with Puppeteer for dynamic content","timestamp":"2025-09-08T17:34:13.515Z"}
{"level":"info","message":"IMD weather data requested","timestamp":"2025-09-08T17:34:13.524Z"}
{"level":"info","message":"Starting IMD scraping with Puppeteer for dynamic content","timestamp":"2025-09-08T17:34:13.524Z"}
{"level":"info","message":"IMD weather data requested","timestamp":"2025-09-08T17:34:15.510Z"}
{"level":"info","message":"Starting IMD scraping with Puppeteer for dynamic content","timestamp":"2025-09-08T17:34:15.511Z"}
{"level":"info","message":"Found 28 alerts from subdivision warnings page","timestamp":"2025-09-08T17:34:29.686Z"}
{"level":"info","message":"Puppeteer scraping completed - Found 28 alerts","timestamp":"2025-09-08T17:34:29.800Z"}
{"alerts":16,"level":"info","message":"IMD weather data scraped successfully with Puppeteer","puppeteer_enabled":true,"sources":2,"timestamp":"2025-09-08T17:34:29.804Z"}
{"level":"info","message":"Found 28 alerts from subdivision warnings page","timestamp":"2025-09-08T17:34:29.824Z"}
{"level":"info","message":"Found 28 alerts from subdivision warnings page","timestamp":"2025-09-08T17:34:29.900Z"}
{"level":"info","message":"Puppeteer scraping completed - Found 28 alerts","timestamp":"2025-09-08T17:34:29.978Z"}
{"alerts":16,"level":"info","message":"IMD weather data scraped successfully with Puppeteer","puppeteer_enabled":true,"sources":2,"timestamp":"2025-09-08T17:34:29.980Z"}
{"level":"info","message":"Puppeteer scraping completed - Found 28 alerts","timestamp":"2025-09-08T17:34:30.014Z"}
{"alerts":16,"level":"info","message":"IMD weather data scraped successfully with Puppeteer","puppeteer_enabled":true,"sources":2,"timestamp":"2025-09-08T17:34:30.016Z"}
{"level":"info","message":"IMD weather data requested","timestamp":"2025-09-08T17:35:13.507Z"}
{"level":"info","message":"Returning cached IMD weather data","timestamp":"2025-09-08T17:35:13.507Z"}
{"level":"info","message":"IMD weather data requested","timestamp":"2025-09-08T17:35:13.511Z"}
{"level":"info","message":"Returning cached IMD weather data","timestamp":"2025-09-08T17:35:13.511Z"}
{"level":"info","message":"IMD weather data requested","timestamp":"2025-09-08T17:35:13.512Z"}
{"level":"info","message":"Returning cached IMD weather data","timestamp":"2025-09-08T17:35:13.512Z"}
{"level":"info","message":"IMD weather data requested","timestamp":"2025-09-08T17:35:45.820Z"}
{"level":"info","message":"Returning cached IMD weather data","timestamp":"2025-09-08T17:35:45.820Z"}
{"level":"info","message":"IMD weather data requested","timestamp":"2025-09-08T17:36:13.507Z"}
{"level":"info","message":"Returning cached IMD weather data","timestamp":"2025-09-08T17:36:13.507Z"}
{"level":"info","message":"IMD weather data requested","timestamp":"2025-09-08T17:36:13.509Z"}
{"level":"info","message":"Returning cached IMD weather data","timestamp":"2025-09-08T17:36:13.509Z"}
{"level":"info","message":"IMD weather data requested","timestamp":"2025-09-08T17:36:15.136Z"}
{"level":"info","message":"Returning cached IMD weather data","timestamp":"2025-09-08T17:36:15.136Z"}
{"level":"info","message":"IMD weather data requested","timestamp":"2025-09-08T17:36:45.136Z"}
{"level":"info","message":"Starting IMD scraping with Puppeteer for dynamic content","timestamp":"2025-09-08T17:36:45.136Z"}
{"level":"info","message":"Found 28 alerts from subdivision warnings page","timestamp":"2025-09-08T17:36:56.635Z"}
{"level":"info","message":"Puppeteer scraping completed - Found 28 alerts","timestamp":"2025-09-08T17:36:56.774Z"}
{"alerts":16,"level":"info","message":"IMD weather data scraped successfully with Puppeteer","puppeteer_enabled":true,"sources":2,"timestamp":"2025-09-08T17:36:56.777Z"}
{"level":"info","message":"IMD cache cleared","timestamp":"2025-09-08T17:37:07.822Z"}
{"level":"info","message":"IMD weather data requested","timestamp":"2025-09-08T17:37:13.520Z"}
{"level":"info","message":"Starting IMD scraping with Puppeteer for dynamic content","timestamp":"2025-09-08T17:37:13.520Z"}
{"level":"info","message":"IMD weather data requested","timestamp":"2025-09-08T17:37:13.520Z"}
{"level":"info","message":"Starting IMD scraping with Puppeteer for dynamic content","timestamp":"2025-09-08T17:37:13.520Z"}
{"level":"info","message":"IMD weather data requested","timestamp":"2025-09-08T17:37:15.117Z"}
{"level":"info","message":"Starting IMD scraping with Puppeteer for dynamic content","timestamp":"2025-09-08T17:37:15.118Z"}
{"level":"info","message":"IMD weather data requested","timestamp":"2025-09-08T17:37:15.149Z"}
{"level":"info","message":"Starting IMD scraping with Puppeteer for dynamic content","timestamp":"2025-09-08T17:37:15.149Z"}
{"level":"info","message":"Found 28 alerts from subdivision warnings page","timestamp":"2025-09-08T17:37:26.222Z"}
{"level":"info","message":"Puppeteer scraping completed - Found 28 alerts","timestamp":"2025-09-08T17:37:26.348Z"}
{"alerts":16,"level":"info","message":"IMD weather data scraped successfully with Puppeteer","puppeteer_enabled":true,"sources":2,"timestamp":"2025-09-08T17:37:26.350Z"}
{"level":"info","message":"Found 28 alerts from subdivision warnings page","timestamp":"2025-09-08T17:37:30.903Z"}
{"level":"info","message":"Puppeteer scraping completed - Found 28 alerts","timestamp":"2025-09-08T17:37:31.006Z"}
{"alerts":16,"level":"info","message":"IMD weather data scraped successfully with Puppeteer","puppeteer_enabled":true,"sources":2,"timestamp":"2025-09-08T17:37:31.008Z"}
{"level":"info","message":"Found 28 alerts from subdivision warnings page","timestamp":"2025-09-08T17:37:31.689Z"}
{"level":"info","message":"Found 28 alerts from subdivision warnings page","timestamp":"2025-09-08T17:37:31.753Z"}
{"level":"info","message":"Puppeteer scraping completed - Found 28 alerts","timestamp":"2025-09-08T17:37:31.834Z"}
{"alerts":16,"level":"info","message":"IMD weather data scraped successfully with Puppeteer","puppeteer_enabled":true,"sources":2,"timestamp":"2025-09-08T17:37:31.836Z"}
{"level":"info","message":"Puppeteer scraping completed - Found 28 alerts","timestamp":"2025-09-08T17:37:31.858Z"}
{"alerts":16,"level":"info","message":"IMD weather data scraped successfully with Puppeteer","puppeteer_enabled":true,"sources":2,"timestamp":"2025-09-08T17:37:31.861Z"}
{"level":"info","message":"IMD weather data requested","timestamp":"2025-09-08T17:37:45.137Z"}
{"level":"info","message":"Returning cached IMD weather data","timestamp":"2025-09-08T17:37:45.137Z"}
{"level":"info","message":"IMD weather data requested","timestamp":"2025-09-08T17:38:13.510Z"}
{"level":"info","message":"Returning cached IMD weather data","timestamp":"2025-09-08T17:38:13.510Z"}
{"level":"info","message":"IMD weather data requested","timestamp":"2025-09-08T17:38:13.511Z"}
{"level":"info","message":"Returning cached IMD weather data","timestamp":"2025-09-08T17:38:13.511Z"}
{"level":"info","message":"IMD weather data requested","timestamp":"2025-09-08T17:38:15.136Z"}
{"level":"info","message":"Returning cached IMD weather data","timestamp":"2025-09-08T17:38:15.136Z"}
{"level":"info","message":"IMD cache cleared","timestamp":"2025-09-08T17:38:19.106Z"}
{"level":"info","message":"IMD weather data requested","timestamp":"2025-09-08T17:38:21.138Z"}
{"level":"info","message":"Starting IMD scraping with Puppeteer for dynamic content","timestamp":"2025-09-08T17:38:21.138Z"}
{"level":"info","message":"Found 28 alerts from subdivision warnings page","timestamp":"2025-09-08T17:38:32.472Z"}
{"level":"info","message":"Puppeteer scraping completed - Found 28 alerts","timestamp":"2025-09-08T17:38:32.561Z"}
{"alerts":16,"level":"info","message":"IMD weather data scraped successfully with Puppeteer","puppeteer_enabled":true,"sources":2,"timestamp":"2025-09-08T17:38:32.563Z"}
{"level":"info","message":"IMD weather data requested","timestamp":"2025-09-08T17:38:45.138Z"}
{"level":"info","message":"Returning cached IMD weather data","timestamp":"2025-09-08T17:38:45.138Z"}
{"level":"info","message":"IMD weather data requested","timestamp":"2025-09-08T17:39:13.505Z"}
{"level":"info","message":"Returning cached IMD weather data","timestamp":"2025-09-08T17:39:13.506Z"}
{"level":"info","message":"IMD weather data requested","timestamp":"2025-09-08T17:39:13.507Z"}
{"level":"info","message":"Returning cached IMD weather data","timestamp":"2025-09-08T17:39:13.507Z"}
{"level":"info","message":"IMD weather data requested","timestamp":"2025-09-08T17:39:15.138Z"}
{"level":"info","message":"Returning cached IMD weather data","timestamp":"2025-09-08T17:39:15.138Z"}
{"level":"info","message":"IMD cache cleared","timestamp":"2025-09-08T17:39:16.032Z"}
{"level":"info","message":"IMD weather data requested","timestamp":"2025-09-08T17:39:18.063Z"}
{"level":"info","message":"Starting IMD scraping with Puppeteer for dynamic content","timestamp":"2025-09-08T17:39:18.063Z"}
{"level":"info","message":"Found 28 alerts from subdivision warnings page","timestamp":"2025-09-08T17:39:27.887Z"}
{"level":"info","message":"Puppeteer scraping completed - Found 28 alerts","timestamp":"2025-09-08T17:39:27.992Z"}
{"alerts":16,"level":"info","message":"IMD weather data scraped successfully with Puppeteer","puppeteer_enabled":true,"sources":2,"timestamp":"2025-09-08T17:39:27.994Z"}
{"level":"info","message":"IMD weather data requested","timestamp":"2025-09-08T17:39:45.138Z"}
{"level":"info","message":"Returning cached IMD weather data","timestamp":"2025-09-08T17:39:45.138Z"}
{"level":"info","message":"IMD weather data requested","timestamp":"2025-09-08T17:40:13.507Z"}
{"level":"info","message":"Returning cached IMD weather data","timestamp":"2025-09-08T17:40:13.508Z"}
{"level":"info","message":"IMD weather data requested","timestamp":"2025-09-08T17:40:13.509Z"}
{"level":"info","message":"Returning cached IMD weather data","timestamp":"2025-09-08T17:40:13.509Z"}
{"level":"info","message":"IMD weather data requested","timestamp":"2025-09-08T17:40:15.145Z"}
{"level":"info","message":"Returning cached IMD weather data","timestamp":"2025-09-08T17:40:15.145Z"}
{"level":"info","message":"IMD weather data requested","timestamp":"2025-09-08T17:40:45.140Z"}
{"level":"info","message":"Returning cached IMD weather data","timestamp":"2025-09-08T17:40:45.141Z"}
{"level":"info","message":"IMD weather data requested","timestamp":"2025-09-08T17:41:13.510Z"}
{"level":"info","message":"Returning cached IMD weather data","timestamp":"2025-09-08T17:41:13.510Z"}
{"level":"info","message":"IMD weather data requested","timestamp":"2025-09-08T17:41:13.512Z"}
{"level":"info","message":"Returning cached IMD weather data","timestamp":"2025-09-08T17:41:13.512Z"}
{"level":"info","message":"IMD weather data requested","timestamp":"2025-09-08T17:41:15.145Z"}
{"level":"info","message":"Returning cached IMD weather data","timestamp":"2025-09-08T17:41:15.146Z"}
{"level":"info","message":"IMD weather data requested","timestamp":"2025-09-08T17:41:45.145Z"}
{"level":"info","message":"Starting IMD scraping with Puppeteer for dynamic content","timestamp":"2025-09-08T17:41:45.145Z"}
{"level":"info","message":"Found 28 alerts from subdivision warnings page","timestamp":"2025-09-08T17:41:55.817Z"}
{"level":"info","message":"Puppeteer scraping completed - Found 28 alerts","timestamp":"2025-09-08T17:41:55.918Z"}
{"alerts":16,"level":"info","message":"IMD weather data scraped successfully with Puppeteer","puppeteer_enabled":true,"sources":2,"timestamp":"2025-09-08T17:41:55.920Z"}
{"level":"info","message":"IMD weather data requested","timestamp":"2025-09-08T17:42:13.513Z"}
{"level":"info","message":"Returning cached IMD weather data","timestamp":"2025-09-08T17:42:13.513Z"}
{"level":"info","message":"IMD weather data requested","timestamp":"2025-09-08T17:42:13.514Z"}
{"level":"info","message":"Returning cached IMD weather data","timestamp":"2025-09-08T17:42:13.514Z"}
{"level":"info","message":"IMD weather data requested","timestamp":"2025-09-08T17:42:15.146Z"}
{"level":"info","message":"Returning cached IMD weather data","timestamp":"2025-09-08T17:42:15.147Z"}
{"level":"info","message":"IMD weather data requested","timestamp":"2025-09-08T17:42:45.140Z"}
{"level":"info","message":"Returning cached IMD weather data","timestamp":"2025-09-08T17:42:45.140Z"}
{"level":"info","message":"IMD weather data requested","timestamp":"2025-09-08T17:43:13.519Z"}
{"level":"info","message":"Returning cached IMD weather data","timestamp":"2025-09-08T17:43:13.519Z"}
{"level":"info","message":"IMD weather data requested","timestamp":"2025-09-08T17:43:13.521Z"}
{"level":"info","message":"Returning cached IMD weather data","timestamp":"2025-09-08T17:43:13.521Z"}
{"level":"info","message":"IMD weather data requested","timestamp":"2025-09-08T17:43:15.138Z"}
{"level":"info","message":"Returning cached IMD weather data","timestamp":"2025-09-08T17:43:15.138Z"}
{"level":"info","message":"IMD cache cleared","timestamp":"2025-09-08T17:43:38.546Z"}
{"level":"info","message":"IMD weather data requested","timestamp":"2025-09-08T17:43:40.580Z"}
{"level":"info","message":"Starting IMD scraping with Puppeteer for dynamic content","timestamp":"2025-09-08T17:43:40.581Z"}
{"level":"info","message":"IMD weather data requested","timestamp":"2025-09-08T17:43:45.132Z"}
{"level":"info","message":"Starting IMD scraping with Puppeteer for dynamic content","timestamp":"2025-09-08T17:43:45.132Z"}
{"level":"info","message":"Found 5 alerts from subdivision warnings page","timestamp":"2025-09-08T17:43:50.725Z"}
{"level":"info","message":"Puppeteer scraping completed - Found 5 alerts","timestamp":"2025-09-08T17:43:50.847Z"}
{"alerts":5,"level":"info","message":"IMD weather data scraped successfully with Puppeteer","puppeteer_enabled":true,"sources":2,"timestamp":"2025-09-08T17:43:50.848Z"}
{"level":"info","message":"Found 3 alerts from subdivision warnings page","timestamp":"2025-09-08T17:43:54.010Z"}
{"level":"info","message":"Puppeteer scraping completed - Found 3 alerts","timestamp":"2025-09-08T17:43:54.203Z"}
{"alerts":3,"level":"info","message":"IMD weather data scraped successfully with Puppeteer","puppeteer_enabled":true,"sources":2,"timestamp":"2025-09-08T17:43:54.204Z"}
{"level":"info","message":"IMD weather data requested","timestamp":"2025-09-08T17:44:13.533Z"}
{"level":"info","message":"Returning cached IMD weather data","timestamp":"2025-09-08T17:44:13.533Z"}
{"level":"info","message":"IMD weather data requested","timestamp":"2025-09-08T17:44:13.534Z"}
{"level":"info","message":"Returning cached IMD weather data","timestamp":"2025-09-08T17:44:13.534Z"}
{"level":"info","message":"Fetching current weather for coordinates: 19.076, 72.8777","timestamp":"2025-09-08T17:44:46.477Z"}
{"level":"info","message":"IMD weather data requested","timestamp":"2025-09-08T17:44:46.531Z"}
{"level":"info","message":"Returning cached IMD weather data","timestamp":"2025-09-08T17:44:46.531Z"}
{"level":"info","message":"IMD weather data requested","timestamp":"2025-09-08T17:44:46.535Z"}
{"level":"info","message":"Returning cached IMD weather data","timestamp":"2025-09-08T17:44:46.536Z"}
{"level":"info","message":"Retry attempt 1/3 after 1000ms","timestamp":"2025-09-08T17:44:47.641Z"}
{"level":"info","message":"Retry attempt 2/3 after 2000ms","timestamp":"2025-09-08T17:44:48.874Z"}
{"level":"error","message":"Error fetching current weather:","timestamp":"2025-09-08T17:44:51.100Z"}
{"level":"info","message":"Fetching current weather for coordinates: 19.076, 72.8777","timestamp":"2025-09-08T17:44:51.104Z"}
{"level":"info","message":"Retry attempt 1/3 after 1000ms","timestamp":"2025-09-08T17:44:51.343Z"}
{"level":"info","message":"Retry attempt 2/3 after 2000ms","timestamp":"2025-09-08T17:44:52.628Z"}
{"level":"error","message":"Error fetching current weather:","timestamp":"2025-09-08T17:44:54.869Z"}
{"level":"info","message":"IMD weather data requested","timestamp":"2025-09-08T17:45:13.502Z"}
{"level":"info","message":"Returning cached IMD weather data","timestamp":"2025-09-08T17:45:13.502Z"}
{"level":"info","message":"IMD weather data requested","timestamp":"2025-09-08T17:45:13.503Z"}
{"level":"info","message":"Returning cached IMD weather data","timestamp":"2025-09-08T17:45:13.503Z"}
{"level":"info","message":"IMD weather data requested","timestamp":"2025-09-08T17:45:16.402Z"}
{"level":"info","message":"Returning cached IMD weather data","timestamp":"2025-09-08T17:45:16.402Z"}
{"level":"info","message":"IMD weather data requested","timestamp":"2025-09-08T17:45:46.407Z"}
{"level":"info","message":"Returning cached IMD weather data","timestamp":"2025-09-08T17:45:46.407Z"}
{"level":"info","message":"IMD weather data requested","timestamp":"2025-09-08T17:46:13.507Z"}
{"level":"info","message":"Starting IMD scraping with Puppeteer for dynamic content","timestamp":"2025-09-08T17:46:13.507Z"}
{"level":"info","message":"IMD weather data requested","timestamp":"2025-09-08T17:46:13.509Z"}
{"level":"info","message":"Starting IMD scraping with Puppeteer for dynamic content","timestamp":"2025-09-08T17:46:13.509Z"}
{"level":"info","message":"IMD weather data requested","timestamp":"2025-09-08T17:46:16.402Z"}
{"level":"info","message":"Starting IMD scraping with Puppeteer for dynamic content","timestamp":"2025-09-08T17:46:16.402Z"}
{"level":"info","message":"Found 5 alerts from subdivision warnings page","timestamp":"2025-09-08T17:46:24.880Z"}
{"level":"info","message":"Puppeteer scraping completed - Found 5 alerts","timestamp":"2025-09-08T17:46:25.010Z"}
{"alerts":5,"level":"info","message":"IMD weather data scraped successfully with Puppeteer","puppeteer_enabled":true,"sources":2,"timestamp":"2025-09-08T17:46:25.011Z"}
{"level":"info","message":"Found 3 alerts from subdivision warnings page","timestamp":"2025-09-08T17:46:25.155Z"}
{"level":"info","message":"Puppeteer scraping completed - Found 3 alerts","timestamp":"2025-09-08T17:46:25.255Z"}
{"alerts":3,"level":"info","message":"IMD weather data scraped successfully with Puppeteer","puppeteer_enabled":true,"sources":2,"timestamp":"2025-09-08T17:46:25.255Z"}
{"level":"info","message":"Found 3 alerts from subdivision warnings page","timestamp":"2025-09-08T17:46:26.277Z"}
{"level":"info","message":"Puppeteer scraping completed - Found 3 alerts","timestamp":"2025-09-08T17:46:26.396Z"}
{"alerts":3,"level":"info","message":"IMD weather data scraped successfully with Puppeteer","puppeteer_enabled":true,"sources":2,"timestamp":"2025-09-08T17:46:26.396Z"}
{"level":"info","message":"IMD weather data requested","timestamp":"2025-09-08T17:46:46.407Z"}
{"level":"info","message":"Returning cached IMD weather data","timestamp":"2025-09-08T17:46:46.407Z"}
{"level":"info","message":"IMD cache cleared","timestamp":"2025-09-08T17:47:03.489Z"}
{"level":"info","message":"IMD weather data requested","timestamp":"2025-09-08T17:47:03.998Z"}
{"level":"info","message":"Starting IMD scraping with Puppeteer for dynamic content","timestamp":"2025-09-08T17:47:03.998Z"}
{"level":"info","message":"Found 4 alerts from subdivision warnings page","timestamp":"2025-09-08T17:47:12.798Z"}
{"level":"info","message":"Puppeteer scraping completed - Found 4 alerts","timestamp":"2025-09-08T17:47:12.900Z"}
{"alerts":4,"level":"info","message":"IMD weather data scraped successfully with Puppeteer","puppeteer_enabled":true,"sources":2,"timestamp":"2025-09-08T17:47:12.901Z"}
{"level":"info","message":"IMD weather data requested","timestamp":"2025-09-08T17:47:13.507Z"}
{"level":"info","message":"Returning cached IMD weather data","timestamp":"2025-09-08T17:47:13.507Z"}
{"level":"info","message":"IMD weather data requested","timestamp":"2025-09-08T17:47:13.508Z"}
{"level":"info","message":"Returning cached IMD weather data","timestamp":"2025-09-08T17:47:13.508Z"}
{"level":"info","message":"IMD weather data requested","timestamp":"2025-09-08T17:47:16.406Z"}
{"level":"info","message":"Returning cached IMD weather data","timestamp":"2025-09-08T17:47:16.406Z"}
{"level":"info","message":"IMD cache cleared","timestamp":"2025-09-08T17:47:16.664Z"}
{"level":"info","message":"IMD weather data requested","timestamp":"2025-09-08T17:47:17.171Z"}
{"level":"info","message":"Starting IMD scraping with Puppeteer for dynamic content","timestamp":"2025-09-08T17:47:17.171Z"}
{"level":"info","message":"Fetching current weather for coordinates: 19.076, 72.8777","timestamp":"2025-09-08T17:47:18.356Z"}
{"level":"info","message":"Retry attempt 1/3 after 1000ms","timestamp":"2025-09-08T17:47:19.491Z"}
{"level":"info","message":"Retry attempt 2/3 after 2000ms","timestamp":"2025-09-08T17:47:20.738Z"}
{"level":"error","message":"Error fetching current weather:","timestamp":"2025-09-08T17:47:22.990Z"}
{"level":"info","message":"Found 5 alerts from subdivision warnings page","timestamp":"2025-09-08T17:47:26.113Z"}
{"level":"info","message":"Puppeteer scraping completed - Found 5 alerts","timestamp":"2025-09-08T17:47:26.217Z"}
{"alerts":5,"level":"info","message":"IMD weather data scraped successfully with Puppeteer","puppeteer_enabled":true,"sources":2,"timestamp":"2025-09-08T17:47:26.218Z"}
{"level":"info","message":"IMD weather data requested","timestamp":"2025-09-08T17:47:26.220Z"}
{"level":"info","message":"Returning cached IMD weather data","timestamp":"2025-09-08T17:47:26.220Z"}
{"level":"info","message":"IMD weather data requested","timestamp":"2025-09-08T17:47:46.404Z"}
{"level":"info","message":"Returning cached IMD weather data","timestamp":"2025-09-08T17:47:46.404Z"}
{"level":"info","message":"IMD weather data requested","timestamp":"2025-09-08T17:48:13.502Z"}
{"level":"info","message":"Returning cached IMD weather data","timestamp":"2025-09-08T17:48:13.503Z"}
{"level":"info","message":"IMD weather data requested","timestamp":"2025-09-08T17:48:13.503Z"}
{"level":"info","message":"Returning cached IMD weather data","timestamp":"2025-09-08T17:48:13.503Z"}
{"level":"info","message":"IMD weather data requested","timestamp":"2025-09-08T17:48:16.406Z"}
{"level":"info","message":"Returning cached IMD weather data","timestamp":"2025-09-08T17:48:16.407Z"}
{"level":"info","message":"IMD weather data requested","timestamp":"2025-09-08T17:48:46.405Z"}
{"level":"info","message":"Returning cached IMD weather data","timestamp":"2025-09-08T17:48:46.405Z"}
{"level":"info","message":"IMD weather data requested","timestamp":"2025-09-08T17:49:13.503Z"}
{"level":"info","message":"Returning cached IMD weather data","timestamp":"2025-09-08T17:49:13.503Z"}
{"level":"info","message":"IMD weather data requested","timestamp":"2025-09-08T17:49:13.504Z"}
{"level":"info","message":"Returning cached IMD weather data","timestamp":"2025-09-08T17:49:13.504Z"}
{"level":"info","message":"IMD weather data requested","timestamp":"2025-09-08T17:49:16.407Z"}
{"level":"info","message":"Returning cached IMD weather data","timestamp":"2025-09-08T17:49:16.407Z"}
{"level":"info","message":"IMD weather data requested","timestamp":"2025-09-08T17:49:46.404Z"}
{"level":"info","message":"Starting IMD scraping with Puppeteer for dynamic content","timestamp":"2025-09-08T17:49:46.404Z"}
{"level":"info","message":"Found 5 alerts from subdivision warnings page","timestamp":"2025-09-08T17:49:55.918Z"}
{"level":"info","message":"Puppeteer scraping completed - Found 5 alerts","timestamp":"2025-09-08T17:49:56.028Z"}
{"alerts":5,"level":"info","message":"IMD weather data scraped successfully with Puppeteer","puppeteer_enabled":true,"sources":2,"timestamp":"2025-09-08T17:49:56.028Z"}
{"level":"info","message":"IMD weather data requested","timestamp":"2025-09-08T17:50:13.510Z"}
{"level":"info","message":"Returning cached IMD weather data","timestamp":"2025-09-08T17:50:13.510Z"}
{"level":"info","message":"IMD weather data requested","timestamp":"2025-09-08T17:50:13.514Z"}
{"level":"info","message":"Returning cached IMD weather data","timestamp":"2025-09-08T17:50:13.514Z"}
{"level":"info","message":"IMD weather data requested","timestamp":"2025-09-08T17:50:16.506Z"}
{"level":"info","message":"Returning cached IMD weather data","timestamp":"2025-09-08T17:50:16.506Z"}
{"level":"info","message":"Fetching current weather for coordinates: 19.076, 72.8777","timestamp":"2025-09-08T17:50:39.772Z"}
{"level":"info","message":"IMD weather data requested","timestamp":"2025-09-08T17:50:39.787Z"}
{"level":"info","message":"Returning cached IMD weather data","timestamp":"2025-09-08T17:50:39.787Z"}
{"level":"info","message":"IMD weather data requested","timestamp":"2025-09-08T17:50:39.790Z"}
{"level":"info","message":"Returning cached IMD weather data","timestamp":"2025-09-08T17:50:39.790Z"}
{"level":"info","message":"Retry attempt 1/3 after 1000ms","timestamp":"2025-09-08T17:50:40.699Z"}
{"level":"info","message":"Retry attempt 2/3 after 2000ms","timestamp":"2025-09-08T17:50:41.921Z"}
{"level":"error","message":"Error fetching current weather:","timestamp":"2025-09-08T17:50:44.154Z"}
{"level":"info","message":"Fetching current weather for coordinates: 19.076, 72.8777","timestamp":"2025-09-08T17:50:44.159Z"}
{"level":"info","message":"Retry attempt 1/3 after 1000ms","timestamp":"2025-09-08T17:50:44.421Z"}
{"level":"info","message":"Retry attempt 2/3 after 2000ms","timestamp":"2025-09-08T17:50:45.686Z"}
{"level":"info","message":"IMD weather data requested","timestamp":"2025-09-08T17:50:46.500Z"}
{"level":"info","message":"Returning cached IMD weather data","timestamp":"2025-09-08T17:50:46.500Z"}
{"level":"error","message":"Error fetching current weather:","timestamp":"2025-09-08T17:50:47.916Z"}
{"level":"info","message":"IMD weather data requested","timestamp":"2025-09-08T17:51:13.502Z"}
{"level":"info","message":"Returning cached IMD weather data","timestamp":"2025-09-08T17:51:13.502Z"}
{"level":"info","message":"IMD weather data requested","timestamp":"2025-09-08T17:51:13.504Z"}
{"level":"info","message":"Returning cached IMD weather data","timestamp":"2025-09-08T17:51:13.504Z"}
{"level":"info","message":"IMD weather data requested","timestamp":"2025-09-08T17:52:13.507Z"}
{"level":"info","message":"Starting IMD scraping with Puppeteer for dynamic content","timestamp":"2025-09-08T17:52:13.507Z"}
{"level":"info","message":"IMD weather data requested","timestamp":"2025-09-08T17:52:13.508Z"}
{"level":"info","message":"Starting IMD scraping with Puppeteer for dynamic content","timestamp":"2025-09-08T17:52:13.508Z"}
{"level":"info","message":"IMD weather data requested","timestamp":"2025-09-08T17:52:13.509Z"}
{"level":"info","message":"Starting IMD scraping with Puppeteer for dynamic content","timestamp":"2025-09-08T17:52:13.509Z"}
{"level":"info","message":"Found 3 alerts from subdivision warnings page","timestamp":"2025-09-08T17:52:25.340Z"}
{"level":"info","message":"Found 3 alerts from subdivision warnings page","timestamp":"2025-09-08T17:52:25.570Z"}
{"level":"info","message":"Puppeteer scraping completed - Found 3 alerts","timestamp":"2025-09-08T17:52:25.582Z"}
{"alerts":3,"level":"info","message":"IMD weather data scraped successfully with Puppeteer","puppeteer_enabled":true,"sources":2,"timestamp":"2025-09-08T17:52:25.582Z"}
{"level":"info","message":"Puppeteer scraping completed - Found 3 alerts","timestamp":"2025-09-08T17:52:25.702Z"}
{"alerts":3,"level":"info","message":"IMD weather data scraped successfully with Puppeteer","puppeteer_enabled":true,"sources":2,"timestamp":"2025-09-08T17:52:25.702Z"}
{"level":"info","message":"Found 4 alerts from subdivision warnings page","timestamp":"2025-09-08T17:52:26.025Z"}
{"level":"info","message":"Puppeteer scraping completed - Found 4 alerts","timestamp":"2025-09-08T17:52:26.154Z"}
{"alerts":4,"level":"info","message":"IMD weather data scraped successfully with Puppeteer","puppeteer_enabled":true,"sources":2,"timestamp":"2025-09-08T17:52:26.154Z"}
{"level":"info","message":"IMD weather data requested","timestamp":"2025-09-08T17:53:13.507Z"}
{"level":"info","message":"Returning cached IMD weather data","timestamp":"2025-09-08T17:53:13.507Z"}
{"level":"info","message":"IMD weather data requested","timestamp":"2025-09-08T17:53:13.508Z"}
{"level":"info","message":"Returning cached IMD weather data","timestamp":"2025-09-08T17:53:13.508Z"}
{"level":"info","message":"IMD weather data requested","timestamp":"2025-09-08T17:53:13.515Z"}
{"level":"info","message":"Returning cached IMD weather data","timestamp":"2025-09-08T17:53:13.515Z"}
{"level":"info","message":"IMD weather data requested","timestamp":"2025-09-08T17:53:15.528Z"}
{"level":"info","message":"Returning cached IMD weather data","timestamp":"2025-09-08T17:53:15.529Z"}
{"level":"info","message":"Fetching current weather for coordinates: 19.076, 72.8777","timestamp":"2025-09-08T17:53:15.539Z"}
{"level":"info","message":"IMD weather data requested","timestamp":"2025-09-08T17:53:15.547Z"}
{"level":"info","message":"Returning cached IMD weather data","timestamp":"2025-09-08T17:53:15.547Z"}
{"level":"info","message":"Retry attempt 1/3 after 1000ms","timestamp":"2025-09-08T17:53:16.586Z"}
{"level":"info","message":"Retry attempt 2/3 after 2000ms","timestamp":"2025-09-08T17:53:17.812Z"}
{"level":"info","message":"IMD weather data requested","timestamp":"2025-09-08T17:53:19.663Z"}
{"level":"info","message":"Returning cached IMD weather data","timestamp":"2025-09-08T17:53:19.663Z"}
{"level":"info","message":"IMD weather data requested","timestamp":"2025-09-08T17:53:19.668Z"}
{"level":"info","message":"Returning cached IMD weather data","timestamp":"2025-09-08T17:53:19.668Z"}
{"level":"error","message":"Error fetching current weather:","timestamp":"2025-09-08T17:53:20.056Z"}
{"level":"info","message":"Fetching current weather for coordinates: 19.076, 72.8777","timestamp":"2025-09-08T17:53:20.059Z"}
{"level":"info","message":"Retry attempt 1/3 after 1000ms","timestamp":"2025-09-08T17:53:20.279Z"}
{"level":"info","message":"Retry attempt 2/3 after 2000ms","timestamp":"2025-09-08T17:53:21.508Z"}
{"level":"error","message":"Error fetching current weather:","timestamp":"2025-09-08T17:53:23.764Z"}
{"level":"info","message":"Fetching current weather for coordinates: 19.076, 72.8777","timestamp":"2025-09-08T17:53:23.769Z"}
{"level":"info","message":"Retry attempt 1/3 after 1000ms","timestamp":"2025-09-08T17:53:23.989Z"}
{"level":"info","message":"Retry attempt 2/3 after 2000ms","timestamp":"2025-09-08T17:53:25.228Z"}
{"level":"error","message":"Error fetching current weather:","timestamp":"2025-09-08T17:53:27.474Z"}
{"level":"info","message":"Fetching current weather for coordinates: 19.076, 72.8777","timestamp":"2025-09-08T17:53:27.475Z"}
{"level":"info","message":"Retry attempt 1/3 after 1000ms","timestamp":"2025-09-08T17:53:27.706Z"}
{"level":"info","message":"Retry attempt 2/3 after 2000ms","timestamp":"2025-09-08T17:53:28.935Z"}
{"level":"error","message":"Error fetching current weather:","timestamp":"2025-09-08T17:53:31.177Z"}
{"level":"info","message":"IMD weather data requested","timestamp":"2025-09-08T17:54:13.511Z"}
{"level":"info","message":"Returning cached IMD weather data","timestamp":"2025-09-08T17:54:13.511Z"}
{"level":"info","message":"IMD weather data requested","timestamp":"2025-09-08T17:54:13.512Z"}
{"level":"info","message":"Returning cached IMD weather data","timestamp":"2025-09-08T17:54:13.512Z"}
{"level":"info","message":"IMD weather data requested","timestamp":"2025-09-08T17:54:13.514Z"}
{"level":"info","message":"Returning cached IMD weather data","timestamp":"2025-09-08T17:54:13.514Z"}
{"level":"info","message":"IMD weather data requested","timestamp":"2025-09-08T17:55:13.511Z"}
{"level":"info","message":"Starting IMD scraping with Puppeteer for dynamic content","timestamp":"2025-09-08T17:55:13.511Z"}
{"level":"info","message":"IMD weather data requested","timestamp":"2025-09-08T17:55:13.511Z"}
{"level":"info","message":"Starting IMD scraping with Puppeteer for dynamic content","timestamp":"2025-09-08T17:55:13.511Z"}
{"level":"info","message":"IMD weather data requested","timestamp":"2025-09-08T17:55:13.514Z"}
{"level":"info","message":"Starting IMD scraping with Puppeteer for dynamic content","timestamp":"2025-09-08T17:55:13.514Z"}
{"level":"info","message":"Found 5 alerts from subdivision warnings page","timestamp":"2025-09-08T17:55:23.573Z"}
{"level":"info","message":"Puppeteer scraping completed - Found 5 alerts","timestamp":"2025-09-08T17:55:23.719Z"}
{"alerts":5,"level":"info","message":"IMD weather data scraped successfully with Puppeteer","puppeteer_enabled":true,"sources":2,"timestamp":"2025-09-08T17:55:23.719Z"}
{"level":"info","message":"Found 5 alerts from subdivision warnings page","timestamp":"2025-09-08T17:55:23.863Z"}
{"level":"info","message":"Puppeteer scraping completed - Found 5 alerts","timestamp":"2025-09-08T17:55:23.966Z"}
{"alerts":5,"level":"info","message":"IMD weather data scraped successfully with Puppeteer","puppeteer_enabled":true,"sources":2,"timestamp":"2025-09-08T17:55:23.966Z"}
{"level":"info","message":"Found 3 alerts from subdivision warnings page","timestamp":"2025-09-08T17:55:24.690Z"}
{"level":"info","message":"Puppeteer scraping completed - Found 3 alerts","timestamp":"2025-09-08T17:55:24.785Z"}
{"alerts":3,"level":"info","message":"IMD weather data scraped successfully with Puppeteer","puppeteer_enabled":true,"sources":2,"timestamp":"2025-09-08T17:55:24.785Z"}
{"level":"info","message":"Fetching current weather for coordinates: 19.076, 72.8777","timestamp":"2025-09-08T17:55:33.121Z"}
{"level":"info","message":"IMD weather data requested","timestamp":"2025-09-08T17:55:33.125Z"}
{"level":"info","message":"Returning cached IMD weather data","timestamp":"2025-09-08T17:55:33.125Z"}
{"level":"info","message":"IMD weather data requested","timestamp":"2025-09-08T17:55:33.133Z"}
{"level":"info","message":"Returning cached IMD weather data","timestamp":"2025-09-08T17:55:33.133Z"}
{"level":"info","message":"Retry attempt 1/3 after 1000ms","timestamp":"2025-09-08T17:55:33.355Z"}
{"level":"info","message":"Retry attempt 2/3 after 2000ms","timestamp":"2025-09-08T17:55:34.584Z"}
{"level":"error","message":"Error fetching current weather:","timestamp":"2025-09-08T17:55:36.810Z"}
{"level":"info","message":"Fetching current weather for coordinates: 19.076, 72.8777","timestamp":"2025-09-08T17:55:36.814Z"}
{"level":"info","message":"Retry attempt 1/3 after 1000ms","timestamp":"2025-09-08T17:55:37.031Z"}
{"level":"info","message":"Retry attempt 2/3 after 2000ms","timestamp":"2025-09-08T17:55:38.256Z"}
{"level":"error","message":"Error fetching current weather:","timestamp":"2025-09-08T17:55:40.494Z"}
{"level":"info","message":"IMD weather data requested","timestamp":"2025-09-08T17:55:41.601Z"}
{"level":"info","message":"Returning cached IMD weather data","timestamp":"2025-09-08T17:55:41.601Z"}
{"level":"info","message":"IMD weather data requested","timestamp":"2025-09-08T17:55:46.408Z"}
{"level":"info","message":"Returning cached IMD weather data","timestamp":"2025-09-08T17:55:46.408Z"}
{"level":"info","message":"IMD weather data requested","timestamp":"2025-09-08T17:56:03.513Z"}
{"level":"info","message":"Returning cached IMD weather data","timestamp":"2025-09-08T17:56:03.513Z"}
{"level":"info","message":"IMD weather data requested","timestamp":"2025-09-08T17:56:13.520Z"}
{"level":"info","message":"Returning cached IMD weather data","timestamp":"2025-09-08T17:56:13.520Z"}
{"level":"info","message":"IMD weather data requested","timestamp":"2025-09-08T17:56:13.522Z"}
{"level":"info","message":"Returning cached IMD weather data","timestamp":"2025-09-08T17:56:13.522Z"}
{"level":"info","message":"IMD weather data requested","timestamp":"2025-09-08T17:56:16.412Z"}
{"level":"info","message":"Returning cached IMD weather data","timestamp":"2025-09-08T17:56:16.413Z"}
{"level":"info","message":"IMD weather data requested","timestamp":"2025-09-08T17:56:33.513Z"}
{"level":"info","message":"Returning cached IMD weather data","timestamp":"2025-09-08T17:56:33.513Z"}
{"level":"info","message":"IMD weather data requested","timestamp":"2025-09-08T17:56:46.414Z"}
{"level":"info","message":"Returning cached IMD weather data","timestamp":"2025-09-08T17:56:46.414Z"}
{"level":"info","message":"IMD weather data requested","timestamp":"2025-09-08T17:57:03.509Z"}
{"level":"info","message":"Returning cached IMD weather data","timestamp":"2025-09-08T17:57:03.509Z"}
{"level":"info","message":"IMD weather data requested","timestamp":"2025-09-08T17:57:13.515Z"}
{"level":"info","message":"Returning cached IMD weather data","timestamp":"2025-09-08T17:57:13.515Z"}
{"level":"info","message":"IMD weather data requested","timestamp":"2025-09-08T17:57:13.516Z"}
{"level":"info","message":"Returning cached IMD weather data","timestamp":"2025-09-08T17:57:13.516Z"}
{"level":"info","message":"IMD weather data requested","timestamp":"2025-09-08T17:57:16.409Z"}
{"level":"info","message":"Returning cached IMD weather data","timestamp":"2025-09-08T17:57:16.409Z"}
{"level":"info","message":"IMD weather data requested","timestamp":"2025-09-08T17:57:33.508Z"}
{"level":"info","message":"Starting IMD scraping with Puppeteer for dynamic content","timestamp":"2025-09-08T17:57:33.508Z"}
{"level":"info","message":"Found 5 alerts from subdivision warnings page","timestamp":"2025-09-08T17:57:44.664Z"}
{"level":"info","message":"Puppeteer scraping completed - Found 5 alerts","timestamp":"2025-09-08T17:57:44.785Z"}
{"alerts":5,"level":"info","message":"IMD weather data scraped successfully with Puppeteer","puppeteer_enabled":true,"sources":2,"timestamp":"2025-09-08T17:57:44.785Z"}
{"level":"info","message":"IMD weather data requested","timestamp":"2025-09-08T17:57:44.788Z"}
{"level":"info","message":"Returning cached IMD weather data","timestamp":"2025-09-08T17:57:44.788Z"}
{"level":"info","message":"IMD weather data requested","timestamp":"2025-09-08T17:57:46.417Z"}
{"level":"info","message":"Returning cached IMD weather data","timestamp":"2025-09-08T17:57:46.417Z"}
{"level":"info","message":"IMD weather data requested","timestamp":"2025-09-08T17:58:03.513Z"}
{"level":"info","message":"Returning cached IMD weather data","timestamp":"2025-09-08T17:58:03.513Z"}
{"level":"info","message":"IMD weather data requested","timestamp":"2025-09-08T17:58:13.513Z"}
{"level":"info","message":"Returning cached IMD weather data","timestamp":"2025-09-08T17:58:13.513Z"}
{"level":"info","message":"IMD weather data requested","timestamp":"2025-09-08T17:58:13.514Z"}
{"level":"info","message":"Returning cached IMD weather data","timestamp":"2025-09-08T17:58:13.515Z"}
{"level":"info","message":"Fetching current weather for coordinates: 19.076, 72.8777","timestamp":"2025-09-08T17:58:29.590Z"}
{"level":"info","message":"IMD weather data requested","timestamp":"2025-09-08T17:58:29.615Z"}
{"level":"info","message":"Returning cached IMD weather data","timestamp":"2025-09-08T17:58:29.615Z"}
{"level":"info","message":"IMD weather data requested","timestamp":"2025-09-08T17:58:29.620Z"}
{"level":"info","message":"Returning cached IMD weather data","timestamp":"2025-09-08T17:58:29.620Z"}
{"level":"info","message":"Retry attempt 1/3 after 1000ms","timestamp":"2025-09-08T17:58:30.713Z"}
{"level":"info","message":"Retry attempt 2/3 after 2000ms","timestamp":"2025-09-08T17:58:31.949Z"}
{"level":"info","message":"IMD weather data requested","timestamp":"2025-09-08T17:58:33.522Z"}
{"level":"info","message":"Returning cached IMD weather data","timestamp":"2025-09-08T17:58:33.522Z"}
{"level":"error","message":"Error fetching current weather:","timestamp":"2025-09-08T17:58:34.187Z"}
{"level":"info","message":"Fetching current weather for coordinates: 19.076, 72.8777","timestamp":"2025-09-08T17:58:34.190Z"}
{"level":"info","message":"Retry attempt 1/3 after 1000ms","timestamp":"2025-09-08T17:58:34.420Z"}
{"level":"info","message":"Retry attempt 2/3 after 2000ms","timestamp":"2025-09-08T17:58:35.756Z"}
{"level":"error","message":"Error fetching current weather:","timestamp":"2025-09-08T17:58:37.987Z"}
{"level":"info","message":"IMD weather data requested","timestamp":"2025-09-08T17:58:59.592Z"}
{"level":"info","message":"Returning cached IMD weather data","timestamp":"2025-09-08T17:58:59.592Z"}
{"level":"info","message":"IMD weather data requested","timestamp":"2025-09-08T17:59:13.524Z"}
{"level":"info","message":"Returning cached IMD weather data","timestamp":"2025-09-08T17:59:13.524Z"}
{"level":"info","message":"IMD weather data requested","timestamp":"2025-09-08T17:59:13.529Z"}
{"level":"info","message":"Returning cached IMD weather data","timestamp":"2025-09-08T17:59:13.529Z"}
{"level":"info","message":"IMD weather data requested","timestamp":"2025-09-08T17:59:13.531Z"}
{"level":"info","message":"Returning cached IMD weather data","timestamp":"2025-09-08T17:59:13.531Z"}
{"level":"info","message":"IMD weather data requested","timestamp":"2025-09-08T18:00:13.525Z"}
{"level":"info","message":"Starting IMD scraping with Puppeteer for dynamic content","timestamp":"2025-09-08T18:00:13.525Z"}
{"level":"info","message":"IMD weather data requested","timestamp":"2025-09-08T18:00:13.531Z"}
{"level":"info","message":"Starting IMD scraping with Puppeteer for dynamic content","timestamp":"2025-09-08T18:00:13.531Z"}
{"level":"info","message":"Found 4 alerts from subdivision warnings page","timestamp":"2025-09-08T18:00:24.539Z"}
{"level":"info","message":"Found 4 alerts from subdivision warnings page","timestamp":"2025-09-08T18:00:24.629Z"}
{"level":"info","message":"Puppeteer scraping completed - Found 4 alerts","timestamp":"2025-09-08T18:00:24.780Z"}
{"alerts":4,"level":"info","message":"IMD weather data scraped successfully with Puppeteer","puppeteer_enabled":true,"sources":2,"timestamp":"2025-09-08T18:00:24.780Z"}
{"level":"info","message":"Puppeteer scraping completed - Found 4 alerts","timestamp":"2025-09-08T18:00:24.784Z"}
{"alerts":4,"level":"info","message":"IMD weather data scraped successfully with Puppeteer","puppeteer_enabled":true,"sources":2,"timestamp":"2025-09-08T18:00:24.785Z"}
{"level":"info","message":"IMD weather data requested","timestamp":"2025-09-08T18:00:24.796Z"}
{"level":"info","message":"Returning cached IMD weather data","timestamp":"2025-09-08T18:00:24.796Z"}
{"level":"info","message":"IMD weather data requested","timestamp":"2025-09-08T18:01:13.564Z"}
{"level":"info","message":"Returning cached IMD weather data","timestamp":"2025-09-08T18:01:13.564Z"}
{"level":"info","message":"IMD weather data requested","timestamp":"2025-09-08T18:01:13.577Z"}
{"level":"info","message":"Returning cached IMD weather data","timestamp":"2025-09-08T18:01:13.578Z"}
{"level":"info","message":"IMD weather data requested","timestamp":"2025-09-08T18:01:13.581Z"}
{"level":"info","message":"Returning cached IMD weather data","timestamp":"2025-09-08T18:01:13.581Z"}
{"level":"info","message":"IMD weather data requested","timestamp":"2025-09-08T18:02:13.489Z"}
{"level":"info","message":"Returning cached IMD weather data","timestamp":"2025-09-08T18:02:13.489Z"}
{"level":"info","message":"IMD weather data requested","timestamp":"2025-09-08T18:02:13.490Z"}
{"level":"info","message":"Returning cached IMD weather data","timestamp":"2025-09-08T18:02:13.490Z"}
{"level":"info","message":"IMD weather data requested","timestamp":"2025-09-08T18:02:13.493Z"}
{"level":"info","message":"Returning cached IMD weather data","timestamp":"2025-09-08T18:02:13.494Z"}
{"level":"info","message":"IMD weather data requested","timestamp":"2025-09-08T18:03:13.491Z"}
{"level":"info","message":"Starting IMD scraping with Puppeteer for dynamic content","timestamp":"2025-09-08T18:03:13.491Z"}
{"level":"info","message":"IMD weather data requested","timestamp":"2025-09-08T18:03:13.495Z"}
{"level":"info","message":"Starting IMD scraping with Puppeteer for dynamic content","timestamp":"2025-09-08T18:03:13.495Z"}
{"level":"info","message":"Found 3 alerts from subdivision warnings page","timestamp":"2025-09-08T18:03:23.608Z"}
{"level":"info","message":"Puppeteer scraping completed - Found 3 alerts","timestamp":"2025-09-08T18:03:23.745Z"}
{"alerts":3,"level":"info","message":"IMD weather data scraped successfully with Puppeteer","puppeteer_enabled":true,"sources":2,"timestamp":"2025-09-08T18:03:23.746Z"}
{"level":"info","message":"Found 5 alerts from subdivision warnings page","timestamp":"2025-09-08T18:03:24.188Z"}
{"level":"info","message":"Puppeteer scraping completed - Found 5 alerts","timestamp":"2025-09-08T18:03:24.295Z"}
{"alerts":5,"level":"info","message":"IMD weather data scraped successfully with Puppeteer","puppeteer_enabled":true,"sources":2,"timestamp":"2025-09-08T18:03:24.295Z"}
{"level":"info","message":"IMD weather data requested","timestamp":"2025-09-08T18:03:24.298Z"}
{"level":"info","message":"Returning cached IMD weather data","timestamp":"2025-09-08T18:03:24.298Z"}
{"level":"info","message":"IMD weather data requested","timestamp":"2025-09-08T18:04:13.498Z"}
{"level":"info","message":"Returning cached IMD weather data","timestamp":"2025-09-08T18:04:13.498Z"}
{"level":"info","message":"IMD weather data requested","timestamp":"2025-09-08T18:04:13.500Z"}
{"level":"info","message":"Returning cached IMD weather data","timestamp":"2025-09-08T18:04:13.500Z"}
{"level":"info","message":"IMD weather data requested","timestamp":"2025-09-08T18:04:13.500Z"}
{"level":"info","message":"Returning cached IMD weather data","timestamp":"2025-09-08T18:04:13.500Z"}
{"level":"info","message":"IMD weather data requested","timestamp":"2025-09-08T18:05:13.491Z"}
{"level":"info","message":"Returning cached IMD weather data","timestamp":"2025-09-08T18:05:13.491Z"}
{"level":"info","message":"IMD weather data requested","timestamp":"2025-09-08T18:05:13.493Z"}
{"level":"info","message":"Returning cached IMD weather data","timestamp":"2025-09-08T18:05:13.493Z"}
{"level":"info","message":"IMD weather data requested","timestamp":"2025-09-08T18:05:13.496Z"}
{"level":"info","message":"Returning cached IMD weather data","timestamp":"2025-09-08T18:05:13.496Z"}
{"level":"info","message":"IMD weather data requested","timestamp":"2025-09-08T18:06:13.492Z"}
{"level":"info","message":"Starting IMD scraping with Puppeteer for dynamic content","timestamp":"2025-09-08T18:06:13.492Z"}
{"level":"info","message":"IMD weather data requested","timestamp":"2025-09-08T18:06:13.493Z"}
{"level":"info","message":"Starting IMD scraping with Puppeteer for dynamic content","timestamp":"2025-09-08T18:06:13.493Z"}
{"level":"info","message":"Found 4 alerts from subdivision warnings page","timestamp":"2025-09-08T18:06:23.895Z"}
{"level":"info","message":"Found 3 alerts from subdivision warnings page","timestamp":"2025-09-08T18:06:24.007Z"}
{"level":"info","message":"Puppeteer scraping completed - Found 4 alerts","timestamp":"2025-09-08T18:06:24.024Z"}
{"alerts":4,"level":"info","message":"IMD weather data scraped successfully with Puppeteer","puppeteer_enabled":true,"sources":2,"timestamp":"2025-09-08T18:06:24.025Z"}
{"level":"info","message":"Puppeteer scraping completed - Found 3 alerts","timestamp":"2025-09-08T18:06:24.112Z"}
{"alerts":3,"level":"info","message":"IMD weather data scraped successfully with Puppeteer","puppeteer_enabled":true,"sources":2,"timestamp":"2025-09-08T18:06:24.112Z"}
{"level":"info","message":"IMD weather data requested","timestamp":"2025-09-08T18:06:24.116Z"}
{"level":"info","message":"Returning cached IMD weather data","timestamp":"2025-09-08T18:06:24.116Z"}
{"level":"info","message":"IMD weather data requested","timestamp":"2025-09-08T18:07:13.496Z"}
{"level":"info","message":"Returning cached IMD weather data","timestamp":"2025-09-08T18:07:13.496Z"}
{"level":"info","message":"IMD weather data requested","timestamp":"2025-09-08T18:07:13.497Z"}
{"level":"info","message":"Returning cached IMD weather data","timestamp":"2025-09-08T18:07:13.497Z"}
{"level":"info","message":"IMD weather data requested","timestamp":"2025-09-08T18:07:13.497Z"}
{"level":"info","message":"Returning cached IMD weather data","timestamp":"2025-09-08T18:07:13.497Z"}
{"level":"info","message":"IMD weather data requested","timestamp":"2025-09-08T18:08:13.491Z"}
{"level":"info","message":"Returning cached IMD weather data","timestamp":"2025-09-08T18:08:13.491Z"}
{"level":"info","message":"IMD weather data requested","timestamp":"2025-09-08T18:08:13.492Z"}
{"level":"info","message":"Returning cached IMD weather data","timestamp":"2025-09-08T18:08:13.492Z"}
{"level":"info","message":"IMD weather data requested","timestamp":"2025-09-08T18:08:13.494Z"}
{"level":"info","message":"Returning cached IMD weather data","timestamp":"2025-09-08T18:08:13.494Z"}
{"level":"info","message":"IMD weather data requested","timestamp":"2025-09-08T18:09:13.494Z"}
{"level":"info","message":"Starting IMD scraping with Puppeteer for dynamic content","timestamp":"2025-09-08T18:09:13.494Z"}
{"level":"info","message":"IMD weather data requested","timestamp":"2025-09-08T18:09:13.494Z"}
{"level":"info","message":"Starting IMD scraping with Puppeteer for dynamic content","timestamp":"2025-09-08T18:09:13.494Z"}
{"level":"info","message":"Found 4 alerts from subdivision warnings page","timestamp":"2025-09-08T18:09:23.800Z"}
{"level":"info","message":"Found 4 alerts from subdivision warnings page","timestamp":"2025-09-08T18:09:23.847Z"}
{"level":"info","message":"Puppeteer scraping completed - Found 4 alerts","timestamp":"2025-09-08T18:09:24.007Z"}
{"alerts":4,"level":"info","message":"IMD weather data scraped successfully with Puppeteer","puppeteer_enabled":true,"sources":2,"timestamp":"2025-09-08T18:09:24.007Z"}
{"level":"info","message":"Puppeteer scraping completed - Found 4 alerts","timestamp":"2025-09-08T18:09:24.010Z"}
{"alerts":4,"level":"info","message":"IMD weather data scraped successfully with Puppeteer","puppeteer_enabled":true,"sources":2,"timestamp":"2025-09-08T18:09:24.010Z"}
{"level":"info","message":"IMD weather data requested","timestamp":"2025-09-08T18:09:24.015Z"}
{"level":"info","message":"Returning cached IMD weather data","timestamp":"2025-09-08T18:09:24.015Z"}
{"level":"info","message":"IMD weather data requested","timestamp":"2025-09-08T18:10:13.500Z"}
{"level":"info","message":"Returning cached IMD weather data","timestamp":"2025-09-08T18:10:13.500Z"}
{"level":"info","message":"IMD weather data requested","timestamp":"2025-09-08T18:10:13.502Z"}
{"level":"info","message":"Returning cached IMD weather data","timestamp":"2025-09-08T18:10:13.502Z"}
{"level":"info","message":"IMD weather data requested","timestamp":"2025-09-08T18:10:13.503Z"}
{"level":"info","message":"Returning cached IMD weather data","timestamp":"2025-09-08T18:10:13.503Z"}
{"level":"info","message":"IMD weather data requested","timestamp":"2025-09-08T18:11:13.497Z"}
{"level":"info","message":"Returning cached IMD weather data","timestamp":"2025-09-08T18:11:13.497Z"}
{"level":"info","message":"IMD weather data requested","timestamp":"2025-09-08T18:11:13.501Z"}
{"level":"info","message":"Returning cached IMD weather data","timestamp":"2025-09-08T18:11:13.502Z"}
{"level":"info","message":"IMD weather data requested","timestamp":"2025-09-08T18:11:13.504Z"}
{"level":"info","message":"Returning cached IMD weather data","timestamp":"2025-09-08T18:11:13.504Z"}
{"level":"info","message":"IMD weather data requested","timestamp":"2025-09-08T18:11:35.494Z"}
{"level":"info","message":"Starting IMD scraping with Puppeteer for dynamic content","timestamp":"2025-09-08T18:11:35.494Z"}
{"level":"info","message":"Found 5 alerts from subdivision warnings page","timestamp":"2025-09-08T18:11:46.412Z"}
{"level":"info","message":"Puppeteer scraping completed - Found 5 alerts","timestamp":"2025-09-08T18:11:46.794Z"}
{"alerts":5,"level":"info","message":"IMD weather data scraped successfully with Puppeteer","puppeteer_enabled":true,"sources":2,"timestamp":"2025-09-08T18:11:46.795Z"}
{"level":"info","message":"IMD weather data requested","timestamp":"2025-09-08T18:11:52.507Z"}
{"level":"info","message":"Returning cached IMD weather data","timestamp":"2025-09-08T18:11:52.507Z"}
{"level":"info","message":"IMD weather data requested","timestamp":"2025-09-08T18:12:12.504Z"}
{"level":"info","message":"Returning cached IMD weather data","timestamp":"2025-09-08T18:12:12.504Z"}
{"level":"info","message":"IMD weather data requested","timestamp":"2025-09-08T18:12:12.520Z"}
{"level":"info","message":"Returning cached IMD weather data","timestamp":"2025-09-08T18:12:12.520Z"}
{"level":"info","message":"IMD weather data requested","timestamp":"2025-09-08T18:12:13.501Z"}
{"level":"info","message":"Returning cached IMD weather data","timestamp":"2025-09-08T18:12:13.501Z"}
{"level":"info","message":"IMD weather data requested","timestamp":"2025-09-08T18:12:36.496Z"}
{"level":"info","message":"Returning cached IMD weather data","timestamp":"2025-09-08T18:12:36.497Z"}
{"level":"info","message":"IMD weather data requested","timestamp":"2025-09-08T18:12:38.490Z"}
{"level":"info","message":"Returning cached IMD weather data","timestamp":"2025-09-08T18:12:38.490Z"}
{"level":"info","message":"IMD weather data requested","timestamp":"2025-09-08T18:13:03.504Z"}
{"level":"info","message":"Returning cached IMD weather data","timestamp":"2025-09-08T18:13:03.504Z"}
{"level":"info","message":"IMD weather data requested","timestamp":"2025-09-08T18:13:13.529Z"}
{"level":"info","message":"Returning cached IMD weather data","timestamp":"2025-09-08T18:13:13.529Z"}
{"level":"info","message":"IMD weather data requested","timestamp":"2025-09-08T18:13:13.535Z"}
{"level":"info","message":"Returning cached IMD weather data","timestamp":"2025-09-08T18:13:13.535Z"}
{"level":"info","message":"IMD weather data requested","timestamp":"2025-09-08T18:13:44.531Z"}
{"level":"info","message":"Returning cached IMD weather data","timestamp":"2025-09-08T18:13:44.535Z"}
{"level":"info","message":"IMD weather data requested","timestamp":"2025-09-08T18:13:45.502Z"}
{"level":"info","message":"Returning cached IMD weather data","timestamp":"2025-09-08T18:13:45.503Z"}
{"level":"info","message":"IMD weather data requested","timestamp":"2025-09-08T18:14:07.494Z"}
{"level":"info","message":"Starting IMD scraping with Puppeteer for dynamic content","timestamp":"2025-09-08T18:14:07.494Z"}
{"level":"info","message":"IMD weather data requested","timestamp":"2025-09-08T18:14:13.530Z"}
{"level":"info","message":"Starting IMD scraping with Puppeteer for dynamic content","timestamp":"2025-09-08T18:14:13.530Z"}
{"level":"info","message":"Found 5 alerts from subdivision warnings page","timestamp":"2025-09-08T18:14:18.378Z"}
{"level":"info","message":"Puppeteer scraping completed - Found 5 alerts","timestamp":"2025-09-08T18:14:18.628Z"}
{"alerts":5,"level":"info","message":"IMD weather data scraped successfully with Puppeteer","puppeteer_enabled":true,"sources":2,"timestamp":"2025-09-08T18:14:18.628Z"}
{"level":"info","message":"IMD weather data requested","timestamp":"2025-09-08T18:14:18.637Z"}
{"level":"info","message":"Returning cached IMD weather data","timestamp":"2025-09-08T18:14:18.637Z"}
{"level":"info","message":"Found 5 alerts from subdivision warnings page","timestamp":"2025-09-08T18:14:23.844Z"}
{"level":"info","message":"Puppeteer scraping completed - Found 5 alerts","timestamp":"2025-09-08T18:14:23.961Z"}
{"alerts":5,"level":"info","message":"IMD weather data scraped successfully with Puppeteer","puppeteer_enabled":true,"sources":2,"timestamp":"2025-09-08T18:14:23.962Z"}
{"level":"info","message":"IMD weather data requested","timestamp":"2025-09-08T18:15:13.507Z"}
{"level":"info","message":"Returning cached IMD weather data","timestamp":"2025-09-08T18:15:13.507Z"}
{"level":"info","message":"IMD weather data requested","timestamp":"2025-09-08T18:15:13.509Z"}
{"level":"info","message":"Returning cached IMD weather data","timestamp":"2025-09-08T18:15:13.509Z"}
{"level":"info","message":"IMD weather data requested","timestamp":"2025-09-08T18:15:13.513Z"}
{"level":"info","message":"Returning cached IMD weather data","timestamp":"2025-09-08T18:15:13.513Z"}
{"level":"info","message":"IMD weather data requested","timestamp":"2025-09-08T18:16:13.446Z"}
{"level":"info","message":"Returning cached IMD weather data","timestamp":"2025-09-08T18:16:13.447Z"}
{"level":"info","message":"IMD weather data requested","timestamp":"2025-09-08T18:16:13.456Z"}
{"level":"info","message":"Returning cached IMD weather data","timestamp":"2025-09-08T18:16:13.456Z"}
{"level":"info","message":"IMD weather data requested","timestamp":"2025-09-08T18:16:13.458Z"}
{"level":"info","message":"Returning cached IMD weather data","timestamp":"2025-09-08T18:16:13.458Z"}
{"level":"info","message":"IMD weather data requested","timestamp":"2025-09-08T18:17:13.394Z"}
{"level":"info","message":"Starting IMD scraping with Puppeteer for dynamic content","timestamp":"2025-09-08T18:17:13.394Z"}
{"level":"info","message":"IMD weather data requested","timestamp":"2025-09-08T18:17:13.403Z"}
{"level":"info","message":"Starting IMD scraping with Puppeteer for dynamic content","timestamp":"2025-09-08T18:17:13.403Z"}
{"level":"info","message":"Found 3 alerts from subdivision warnings page","timestamp":"2025-09-08T18:17:24.646Z"}
{"level":"info","message":"Found 3 alerts from subdivision warnings page","timestamp":"2025-09-08T18:17:24.657Z"}
{"level":"info","message":"Puppeteer scraping completed - Found 3 alerts","timestamp":"2025-09-08T18:17:24.834Z"}
{"alerts":3,"level":"info","message":"IMD weather data scraped successfully with Puppeteer","puppeteer_enabled":true,"sources":2,"timestamp":"2025-09-08T18:17:24.834Z"}
{"level":"info","message":"Puppeteer scraping completed - Found 3 alerts","timestamp":"2025-09-08T18:17:24.837Z"}
{"alerts":3,"level":"info","message":"IMD weather data scraped successfully with Puppeteer","puppeteer_enabled":true,"sources":2,"timestamp":"2025-09-08T18:17:24.837Z"}
{"level":"info","message":"IMD weather data requested","timestamp":"2025-09-08T18:17:24.844Z"}
{"level":"info","message":"Returning cached IMD weather data","timestamp":"2025-09-08T18:17:24.845Z"}
{"level":"info","message":"IMD weather data requested","timestamp":"2025-09-08T18:18:13.388Z"}
{"level":"info","message":"Returning cached IMD weather data","timestamp":"2025-09-08T18:18:13.388Z"}
{"level":"info","message":"IMD weather data requested","timestamp":"2025-09-08T18:18:13.390Z"}
{"level":"info","message":"Returning cached IMD weather data","timestamp":"2025-09-08T18:18:13.390Z"}
{"level":"info","message":"IMD weather data requested","timestamp":"2025-09-08T18:18:13.393Z"}
{"level":"info","message":"Returning cached IMD weather data","timestamp":"2025-09-08T18:18:13.394Z"}
{"level":"info","message":"IMD weather data requested","timestamp":"2025-09-08T18:19:13.386Z"}
{"level":"info","message":"Returning cached IMD weather data","timestamp":"2025-09-08T18:19:13.386Z"}
{"level":"info","message":"IMD weather data requested","timestamp":"2025-09-08T18:19:13.389Z"}
{"level":"info","message":"Returning cached IMD weather data","timestamp":"2025-09-08T18:19:13.389Z"}
{"level":"info","message":"IMD weather data requested","timestamp":"2025-09-08T18:19:13.391Z"}
{"level":"info","message":"Returning cached IMD weather data","timestamp":"2025-09-08T18:19:13.391Z"}
{"level":"info","message":"IMD weather data requested","timestamp":"2025-09-08T18:19:43.376Z"}
{"level":"info","message":"Starting IMD scraping with Puppeteer for dynamic content","timestamp":"2025-09-08T18:19:43.377Z"}
{"level":"info","message":"Found 5 alerts from subdivision warnings page","timestamp":"2025-09-08T18:19:54.806Z"}
{"level":"info","message":"Puppeteer scraping completed - Found 5 alerts","timestamp":"2025-09-08T18:19:55.173Z"}
{"alerts":5,"level":"info","message":"IMD weather data scraped successfully with Puppeteer","puppeteer_enabled":true,"sources":2,"timestamp":"2025-09-08T18:19:55.173Z"}
{"level":"info","message":"IMD weather data requested","timestamp":"2025-09-08T18:19:55.181Z"}
{"level":"info","message":"Returning cached IMD weather data","timestamp":"2025-09-08T18:19:55.181Z"}
{"level":"info","message":"IMD weather data requested","timestamp":"2025-09-08T18:20:13.438Z"}
{"level":"info","message":"Returning cached IMD weather data","timestamp":"2025-09-08T18:20:13.438Z"}
{"level":"info","message":"IMD weather data requested","timestamp":"2025-09-08T18:20:13.462Z"}
{"level":"info","message":"Returning cached IMD weather data","timestamp":"2025-09-08T18:20:13.463Z"}
{"level":"info","message":"IMD weather data requested","timestamp":"2025-09-08T18:20:13.474Z"}
{"level":"info","message":"Returning cached IMD weather data","timestamp":"2025-09-08T18:20:13.475Z"}
{"level":"info","message":"IMD weather data requested","timestamp":"2025-09-08T18:21:13.388Z"}
{"level":"info","message":"Returning cached IMD weather data","timestamp":"2025-09-08T18:21:13.388Z"}
{"level":"info","message":"IMD weather data requested","timestamp":"2025-09-08T18:21:13.390Z"}
{"level":"info","message":"Returning cached IMD weather data","timestamp":"2025-09-08T18:21:13.390Z"}
{"level":"info","message":"IMD weather data requested","timestamp":"2025-09-08T18:21:13.391Z"}
{"level":"info","message":"Returning cached IMD weather data","timestamp":"2025-09-08T18:21:13.391Z"}
{"level":"info","message":"IMD weather data requested","timestamp":"2025-09-08T18:22:13.408Z"}
{"level":"info","message":"Starting IMD scraping with Puppeteer for dynamic content","timestamp":"2025-09-08T18:22:13.408Z"}
{"level":"info","message":"IMD weather data requested","timestamp":"2025-09-08T18:22:13.409Z"}
{"level":"info","message":"Starting IMD scraping with Puppeteer for dynamic content","timestamp":"2025-09-08T18:22:13.409Z"}
{"level":"info","message":"Found 4 alerts from subdivision warnings page","timestamp":"2025-09-08T18:22:23.425Z"}
{"level":"info","message":"Puppeteer scraping completed - Found 4 alerts","timestamp":"2025-09-08T18:22:23.547Z"}
{"alerts":4,"level":"info","message":"IMD weather data scraped successfully with Puppeteer","puppeteer_enabled":true,"sources":2,"timestamp":"2025-09-08T18:22:23.547Z"}
{"level":"info","message":"Found 5 alerts from subdivision warnings page","timestamp":"2025-09-08T18:22:23.809Z"}
{"level":"info","message":"Puppeteer scraping completed - Found 5 alerts","timestamp":"2025-09-08T18:22:23.921Z"}
{"alerts":5,"level":"info","message":"IMD weather data scraped successfully with Puppeteer","puppeteer_enabled":true,"sources":2,"timestamp":"2025-09-08T18:22:23.921Z"}
{"level":"info","message":"IMD weather data requested","timestamp":"2025-09-08T18:22:23.924Z"}
{"level":"info","message":"Returning cached IMD weather data","timestamp":"2025-09-08T18:22:23.924Z"}
{"level":"info","message":"IMD weather data requested","timestamp":"2025-09-08T18:23:13.385Z"}
{"level":"info","message":"Returning cached IMD weather data","timestamp":"2025-09-08T18:23:13.385Z"}
{"level":"info","message":"IMD weather data requested","timestamp":"2025-09-08T18:23:13.386Z"}
{"level":"info","message":"Returning cached IMD weather data","timestamp":"2025-09-08T18:23:13.386Z"}
{"level":"info","message":"IMD weather data requested","timestamp":"2025-09-08T18:23:13.386Z"}
{"level":"info","message":"Returning cached IMD weather data","timestamp":"2025-09-08T18:23:13.387Z"}
{"level":"info","message":"IMD weather data requested","timestamp":"2025-09-08T18:24:13.418Z"}
{"level":"info","message":"Returning cached IMD weather data","timestamp":"2025-09-08T18:24:13.418Z"}
{"level":"info","message":"IMD weather data requested","timestamp":"2025-09-08T18:24:13.421Z"}
{"level":"info","message":"Returning cached IMD weather data","timestamp":"2025-09-08T18:24:13.421Z"}
{"level":"info","message":"IMD weather data requested","timestamp":"2025-09-08T18:24:13.427Z"}
{"level":"info","message":"Returning cached IMD weather data","timestamp":"2025-09-08T18:24:13.427Z"}
{"level":"info","message":"IMD weather data requested","timestamp":"2025-09-08T18:25:13.403Z"}
{"level":"info","message":"Starting IMD scraping with Puppeteer for dynamic content","timestamp":"2025-09-08T18:25:13.403Z"}
{"level":"info","message":"IMD weather data requested","timestamp":"2025-09-08T18:25:13.410Z"}
{"level":"info","message":"Starting IMD scraping with Puppeteer for dynamic content","timestamp":"2025-09-08T18:25:13.410Z"}
{"level":"info","message":"Found 5 alerts from subdivision warnings page","timestamp":"2025-09-08T18:25:26.067Z"}
{"level":"info","message":"Puppeteer scraping completed - Found 5 alerts","timestamp":"2025-09-08T18:25:26.199Z"}
{"alerts":5,"level":"info","message":"IMD weather data scraped successfully with Puppeteer","puppeteer_enabled":true,"sources":2,"timestamp":"2025-09-08T18:25:26.200Z"}
{"level":"info","message":"IMD weather data requested","timestamp":"2025-09-08T18:25:26.211Z"}
{"level":"info","message":"Returning cached IMD weather data","timestamp":"2025-09-08T18:25:26.211Z"}
{"level":"info","message":"Found 4 alerts from subdivision warnings page","timestamp":"2025-09-08T18:25:26.356Z"}
{"level":"info","message":"Puppeteer scraping completed - Found 4 alerts","timestamp":"2025-09-08T18:25:26.470Z"}
{"alerts":4,"level":"info","message":"IMD weather data scraped successfully with Puppeteer","puppeteer_enabled":true,"sources":2,"timestamp":"2025-09-08T18:25:26.471Z"}
{"level":"info","message":"IMD weather data requested","timestamp":"2025-09-08T18:25:38.373Z"}
{"level":"info","message":"Returning cached IMD weather data","timestamp":"2025-09-08T18:25:38.373Z"}
{"level":"info","message":"IMD weather data requested","timestamp":"2025-09-08T18:25:38.376Z"}
{"level":"info","message":"Returning cached IMD weather data","timestamp":"2025-09-08T18:25:38.376Z"}
{"level":"info","message":"IMD weather data requested","timestamp":"2025-09-08T18:26:13.412Z"}
{"level":"info","message":"Returning cached IMD weather data","timestamp":"2025-09-08T18:26:13.413Z"}
{"level":"info","message":"IMD weather data requested","timestamp":"2025-09-08T18:26:13.434Z"}
{"level":"info","message":"Returning cached IMD weather data","timestamp":"2025-09-08T18:26:13.434Z"}
{"level":"info","message":"IMD weather data requested","timestamp":"2025-09-08T18:26:13.436Z"}
{"level":"info","message":"Returning cached IMD weather data","timestamp":"2025-09-08T18:26:13.436Z"}
{"level":"info","message":"IMD weather data requested","timestamp":"2025-09-08T18:27:13.400Z"}
{"level":"info","message":"Returning cached IMD weather data","timestamp":"2025-09-08T18:27:13.400Z"}
{"level":"info","message":"IMD weather data requested","timestamp":"2025-09-08T18:27:13.402Z"}
{"level":"info","message":"Returning cached IMD weather data","timestamp":"2025-09-08T18:27:13.403Z"}
{"level":"info","message":"IMD weather data requested","timestamp":"2025-09-08T18:27:13.404Z"}
{"level":"info","message":"Returning cached IMD weather data","timestamp":"2025-09-08T18:27:13.404Z"}
{"level":"info","message":"IMD weather data requested","timestamp":"2025-09-08T18:28:13.385Z"}
{"level":"info","message":"Starting IMD scraping with Puppeteer for dynamic content","timestamp":"2025-09-08T18:28:13.385Z"}
{"level":"info","message":"IMD weather data requested","timestamp":"2025-09-08T18:28:13.389Z"}
{"level":"info","message":"Starting IMD scraping with Puppeteer for dynamic content","timestamp":"2025-09-08T18:28:13.389Z"}
{"level":"info","message":"Found 4 alerts from subdivision warnings page","timestamp":"2025-09-08T18:28:22.997Z"}
{"level":"info","message":"Puppeteer scraping completed - Found 4 alerts","timestamp":"2025-09-08T18:28:23.118Z"}
{"alerts":4,"level":"info","message":"IMD weather data scraped successfully with Puppeteer","puppeteer_enabled":true,"sources":2,"timestamp":"2025-09-08T18:28:23.118Z"}
{"level":"info","message":"IMD weather data requested","timestamp":"2025-09-08T18:28:23.122Z"}
{"level":"info","message":"Returning cached IMD weather data","timestamp":"2025-09-08T18:28:23.122Z"}
{"level":"info","message":"Found 5 alerts from subdivision warnings page","timestamp":"2025-09-08T18:28:24.735Z"}
{"level":"info","message":"Puppeteer scraping completed - Found 5 alerts","timestamp":"2025-09-08T18:28:24.841Z"}
{"alerts":5,"level":"info","message":"IMD weather data scraped successfully with Puppeteer","puppeteer_enabled":true,"sources":2,"timestamp":"2025-09-08T18:28:24.841Z"}
{"level":"info","message":"IMD weather data requested","timestamp":"2025-09-08T18:29:13.394Z"}
{"level":"info","message":"Returning cached IMD weather data","timestamp":"2025-09-08T18:29:13.394Z"}
{"level":"info","message":"IMD weather data requested","timestamp":"2025-09-08T18:29:13.404Z"}
{"level":"info","message":"Returning cached IMD weather data","timestamp":"2025-09-08T18:29:13.404Z"}
{"level":"info","message":"IMD weather data requested","timestamp":"2025-09-08T18:29:13.405Z"}
{"level":"info","message":"Returning cached IMD weather data","timestamp":"2025-09-08T18:29:13.405Z"}
{"level":"info","message":"IMD weather data requested","timestamp":"2025-09-08T18:30:13.377Z"}
{"level":"info","message":"Returning cached IMD weather data","timestamp":"2025-09-08T18:30:13.377Z"}
{"level":"info","message":"IMD weather data requested","timestamp":"2025-09-08T18:30:13.378Z"}
{"level":"info","message":"Returning cached IMD weather data","timestamp":"2025-09-08T18:30:13.378Z"}
{"level":"info","message":"IMD weather data requested","timestamp":"2025-09-08T18:30:13.380Z"}
{"level":"info","message":"Returning cached IMD weather data","timestamp":"2025-09-08T18:30:13.380Z"}
{"level":"info","message":"IMD weather data requested","timestamp":"2025-09-08T18:31:13.374Z"}
{"level":"info","message":"Starting IMD scraping with Puppeteer for dynamic content","timestamp":"2025-09-08T18:31:13.374Z"}
{"level":"info","message":"IMD weather data requested","timestamp":"2025-09-08T18:31:13.375Z"}
{"level":"info","message":"Starting IMD scraping with Puppeteer for dynamic content","timestamp":"2025-09-08T18:31:13.375Z"}
{"level":"info","message":"Found 3 alerts from subdivision warnings page","timestamp":"2025-09-08T18:31:24.116Z"}
{"level":"info","message":"Puppeteer scraping completed - Found 3 alerts","timestamp":"2025-09-08T18:31:24.246Z"}
{"alerts":3,"level":"info","message":"IMD weather data scraped successfully with Puppeteer","puppeteer_enabled":true,"sources":2,"timestamp":"2025-09-08T18:31:24.246Z"}
{"level":"info","message":"IMD weather data requested","timestamp":"2025-09-08T18:31:24.251Z"}
{"level":"info","message":"Returning cached IMD weather data","timestamp":"2025-09-08T18:31:24.251Z"}
{"level":"info","message":"Found 5 alerts from subdivision warnings page","timestamp":"2025-09-08T18:31:24.318Z"}
{"level":"info","message":"Puppeteer scraping completed - Found 5 alerts","timestamp":"2025-09-08T18:31:24.414Z"}
{"alerts":5,"level":"info","message":"IMD weather data scraped successfully with Puppeteer","puppeteer_enabled":true,"sources":2,"timestamp":"2025-09-08T18:31:24.415Z"}
{"level":"info","message":"IMD weather data requested","timestamp":"2025-09-08T18:32:13.379Z"}
{"level":"info","message":"Returning cached IMD weather data","timestamp":"2025-09-08T18:32:13.379Z"}
{"level":"info","message":"IMD weather data requested","timestamp":"2025-09-08T18:32:13.380Z"}
{"level":"info","message":"Returning cached IMD weather data","timestamp":"2025-09-08T18:32:13.380Z"}
{"level":"info","message":"IMD weather data requested","timestamp":"2025-09-08T18:32:13.383Z"}
{"level":"info","message":"Returning cached IMD weather data","timestamp":"2025-09-08T18:32:13.383Z"}
{"level":"info","message":"IMD weather data requested","timestamp":"2025-09-08T18:33:13.373Z"}
{"level":"info","message":"Returning cached IMD weather data","timestamp":"2025-09-08T18:33:13.373Z"}
{"level":"info","message":"IMD weather data requested","timestamp":"2025-09-08T18:33:13.374Z"}
{"level":"info","message":"Returning cached IMD weather data","timestamp":"2025-09-08T18:33:13.374Z"}
{"level":"info","message":"IMD weather data requested","timestamp":"2025-09-08T18:33:13.374Z"}
{"level":"info","message":"Returning cached IMD weather data","timestamp":"2025-09-08T18:33:13.374Z"}
{"level":"info","message":"IMD weather data requested","timestamp":"2025-09-08T18:34:13.373Z"}
{"level":"info","message":"Starting IMD scraping with Puppeteer for dynamic content","timestamp":"2025-09-08T18:34:13.373Z"}
{"level":"info","message":"IMD weather data requested","timestamp":"2025-09-08T18:34:13.373Z"}
{"level":"info","message":"Starting IMD scraping with Puppeteer for dynamic content","timestamp":"2025-09-08T18:34:13.373Z"}
{"level":"info","message":"Found 3 alerts from subdivision warnings page","timestamp":"2025-09-08T18:34:23.268Z"}
{"level":"info","message":"Found 5 alerts from subdivision warnings page","timestamp":"2025-09-08T18:34:23.353Z"}
{"level":"info","message":"Puppeteer scraping completed - Found 3 alerts","timestamp":"2025-09-08T18:34:23.386Z"}
{"alerts":3,"level":"info","message":"IMD weather data scraped successfully with Puppeteer","puppeteer_enabled":true,"sources":2,"timestamp":"2025-09-08T18:34:23.386Z"}
{"level":"info","message":"Puppeteer scraping completed - Found 5 alerts","timestamp":"2025-09-08T18:34:23.457Z"}
{"alerts":5,"level":"info","message":"IMD weather data scraped successfully with Puppeteer","puppeteer_enabled":true,"sources":2,"timestamp":"2025-09-08T18:34:23.457Z"}
{"level":"info","message":"IMD weather data requested","timestamp":"2025-09-08T18:34:23.460Z"}
{"level":"info","message":"Returning cached IMD weather data","timestamp":"2025-09-08T18:34:23.460Z"}
{"level":"info","message":"IMD weather data requested","timestamp":"2025-09-08T18:35:13.375Z"}
{"level":"info","message":"Returning cached IMD weather data","timestamp":"2025-09-08T18:35:13.375Z"}
{"level":"info","message":"IMD weather data requested","timestamp":"2025-09-08T18:35:13.375Z"}
{"level":"info","message":"Returning cached IMD weather data","timestamp":"2025-09-08T18:35:13.376Z"}
{"level":"info","message":"IMD weather data requested","timestamp":"2025-09-08T18:35:13.379Z"}
{"level":"info","message":"Returning cached IMD weather data","timestamp":"2025-09-08T18:35:13.379Z"}
{"level":"info","message":"IMD weather data requested","timestamp":"2025-09-08T18:36:13.373Z"}
{"level":"info","message":"Returning cached IMD weather data","timestamp":"2025-09-08T18:36:13.373Z"}
{"level":"info","message":"IMD weather data requested","timestamp":"2025-09-08T18:36:13.375Z"}
{"level":"info","message":"Returning cached IMD weather data","timestamp":"2025-09-08T18:36:13.375Z"}
{"level":"info","message":"IMD weather data requested","timestamp":"2025-09-08T18:36:13.377Z"}
{"level":"info","message":"Returning cached IMD weather data","timestamp":"2025-09-08T18:36:13.377Z"}
{"level":"info","message":"IMD weather data requested","timestamp":"2025-09-08T18:37:13.372Z"}
{"level":"info","message":"Starting IMD scraping with Puppeteer for dynamic content","timestamp":"2025-09-08T18:37:13.372Z"}
{"level":"info","message":"IMD weather data requested","timestamp":"2025-09-08T18:37:13.372Z"}
{"level":"info","message":"Starting IMD scraping with Puppeteer for dynamic content","timestamp":"2025-09-08T18:37:13.372Z"}
{"level":"info","message":"Found 5 alerts from subdivision warnings page","timestamp":"2025-09-08T18:37:28.277Z"}
{"level":"info","message":"Found 5 alerts from subdivision warnings page","timestamp":"2025-09-08T18:37:28.278Z"}
{"level":"info","message":"Puppeteer scraping completed - Found 5 alerts","timestamp":"2025-09-08T18:37:28.419Z"}
{"alerts":5,"level":"info","message":"IMD weather data scraped successfully with Puppeteer","puppeteer_enabled":true,"sources":2,"timestamp":"2025-09-08T18:37:28.420Z"}
{"level":"info","message":"Puppeteer scraping completed - Found 5 alerts","timestamp":"2025-09-08T18:37:28.421Z"}
{"alerts":5,"level":"info","message":"IMD weather data scraped successfully with Puppeteer","puppeteer_enabled":true,"sources":2,"timestamp":"2025-09-08T18:37:28.421Z"}
{"level":"info","message":"IMD weather data requested","timestamp":"2025-09-08T18:37:28.426Z"}
{"level":"info","message":"Returning cached IMD weather data","timestamp":"2025-09-08T18:37:28.426Z"}
{"level":"info","message":"IMD weather data requested","timestamp":"2025-09-08T18:38:13.378Z"}
{"level":"info","message":"Returning cached IMD weather data","timestamp":"2025-09-08T18:38:13.378Z"}
{"level":"info","message":"IMD weather data requested","timestamp":"2025-09-08T18:38:13.379Z"}
{"level":"info","message":"Returning cached IMD weather data","timestamp":"2025-09-08T18:38:13.379Z"}
{"level":"info","message":"IMD weather data requested","timestamp":"2025-09-08T18:38:13.380Z"}
{"level":"info","message":"Returning cached IMD weather data","timestamp":"2025-09-08T18:38:13.380Z"}
{"level":"info","message":"IMD weather data requested","timestamp":"2025-09-08T18:39:13.368Z"}
{"level":"info","message":"Returning cached IMD weather data","timestamp":"2025-09-08T18:39:13.368Z"}
{"level":"info","message":"IMD weather data requested","timestamp":"2025-09-08T18:39:13.369Z"}
{"level":"info","message":"Returning cached IMD weather data","timestamp":"2025-09-08T18:39:13.369Z"}
{"level":"info","message":"IMD weather data requested","timestamp":"2025-09-08T18:39:13.370Z"}
{"level":"info","message":"Returning cached IMD weather data","timestamp":"2025-09-08T18:39:13.370Z"}
{"level":"info","message":"IMD weather data requested","timestamp":"2025-09-08T18:40:13.367Z"}
{"level":"info","message":"Starting IMD scraping with Puppeteer for dynamic content","timestamp":"2025-09-08T18:40:13.367Z"}
{"level":"info","message":"IMD weather data requested","timestamp":"2025-09-08T18:40:13.367Z"}
{"level":"info","message":"Starting IMD scraping with Puppeteer for dynamic content","timestamp":"2025-09-08T18:40:13.367Z"}
{"level":"info","message":"Found 3 alerts from subdivision warnings page","timestamp":"2025-09-08T18:40:23.066Z"}
{"level":"info","message":"Puppeteer scraping completed - Found 3 alerts","timestamp":"2025-09-08T18:40:23.187Z"}
{"alerts":3,"level":"info","message":"IMD weather data scraped successfully with Puppeteer","puppeteer_enabled":true,"sources":2,"timestamp":"2025-09-08T18:40:23.188Z"}
{"level":"info","message":"Found 5 alerts from subdivision warnings page","timestamp":"2025-09-08T18:40:30.673Z"}
{"level":"info","message":"Puppeteer scraping completed - Found 5 alerts","timestamp":"2025-09-08T18:40:30.781Z"}
{"alerts":5,"level":"info","message":"IMD weather data scraped successfully with Puppeteer","puppeteer_enabled":true,"sources":2,"timestamp":"2025-09-08T18:40:30.781Z"}
{"level":"info","message":"IMD weather data requested","timestamp":"2025-09-08T18:40:30.784Z"}
{"level":"info","message":"Returning cached IMD weather data","timestamp":"2025-09-08T18:40:30.784Z"}
{"level":"info","message":"IMD weather data requested","timestamp":"2025-09-08T18:41:13.376Z"}
{"level":"info","message":"Returning cached IMD weather data","timestamp":"2025-09-08T18:41:13.376Z"}
{"level":"info","message":"IMD weather data requested","timestamp":"2025-09-08T18:41:13.377Z"}
{"level":"info","message":"Returning cached IMD weather data","timestamp":"2025-09-08T18:41:13.377Z"}
{"level":"info","message":"IMD weather data requested","timestamp":"2025-09-08T18:41:13.378Z"}
{"level":"info","message":"Returning cached IMD weather data","timestamp":"2025-09-08T18:41:13.378Z"}
{"level":"info","message":"IMD weather data requested","timestamp":"2025-09-08T18:42:13.374Z"}
{"level":"info","message":"Returning cached IMD weather data","timestamp":"2025-09-08T18:42:13.374Z"}
{"level":"info","message":"IMD weather data requested","timestamp":"2025-09-08T18:42:13.375Z"}
{"level":"info","message":"Returning cached IMD weather data","timestamp":"2025-09-08T18:42:13.375Z"}
{"level":"info","message":"IMD weather data requested","timestamp":"2025-09-08T18:42:13.376Z"}
{"level":"info","message":"Returning cached IMD weather data","timestamp":"2025-09-08T18:42:13.377Z"}
{"level":"info","message":"IMD weather data requested","timestamp":"2025-09-08T18:43:13.377Z"}
{"level":"info","message":"Starting IMD scraping with Puppeteer for dynamic content","timestamp":"2025-09-08T18:43:13.377Z"}
{"level":"info","message":"IMD weather data requested","timestamp":"2025-09-08T18:43:13.380Z"}
{"level":"info","message":"Starting IMD scraping with Puppeteer for dynamic content","timestamp":"2025-09-08T18:43:13.380Z"}
{"level":"info","message":"Found 3 alerts from subdivision warnings page","timestamp":"2025-09-08T18:43:24.000Z"}
{"level":"info","message":"Found 3 alerts from subdivision warnings page","timestamp":"2025-09-08T18:43:24.047Z"}
{"level":"info","message":"Puppeteer scraping completed - Found 3 alerts","timestamp":"2025-09-08T18:43:24.176Z"}
{"alerts":3,"level":"info","message":"IMD weather data scraped successfully with Puppeteer","puppeteer_enabled":true,"sources":2,"timestamp":"2025-09-08T18:43:24.176Z"}
{"level":"info","message":"Puppeteer scraping completed - Found 3 alerts","timestamp":"2025-09-08T18:43:24.179Z"}
{"alerts":3,"level":"info","message":"IMD weather data scraped successfully with Puppeteer","puppeteer_enabled":true,"sources":2,"timestamp":"2025-09-08T18:43:24.179Z"}
{"level":"info","message":"IMD weather data requested","timestamp":"2025-09-08T18:43:24.186Z"}
{"level":"info","message":"Returning cached IMD weather data","timestamp":"2025-09-08T18:43:24.186Z"}
{"level":"info","message":"IMD weather data requested","timestamp":"2025-09-08T18:44:13.401Z"}
{"level":"info","message":"Returning cached IMD weather data","timestamp":"2025-09-08T18:44:13.401Z"}
{"level":"info","message":"IMD weather data requested","timestamp":"2025-09-08T18:44:13.417Z"}
{"level":"info","message":"Returning cached IMD weather data","timestamp":"2025-09-08T18:44:13.417Z"}
{"level":"info","message":"IMD weather data requested","timestamp":"2025-09-08T18:44:13.420Z"}
{"level":"info","message":"Returning cached IMD weather data","timestamp":"2025-09-08T18:44:13.420Z"}
{"level":"info","message":"IMD weather data requested","timestamp":"2025-09-08T18:45:13.383Z"}
{"level":"info","message":"Returning cached IMD weather data","timestamp":"2025-09-08T18:45:13.383Z"}
{"level":"info","message":"IMD weather data requested","timestamp":"2025-09-08T18:45:13.388Z"}
{"level":"info","message":"Returning cached IMD weather data","timestamp":"2025-09-08T18:45:13.388Z"}
{"level":"info","message":"IMD weather data requested","timestamp":"2025-09-08T18:45:13.390Z"}
{"level":"info","message":"Returning cached IMD weather data","timestamp":"2025-09-08T18:45:13.390Z"}
{"level":"info","message":"IMD weather data requested","timestamp":"2025-09-08T18:46:13.433Z"}
{"level":"info","message":"Starting IMD scraping with Puppeteer for dynamic content","timestamp":"2025-09-08T18:46:13.433Z"}
{"level":"info","message":"IMD weather data requested","timestamp":"2025-09-08T18:46:13.438Z"}
{"level":"info","message":"Starting IMD scraping with Puppeteer for dynamic content","timestamp":"2025-09-08T18:46:13.438Z"}
{"level":"info","message":"Found 5 alerts from subdivision warnings page","timestamp":"2025-09-08T18:46:25.759Z"}
{"level":"info","message":"Found 4 alerts from subdivision warnings page","timestamp":"2025-09-08T18:46:25.835Z"}
{"level":"info","message":"Puppeteer scraping completed - Found 5 alerts","timestamp":"2025-09-08T18:46:26.235Z"}
{"alerts":5,"level":"info","message":"IMD weather data scraped successfully with Puppeteer","puppeteer_enabled":true,"sources":2,"timestamp":"2025-09-08T18:46:26.236Z"}
{"level":"info","message":"Puppeteer scraping completed - Found 4 alerts","timestamp":"2025-09-08T18:46:26.242Z"}
{"alerts":4,"level":"info","message":"IMD weather data scraped successfully with Puppeteer","puppeteer_enabled":true,"sources":2,"timestamp":"2025-09-08T18:46:26.243Z"}
{"level":"info","message":"IMD weather data requested","timestamp":"2025-09-08T18:46:26.253Z"}
{"level":"info","message":"Returning cached IMD weather data","timestamp":"2025-09-08T18:46:26.253Z"}
{"level":"info","message":"IMD weather data requested","timestamp":"2025-09-08T18:47:13.422Z"}
{"level":"info","message":"Returning cached IMD weather data","timestamp":"2025-09-08T18:47:13.422Z"}
{"level":"info","message":"IMD weather data requested","timestamp":"2025-09-08T18:47:13.428Z"}
{"level":"info","message":"Returning cached IMD weather data","timestamp":"2025-09-08T18:47:13.428Z"}
{"level":"info","message":"IMD weather data requested","timestamp":"2025-09-08T18:47:13.436Z"}
{"level":"info","message":"Returning cached IMD weather data","timestamp":"2025-09-08T18:47:13.437Z"}
{"level":"info","message":"IMD weather data requested","timestamp":"2025-09-08T18:48:13.401Z"}
{"level":"info","message":"Returning cached IMD weather data","timestamp":"2025-09-08T18:48:13.401Z"}
{"level":"info","message":"IMD weather data requested","timestamp":"2025-09-08T18:48:13.402Z"}
{"level":"info","message":"Returning cached IMD weather data","timestamp":"2025-09-08T18:48:13.402Z"}
{"level":"info","message":"IMD weather data requested","timestamp":"2025-09-08T18:48:13.404Z"}
{"level":"info","message":"Returning cached IMD weather data","timestamp":"2025-09-08T18:48:13.404Z"}
{"level":"info","message":"IMD weather data requested","timestamp":"2025-09-08T18:49:13.442Z"}
{"level":"info","message":"Starting IMD scraping with Puppeteer for dynamic content","timestamp":"2025-09-08T18:49:13.442Z"}
{"level":"info","message":"IMD weather data requested","timestamp":"2025-09-08T18:49:13.449Z"}
{"level":"info","message":"Starting IMD scraping with Puppeteer for dynamic content","timestamp":"2025-09-08T18:49:13.449Z"}
{"level":"info","message":"Found 3 alerts from subdivision warnings page","timestamp":"2025-09-08T18:49:24.651Z"}
{"level":"info","message":"Found 4 alerts from subdivision warnings page","timestamp":"2025-09-08T18:49:24.757Z"}
{"level":"info","message":"Puppeteer scraping completed - Found 3 alerts","timestamp":"2025-09-08T18:49:24.834Z"}
{"alerts":3,"level":"info","message":"IMD weather data scraped successfully with Puppeteer","puppeteer_enabled":true,"sources":2,"timestamp":"2025-09-08T18:49:24.834Z"}
{"level":"info","message":"Puppeteer scraping completed - Found 4 alerts","timestamp":"2025-09-08T18:49:24.881Z"}
{"alerts":4,"level":"info","message":"IMD weather data scraped successfully with Puppeteer","puppeteer_enabled":true,"sources":2,"timestamp":"2025-09-08T18:49:24.881Z"}
{"level":"info","message":"IMD weather data requested","timestamp":"2025-09-08T18:49:24.885Z"}
{"level":"info","message":"Returning cached IMD weather data","timestamp":"2025-09-08T18:49:24.885Z"}
{"level":"info","message":"IMD weather data requested","timestamp":"2025-09-08T18:50:13.386Z"}
{"level":"info","message":"Returning cached IMD weather data","timestamp":"2025-09-08T18:50:13.386Z"}
{"level":"info","message":"IMD weather data requested","timestamp":"2025-09-08T18:50:13.390Z"}
{"level":"info","message":"Returning cached IMD weather data","timestamp":"2025-09-08T18:50:13.390Z"}
{"level":"info","message":"IMD weather data requested","timestamp":"2025-09-08T18:50:13.394Z"}
{"level":"info","message":"Returning cached IMD weather data","timestamp":"2025-09-08T18:50:13.395Z"}
{"level":"info","message":"IMD weather data requested","timestamp":"2025-09-08T18:51:13.431Z"}
{"level":"info","message":"Returning cached IMD weather data","timestamp":"2025-09-08T18:51:13.431Z"}
{"level":"info","message":"IMD weather data requested","timestamp":"2025-09-08T18:51:13.435Z"}
{"level":"info","message":"Returning cached IMD weather data","timestamp":"2025-09-08T18:51:13.435Z"}
{"level":"info","message":"IMD weather data requested","timestamp":"2025-09-08T18:51:13.441Z"}
{"level":"info","message":"Returning cached IMD weather data","timestamp":"2025-09-08T18:51:13.454Z"}
{"level":"info","message":"IMD weather data requested","timestamp":"2025-09-08T18:52:13.373Z"}
{"level":"info","message":"Starting IMD scraping with Puppeteer for dynamic content","timestamp":"2025-09-08T18:52:13.374Z"}
{"level":"info","message":"IMD weather data requested","timestamp":"2025-09-08T18:52:13.380Z"}
{"level":"info","message":"Starting IMD scraping with Puppeteer for dynamic content","timestamp":"2025-09-08T18:52:13.380Z"}
{"level":"info","message":"Found 5 alerts from subdivision warnings page","timestamp":"2025-09-08T18:52:23.103Z"}
{"level":"info","message":"Puppeteer scraping completed - Found 5 alerts","timestamp":"2025-09-08T18:52:23.219Z"}
{"alerts":5,"level":"info","message":"IMD weather data scraped successfully with Puppeteer","puppeteer_enabled":true,"sources":2,"timestamp":"2025-09-08T18:52:23.219Z"}
{"level":"info","message":"Found 4 alerts from subdivision warnings page","timestamp":"2025-09-08T18:52:23.534Z"}
{"level":"info","message":"Puppeteer scraping completed - Found 4 alerts","timestamp":"2025-09-08T18:52:23.647Z"}
{"alerts":4,"level":"info","message":"IMD weather data scraped successfully with Puppeteer","puppeteer_enabled":true,"sources":2,"timestamp":"2025-09-08T18:52:23.647Z"}
{"level":"info","message":"IMD weather data requested","timestamp":"2025-09-08T18:52:23.651Z"}
{"level":"info","message":"Returning cached IMD weather data","timestamp":"2025-09-08T18:52:23.651Z"}
{"level":"info","message":"IMD weather data requested","timestamp":"2025-09-08T18:53:13.372Z"}
{"level":"info","message":"Returning cached IMD weather data","timestamp":"2025-09-08T18:53:13.372Z"}
{"level":"info","message":"IMD weather data requested","timestamp":"2025-09-08T18:53:13.373Z"}
{"level":"info","message":"Returning cached IMD weather data","timestamp":"2025-09-08T18:53:13.373Z"}
{"level":"info","message":"IMD weather data requested","timestamp":"2025-09-08T18:53:13.374Z"}
{"level":"info","message":"Returning cached IMD weather data","timestamp":"2025-09-08T18:53:13.374Z"}
{"level":"info","message":"IMD weather data requested","timestamp":"2025-09-08T18:54:07.575Z"}
{"level":"info","message":"Returning cached IMD weather data","timestamp":"2025-09-08T18:54:07.575Z"}
{"level":"info","message":"IMD weather data requested","timestamp":"2025-09-08T18:54:07.621Z"}
{"level":"info","message":"Returning cached IMD weather data","timestamp":"2025-09-08T18:54:07.621Z"}
{"level":"info","message":"IMD weather data requested","timestamp":"2025-09-08T18:54:13.431Z"}
{"level":"info","message":"Returning cached IMD weather data","timestamp":"2025-09-08T18:54:13.432Z"}
{"level":"info","message":"IMD weather data requested","timestamp":"2025-09-08T18:54:40.376Z"}
{"level":"info","message":"Starting IMD scraping with Puppeteer for dynamic content","timestamp":"2025-09-08T18:54:40.377Z"}
{"level":"info","message":"Found 5 alerts from subdivision warnings page","timestamp":"2025-09-08T18:54:52.577Z"}
{"level":"info","message":"Puppeteer scraping completed - Found 5 alerts","timestamp":"2025-09-08T18:54:52.818Z"}
{"alerts":5,"level":"info","message":"IMD weather data scraped successfully with Puppeteer","puppeteer_enabled":true,"sources":2,"timestamp":"2025-09-08T18:54:52.818Z"}
{"level":"info","message":"IMD weather data requested","timestamp":"2025-09-08T18:54:52.837Z"}
{"level":"info","message":"Returning cached IMD weather data","timestamp":"2025-09-08T18:54:52.837Z"}
{"level":"info","message":"IMD weather data requested","timestamp":"2025-09-08T18:55:03.378Z"}
{"level":"info","message":"Returning cached IMD weather data","timestamp":"2025-09-08T18:55:03.378Z"}
{"level":"info","message":"IMD weather data requested","timestamp":"2025-09-08T18:55:13.370Z"}
{"level":"info","message":"Returning cached IMD weather data","timestamp":"2025-09-08T18:55:13.370Z"}
{"level":"info","message":"IMD weather data requested","timestamp":"2025-09-08T18:55:13.375Z"}
{"level":"info","message":"Returning cached IMD weather data","timestamp":"2025-09-08T18:55:13.376Z"}
{"level":"info","message":"IMD weather data requested","timestamp":"2025-09-08T18:55:33.370Z"}
{"level":"info","message":"Returning cached IMD weather data","timestamp":"2025-09-08T18:55:33.370Z"}
{"level":"info","message":"IMD weather data requested","timestamp":"2025-09-08T18:55:51.365Z"}
{"level":"info","message":"Returning cached IMD weather data","timestamp":"2025-09-08T18:55:51.365Z"}
{"level":"info","message":"IMD weather data requested","timestamp":"2025-09-08T18:56:13.443Z"}
{"level":"info","message":"Returning cached IMD weather data","timestamp":"2025-09-08T18:56:13.444Z"}
{"level":"info","message":"IMD weather data requested","timestamp":"2025-09-08T18:56:13.455Z"}
{"level":"info","message":"Returning cached IMD weather data","timestamp":"2025-09-08T18:56:13.455Z"}
{"level":"info","message":"IMD weather data requested","timestamp":"2025-09-08T18:56:13.457Z"}
{"level":"info","message":"Returning cached IMD weather data","timestamp":"2025-09-08T18:56:13.458Z"}
{"level":"info","message":"IMD weather data requested","timestamp":"2025-09-08T18:57:13.386Z"}
{"level":"info","message":"Starting IMD scraping with Puppeteer for dynamic content","timestamp":"2025-09-08T18:57:13.387Z"}
{"level":"info","message":"IMD weather data requested","timestamp":"2025-09-08T18:57:13.388Z"}
{"level":"info","message":"Starting IMD scraping with Puppeteer for dynamic content","timestamp":"2025-09-08T18:57:13.388Z"}
{"level":"info","message":"Found 3 alerts from subdivision warnings page","timestamp":"2025-09-08T18:57:24.850Z"}
{"level":"info","message":"Found 3 alerts from subdivision warnings page","timestamp":"2025-09-08T18:57:25.059Z"}
{"level":"info","message":"Puppeteer scraping completed - Found 3 alerts","timestamp":"2025-09-08T18:57:25.265Z"}
{"alerts":3,"level":"info","message":"IMD weather data scraped successfully with Puppeteer","puppeteer_enabled":true,"sources":2,"timestamp":"2025-09-08T18:57:25.266Z"}
{"level":"info","message":"IMD weather data requested","timestamp":"2025-09-08T18:57:25.277Z"}
{"level":"info","message":"Returning cached IMD weather data","timestamp":"2025-09-08T18:57:25.278Z"}
{"level":"info","message":"Puppeteer scraping completed - Found 3 alerts","timestamp":"2025-09-08T18:57:25.551Z"}
{"alerts":3,"level":"info","message":"IMD weather data scraped successfully with Puppeteer","puppeteer_enabled":true,"sources":2,"timestamp":"2025-09-08T18:57:25.551Z"}
{"level":"info","message":"IMD weather data requested","timestamp":"2025-09-08T18:57:36.385Z"}
{"level":"info","message":"Returning cached IMD weather data","timestamp":"2025-09-08T18:57:36.386Z"}
{"level":"info","message":"IMD weather data requested","timestamp":"2025-09-08T18:57:38.361Z"}
{"level":"info","message":"Returning cached IMD weather data","timestamp":"2025-09-08T18:57:38.361Z"}
{"level":"info","message":"IMD weather data requested","timestamp":"2025-09-08T18:58:13.392Z"}
{"level":"info","message":"Returning cached IMD weather data","timestamp":"2025-09-08T18:58:13.392Z"}
{"level":"info","message":"IMD weather data requested","timestamp":"2025-09-08T18:58:13.393Z"}
{"level":"info","message":"Returning cached IMD weather data","timestamp":"2025-09-08T18:58:13.393Z"}
{"level":"info","message":"IMD weather data requested","timestamp":"2025-09-08T18:58:13.394Z"}
{"level":"info","message":"Returning cached IMD weather data","timestamp":"2025-09-08T18:58:13.394Z"}
{"level":"info","message":"IMD weather data requested","timestamp":"2025-09-08T18:59:13.374Z"}
{"level":"info","message":"Returning cached IMD weather data","timestamp":"2025-09-08T18:59:13.374Z"}
{"level":"info","message":"IMD weather data requested","timestamp":"2025-09-08T18:59:13.375Z"}
{"level":"info","message":"Returning cached IMD weather data","timestamp":"2025-09-08T18:59:13.375Z"}
{"level":"info","message":"IMD weather data requested","timestamp":"2025-09-08T18:59:13.379Z"}
{"level":"info","message":"Returning cached IMD weather data","timestamp":"2025-09-08T18:59:13.379Z"}
{"level":"info","message":"IMD weather data requested","timestamp":"2025-09-08T19:00:13.378Z"}
{"level":"info","message":"Starting IMD scraping with Puppeteer for dynamic content","timestamp":"2025-09-08T19:00:13.378Z"}
{"level":"info","message":"IMD weather data requested","timestamp":"2025-09-08T19:00:13.387Z"}
{"level":"info","message":"Starting IMD scraping with Puppeteer for dynamic content","timestamp":"2025-09-08T19:00:13.387Z"}
{"level":"info","message":"Found 4 alerts from subdivision warnings page","timestamp":"2025-09-08T19:00:23.634Z"}
{"level":"info","message":"Puppeteer scraping completed - Found 4 alerts","timestamp":"2025-09-08T19:00:23.759Z"}
{"alerts":4,"level":"info","message":"IMD weather data scraped successfully with Puppeteer","puppeteer_enabled":true,"sources":2,"timestamp":"2025-09-08T19:00:23.759Z"}
{"level":"info","message":"Found 5 alerts from subdivision warnings page","timestamp":"2025-09-08T19:00:24.968Z"}
{"level":"info","message":"Puppeteer scraping completed - Found 5 alerts","timestamp":"2025-09-08T19:00:25.063Z"}
{"alerts":5,"level":"info","message":"IMD weather data scraped successfully with Puppeteer","puppeteer_enabled":true,"sources":2,"timestamp":"2025-09-08T19:00:25.063Z"}
{"level":"info","message":"IMD weather data requested","timestamp":"2025-09-08T19:00:25.066Z"}
{"level":"info","message":"Returning cached IMD weather data","timestamp":"2025-09-08T19:00:25.066Z"}
{"level":"info","message":"IMD weather data requested","timestamp":"2025-09-08T19:01:13.440Z"}
{"level":"info","message":"Returning cached IMD weather data","timestamp":"2025-09-08T19:01:13.441Z"}
{"level":"info","message":"IMD weather data requested","timestamp":"2025-09-08T19:01:13.448Z"}
{"level":"info","message":"Returning cached IMD weather data","timestamp":"2025-09-08T19:01:13.448Z"}
{"level":"info","message":"IMD weather data requested","timestamp":"2025-09-08T19:01:13.450Z"}
{"level":"info","message":"Returning cached IMD weather data","timestamp":"2025-09-08T19:01:13.450Z"}
{"level":"info","message":"IMD weather data requested","timestamp":"2025-09-08T19:02:13.504Z"}
{"level":"info","message":"Returning cached IMD weather data","timestamp":"2025-09-08T19:02:13.505Z"}
{"level":"info","message":"IMD weather data requested","timestamp":"2025-09-08T19:02:13.522Z"}
{"level":"info","message":"Returning cached IMD weather data","timestamp":"2025-09-08T19:02:13.522Z"}
{"level":"info","message":"IMD weather data requested","timestamp":"2025-09-08T19:02:13.547Z"}
{"level":"info","message":"Returning cached IMD weather data","timestamp":"2025-09-08T19:02:13.547Z"}
{"level":"info","message":"IMD weather data requested","timestamp":"2025-09-08T19:03:13.410Z"}
{"level":"info","message":"Starting IMD scraping with Puppeteer for dynamic content","timestamp":"2025-09-08T19:03:13.410Z"}
{"level":"info","message":"IMD weather data requested","timestamp":"2025-09-08T19:03:13.411Z"}
{"level":"info","message":"Starting IMD scraping with Puppeteer for dynamic content","timestamp":"2025-09-08T19:03:13.411Z"}
{"level":"info","message":"Found 4 alerts from subdivision warnings page","timestamp":"2025-09-08T19:03:25.841Z"}
{"level":"info","message":"Found 4 alerts from subdivision warnings page","timestamp":"2025-09-08T19:03:25.913Z"}
{"level":"info","message":"Puppeteer scraping completed - Found 4 alerts","timestamp":"2025-09-08T19:03:26.006Z"}
{"alerts":4,"level":"info","message":"IMD weather data scraped successfully with Puppeteer","puppeteer_enabled":true,"sources":2,"timestamp":"2025-09-08T19:03:26.007Z"}
{"level":"info","message":"IMD weather data requested","timestamp":"2025-09-08T19:03:26.020Z"}
{"level":"info","message":"Returning cached IMD weather data","timestamp":"2025-09-08T19:03:26.020Z"}
{"level":"info","message":"Puppeteer scraping completed - Found 4 alerts","timestamp":"2025-09-08T19:03:26.031Z"}
{"alerts":4,"level":"info","message":"IMD weather data scraped successfully with Puppeteer","puppeteer_enabled":true,"sources":2,"timestamp":"2025-09-08T19:03:26.032Z"}
{"level":"info","message":"IMD weather data requested","timestamp":"2025-09-08T19:04:13.393Z"}
{"level":"info","message":"Returning cached IMD weather data","timestamp":"2025-09-08T19:04:13.393Z"}
{"level":"info","message":"IMD weather data requested","timestamp":"2025-09-08T19:04:13.394Z"}
{"level":"info","message":"Returning cached IMD weather data","timestamp":"2025-09-08T19:04:13.394Z"}
{"level":"info","message":"IMD weather data requested","timestamp":"2025-09-08T19:04:13.403Z"}
{"level":"info","message":"Returning cached IMD weather data","timestamp":"2025-09-08T19:04:13.403Z"}
{"level":"info","message":"IMD weather data requested","timestamp":"2025-09-08T19:05:13.371Z"}
{"level":"info","message":"Returning cached IMD weather data","timestamp":"2025-09-08T19:05:13.372Z"}
{"level":"info","message":"IMD weather data requested","timestamp":"2025-09-08T19:05:13.373Z"}
{"level":"info","message":"Returning cached IMD weather data","timestamp":"2025-09-08T19:05:13.373Z"}
{"level":"info","message":"IMD weather data requested","timestamp":"2025-09-08T19:05:13.374Z"}
{"level":"info","message":"Returning cached IMD weather data","timestamp":"2025-09-08T19:05:13.374Z"}
{"level":"info","message":"IMD weather data requested","timestamp":"2025-09-08T19:06:13.373Z"}
{"level":"info","message":"Starting IMD scraping with Puppeteer for dynamic content","timestamp":"2025-09-08T19:06:13.373Z"}
{"level":"info","message":"IMD weather data requested","timestamp":"2025-09-08T19:06:13.374Z"}
{"level":"info","message":"Starting IMD scraping with Puppeteer for dynamic content","timestamp":"2025-09-08T19:06:13.374Z"}
{"level":"info","message":"Found 5 alerts from subdivision warnings page","timestamp":"2025-09-08T19:06:23.874Z"}
{"level":"info","message":"Found 4 alerts from subdivision warnings page","timestamp":"2025-09-08T19:06:23.911Z"}
{"level":"info","message":"Puppeteer scraping completed - Found 5 alerts","timestamp":"2025-09-08T19:06:24.039Z"}
{"alerts":5,"level":"info","message":"IMD weather data scraped successfully with Puppeteer","puppeteer_enabled":true,"sources":2,"timestamp":"2025-09-08T19:06:24.039Z"}
{"level":"info","message":"Puppeteer scraping completed - Found 4 alerts","timestamp":"2025-09-08T19:06:24.041Z"}
{"alerts":4,"level":"info","message":"IMD weather data scraped successfully with Puppeteer","puppeteer_enabled":true,"sources":2,"timestamp":"2025-09-08T19:06:24.041Z"}
{"level":"info","message":"IMD weather data requested","timestamp":"2025-09-08T19:06:24.047Z"}
{"level":"info","message":"Returning cached IMD weather data","timestamp":"2025-09-08T19:06:24.047Z"}
{"level":"info","message":"IMD weather data requested","timestamp":"2025-09-08T19:06:45.378Z"}
{"level":"info","message":"Returning cached IMD weather data","timestamp":"2025-09-08T19:06:45.379Z"}
{"level":"info","message":"IMD weather data requested","timestamp":"2025-09-08T19:06:45.381Z"}
{"level":"info","message":"Returning cached IMD weather data","timestamp":"2025-09-08T19:06:45.381Z"}
{"level":"info","message":"IMD weather data requested","timestamp":"2025-09-08T19:07:13.394Z"}
{"level":"info","message":"Returning cached IMD weather data","timestamp":"2025-09-08T19:07:13.394Z"}
{"level":"info","message":"IMD weather data requested","timestamp":"2025-09-08T19:07:13.396Z"}
{"level":"info","message":"Returning cached IMD weather data","timestamp":"2025-09-08T19:07:13.396Z"}
{"level":"info","message":"IMD weather data requested","timestamp":"2025-09-08T19:07:13.397Z"}
{"level":"info","message":"Returning cached IMD weather data","timestamp":"2025-09-08T19:07:13.397Z"}
{"level":"info","message":"IMD weather data requested","timestamp":"2025-09-08T19:08:13.462Z"}
{"level":"info","message":"Returning cached IMD weather data","timestamp":"2025-09-08T19:08:13.463Z"}
{"level":"info","message":"IMD weather data requested","timestamp":"2025-09-08T19:08:13.491Z"}
{"level":"info","message":"Returning cached IMD weather data","timestamp":"2025-09-08T19:08:13.492Z"}
{"level":"info","message":"IMD weather data requested","timestamp":"2025-09-08T19:08:13.494Z"}
{"level":"info","message":"Returning cached IMD weather data","timestamp":"2025-09-08T19:08:13.495Z"}
{"level":"info","message":"IMD weather data requested","timestamp":"2025-09-08T19:09:13.391Z"}
{"level":"info","message":"Starting IMD scraping with Puppeteer for dynamic content","timestamp":"2025-09-08T19:09:13.392Z"}
{"level":"info","message":"Found 4 alerts from subdivision warnings page","timestamp":"2025-09-08T19:09:23.914Z"}
{"level":"info","message":"Puppeteer scraping completed - Found 4 alerts","timestamp":"2025-09-08T19:09:24.037Z"}
{"alerts":4,"level":"info","message":"IMD weather data scraped successfully with Puppeteer","puppeteer_enabled":true,"sources":2,"timestamp":"2025-09-08T19:09:24.037Z"}
{"level":"info","message":"IMD weather data requested","timestamp":"2025-09-08T19:10:13.372Z"}
{"level":"info","message":"Returning cached IMD weather data","timestamp":"2025-09-08T19:10:13.372Z"}
{"level":"info","message":"IMD weather data requested","timestamp":"2025-09-08T19:11:13.365Z"}
{"level":"info","message":"Returning cached IMD weather data","timestamp":"2025-09-08T19:11:13.365Z"}
{"level":"info","message":"IMD weather data requested","timestamp":"2025-09-08T19:12:13.381Z"}
{"level":"info","message":"Starting IMD scraping with Puppeteer for dynamic content","timestamp":"2025-09-08T19:12:13.381Z"}
{"level":"info","message":"Found 5 alerts from subdivision warnings page","timestamp":"2025-09-08T19:12:23.472Z"}
{"level":"info","message":"Puppeteer scraping completed - Found 5 alerts","timestamp":"2025-09-08T19:12:23.608Z"}
{"alerts":5,"level":"info","message":"IMD weather data scraped successfully with Puppeteer","puppeteer_enabled":true,"sources":2,"timestamp":"2025-09-08T19:12:23.608Z"}
{"level":"info","message":"IMD weather data requested","timestamp":"2025-09-08T19:13:13.366Z"}
{"level":"info","message":"Returning cached IMD weather data","timestamp":"2025-09-08T19:13:13.367Z"}
{"level":"info","message":"IMD weather data requested","timestamp":"2025-09-08T19:14:13.378Z"}
{"level":"info","message":"Returning cached IMD weather data","timestamp":"2025-09-08T19:14:13.378Z"}
{"level":"info","message":"IMD weather data requested","timestamp":"2025-09-08T19:15:13.369Z"}
{"level":"info","message":"Starting IMD scraping with Puppeteer for dynamic content","timestamp":"2025-09-08T19:15:13.369Z"}
{"level":"info","message":"Found 4 alerts from subdivision warnings page","timestamp":"2025-09-08T19:15:26.749Z"}
{"level":"info","message":"Puppeteer scraping completed - Found 4 alerts","timestamp":"2025-09-08T19:15:26.922Z"}
{"alerts":4,"level":"info","message":"IMD weather data scraped successfully with Puppeteer","puppeteer_enabled":true,"sources":2,"timestamp":"2025-09-08T19:15:26.922Z"}
{"level":"info","message":"IMD weather data requested","timestamp":"2025-09-08T19:16:13.374Z"}
{"level":"info","message":"Returning cached IMD weather data","timestamp":"2025-09-08T19:16:13.374Z"}
{"level":"info","message":"IMD weather data requested","timestamp":"2025-09-08T19:17:13.389Z"}
{"level":"info","message":"Returning cached IMD weather data","timestamp":"2025-09-08T19:17:13.389Z"}
{"level":"info","message":"IMD weather data requested","timestamp":"2025-09-08T19:18:13.394Z"}
{"level":"info","message":"Starting IMD scraping with Puppeteer for dynamic content","timestamp":"2025-09-08T19:18:13.395Z"}
{"level":"info","message":"Found 3 alerts from subdivision warnings page","timestamp":"2025-09-08T19:18:25.799Z"}
{"level":"info","message":"Puppeteer scraping completed - Found 3 alerts","timestamp":"2025-09-08T19:18:25.908Z"}
{"alerts":3,"level":"info","message":"IMD weather data scraped successfully with Puppeteer","puppeteer_enabled":true,"sources":2,"timestamp":"2025-09-08T19:18:25.908Z"}
{"level":"info","message":"IMD weather data requested","timestamp":"2025-09-08T19:19:13.372Z"}
{"level":"info","message":"Returning cached IMD weather data","timestamp":"2025-09-08T19:19:13.373Z"}
{"level":"info","message":"IMD weather data requested","timestamp":"2025-09-08T19:21:13.394Z"}
{"level":"info","message":"Starting IMD scraping with Puppeteer for dynamic content","timestamp":"2025-09-08T19:21:13.395Z"}
{"level":"info","message":"Found 3 alerts from subdivision warnings page","timestamp":"2025-09-08T19:21:27.976Z"}
{"level":"info","message":"Puppeteer scraping completed - Found 3 alerts","timestamp":"2025-09-08T19:21:28.111Z"}
{"alerts":3,"level":"info","message":"IMD weather data scraped successfully with Puppeteer","puppeteer_enabled":true,"sources":2,"timestamp":"2025-09-08T19:21:28.113Z"}
{"level":"info","message":"IMD weather data requested","timestamp":"2025-09-08T19:22:13.394Z"}
{"level":"info","message":"Returning cached IMD weather data","timestamp":"2025-09-08T19:22:13.394Z"}
{"level":"info","message":"IMD weather data requested","timestamp":"2025-09-08T19:23:13.420Z"}
{"level":"info","message":"Returning cached IMD weather data","timestamp":"2025-09-08T19:23:13.420Z"}
{"level":"info","message":"IMD weather data requested","timestamp":"2025-09-08T19:24:13.381Z"}
{"level":"info","message":"Starting IMD scraping with Puppeteer for dynamic content","timestamp":"2025-09-08T19:24:13.383Z"}
{"level":"info","message":"Found 5 alerts from subdivision warnings page","timestamp":"2025-09-08T19:24:42.557Z"}
{"level":"info","message":"Puppeteer scraping completed - Found 5 alerts","timestamp":"2025-09-08T19:24:42.674Z"}
{"alerts":5,"level":"info","message":"IMD weather data scraped successfully with Puppeteer","puppeteer_enabled":true,"sources":2,"timestamp":"2025-09-08T19:24:42.675Z"}
{"level":"info","message":"IMD weather data requested","timestamp":"2025-09-08T19:25:13.377Z"}
{"level":"info","message":"Returning cached IMD weather data","timestamp":"2025-09-08T19:25:13.377Z"}
{"level":"info","message":"IMD weather data requested","timestamp":"2025-09-08T19:26:13.367Z"}
{"level":"info","message":"Returning cached IMD weather data","timestamp":"2025-09-08T19:26:13.368Z"}
{"level":"info","message":"IMD weather data requested","timestamp":"2025-09-08T19:27:13.371Z"}
{"level":"info","message":"Starting IMD scraping with Puppeteer for dynamic content","timestamp":"2025-09-08T19:27:13.371Z"}
{"level":"info","message":"Found 3 alerts from subdivision warnings page","timestamp":"2025-09-08T19:27:26.058Z"}
{"level":"info","message":"Puppeteer scraping completed - Found 3 alerts","timestamp":"2025-09-08T19:27:26.270Z"}
{"alerts":3,"level":"info","message":"IMD weather data scraped successfully with Puppeteer","puppeteer_enabled":true,"sources":2,"timestamp":"2025-09-08T19:27:26.272Z"}
{"level":"info","message":"IMD weather data requested","timestamp":"2025-09-08T19:28:13.442Z"}
{"level":"info","message":"Returning cached IMD weather data","timestamp":"2025-09-08T19:28:13.443Z"}
{"level":"info","message":"IMD weather data requested","timestamp":"2025-09-08T19:29:13.377Z"}
{"level":"info","message":"Returning cached IMD weather data","timestamp":"2025-09-08T19:29:13.378Z"}
{"level":"info","message":"IMD weather data requested","timestamp":"2025-09-08T19:30:13.384Z"}
{"level":"info","message":"Starting IMD scraping with Puppeteer for dynamic content","timestamp":"2025-09-08T19:30:13.384Z"}
{"level":"info","message":"Found 3 alerts from subdivision warnings page","timestamp":"2025-09-08T19:30:29.072Z"}
{"level":"info","message":"Puppeteer scraping completed - Found 3 alerts","timestamp":"2025-09-08T19:30:29.199Z"}
{"alerts":3,"level":"info","message":"IMD weather data scraped successfully with Puppeteer","puppeteer_enabled":true,"sources":2,"timestamp":"2025-09-08T19:30:29.199Z"}
{"level":"info","message":"IMD weather data requested","timestamp":"2025-09-08T19:31:13.362Z"}
{"level":"info","message":"Returning cached IMD weather data","timestamp":"2025-09-08T19:31:13.363Z"}
{"level":"info","message":"IMD weather data requested","timestamp":"2025-09-08T19:32:13.360Z"}
{"level":"info","message":"Returning cached IMD weather data","timestamp":"2025-09-08T19:32:13.360Z"}
{"level":"info","message":"IMD weather data requested","timestamp":"2025-09-08T19:33:13.394Z"}
{"level":"info","message":"Starting IMD scraping with Puppeteer for dynamic content","timestamp":"2025-09-08T19:33:13.394Z"}
{"level":"info","message":"Found 5 alerts from subdivision warnings page","timestamp":"2025-09-08T19:33:29.479Z"}
{"level":"info","message":"Puppeteer scraping completed - Found 5 alerts","timestamp":"2025-09-08T19:33:29.703Z"}
{"alerts":5,"level":"info","message":"IMD weather data scraped successfully with Puppeteer","puppeteer_enabled":true,"sources":2,"timestamp":"2025-09-08T19:33:29.704Z"}
{"level":"info","message":"IMD weather data requested","timestamp":"2025-09-08T19:34:13.370Z"}
{"level":"info","message":"Returning cached IMD weather data","timestamp":"2025-09-08T19:34:13.370Z"}
{"level":"info","message":"IMD weather data requested","timestamp":"2025-09-08T19:35:13.366Z"}
{"level":"info","message":"Returning cached IMD weather data","timestamp":"2025-09-08T19:35:13.366Z"}
{"level":"info","message":"IMD weather data requested","timestamp":"2025-09-08T19:36:13.371Z"}
{"level":"info","message":"Starting IMD scraping with Puppeteer for dynamic content","timestamp":"2025-09-08T19:36:13.371Z"}
{"level":"info","message":"Found 5 alerts from subdivision warnings page","timestamp":"2025-09-08T19:36:23.560Z"}
{"level":"info","message":"Puppeteer scraping completed - Found 5 alerts","timestamp":"2025-09-08T19:36:23.670Z"}
{"alerts":5,"level":"info","message":"IMD weather data scraped successfully with Puppeteer","puppeteer_enabled":true,"sources":2,"timestamp":"2025-09-08T19:36:23.670Z"}
{"level":"info","message":"IMD weather data requested","timestamp":"2025-09-08T19:37:13.365Z"}
{"level":"info","message":"Returning cached IMD weather data","timestamp":"2025-09-08T19:37:13.365Z"}
{"level":"info","message":"IMD weather data requested","timestamp":"2025-09-08T19:38:13.355Z"}
{"level":"info","message":"Returning cached IMD weather data","timestamp":"2025-09-08T19:38:13.355Z"}
{"level":"info","message":"IMD weather data requested","timestamp":"2025-09-08T19:39:13.351Z"}
{"level":"info","message":"Starting IMD scraping with Puppeteer for dynamic content","timestamp":"2025-09-08T19:39:13.351Z"}
{"level":"info","message":"Found 3 alerts from subdivision warnings page","timestamp":"2025-09-08T19:39:22.665Z"}
{"level":"info","message":"Puppeteer scraping completed - Found 3 alerts","timestamp":"2025-09-08T19:39:22.787Z"}
{"alerts":3,"level":"info","message":"IMD weather data scraped successfully with Puppeteer","puppeteer_enabled":true,"sources":2,"timestamp":"2025-09-08T19:39:22.787Z"}
{"level":"info","message":"IMD weather data requested","timestamp":"2025-09-08T19:40:13.356Z"}
{"level":"info","message":"Returning cached IMD weather data","timestamp":"2025-09-08T19:40:13.356Z"}
{"level":"info","message":"IMD weather data requested","timestamp":"2025-09-08T19:41:13.352Z"}
{"level":"info","message":"Returning cached IMD weather data","timestamp":"2025-09-08T19:41:13.352Z"}
{"level":"info","message":"IMD weather data requested","timestamp":"2025-09-08T19:42:13.350Z"}
{"level":"info","message":"Starting IMD scraping with Puppeteer for dynamic content","timestamp":"2025-09-08T19:42:13.350Z"}
{"level":"info","message":"Found 3 alerts from subdivision warnings page","timestamp":"2025-09-08T19:42:24.114Z"}
{"level":"info","message":"Puppeteer scraping completed - Found 3 alerts","timestamp":"2025-09-08T19:42:24.229Z"}
{"alerts":3,"level":"info","message":"IMD weather data scraped successfully with Puppeteer","puppeteer_enabled":true,"sources":2,"timestamp":"2025-09-08T19:42:24.230Z"}
{"level":"info","message":"IMD weather data requested","timestamp":"2025-09-08T19:43:13.354Z"}
{"level":"info","message":"Returning cached IMD weather data","timestamp":"2025-09-08T19:43:13.354Z"}
{"level":"info","message":"IMD weather data requested","timestamp":"2025-09-08T19:44:13.347Z"}
{"level":"info","message":"Returning cached IMD weather data","timestamp":"2025-09-08T19:44:13.347Z"}
{"level":"info","message":"IMD weather data requested","timestamp":"2025-09-08T19:45:13.347Z"}
{"level":"info","message":"Starting IMD scraping with Puppeteer for dynamic content","timestamp":"2025-09-08T19:45:13.347Z"}
{"level":"info","message":"Found 4 alerts from subdivision warnings page","timestamp":"2025-09-08T19:45:23.739Z"}
{"level":"info","message":"Puppeteer scraping completed - Found 4 alerts","timestamp":"2025-09-08T19:45:23.847Z"}
{"alerts":4,"level":"info","message":"IMD weather data scraped successfully with Puppeteer","puppeteer_enabled":true,"sources":2,"timestamp":"2025-09-08T19:45:23.847Z"}
{"level":"info","message":"IMD weather data requested","timestamp":"2025-09-08T19:46:13.347Z"}
{"level":"info","message":"Returning cached IMD weather data","timestamp":"2025-09-08T19:46:13.347Z"}
{"level":"info","message":"IMD weather data requested","timestamp":"2025-09-08T19:47:13.347Z"}
{"level":"info","message":"Returning cached IMD weather data","timestamp":"2025-09-08T19:47:13.347Z"}
{"level":"info","message":"IMD weather data requested","timestamp":"2025-09-08T19:48:13.349Z"}
{"level":"info","message":"Starting IMD scraping with Puppeteer for dynamic content","timestamp":"2025-09-08T19:48:13.349Z"}
{"level":"info","message":"Found 4 alerts from subdivision warnings page","timestamp":"2025-09-08T19:48:23.933Z"}
{"level":"info","message":"Puppeteer scraping completed - Found 4 alerts","timestamp":"2025-09-08T19:48:24.055Z"}
{"alerts":4,"level":"info","message":"IMD weather data scraped successfully with Puppeteer","puppeteer_enabled":true,"sources":2,"timestamp":"2025-09-08T19:48:24.055Z"}
{"level":"info","message":"IMD weather data requested","timestamp":"2025-09-08T19:49:13.347Z"}
{"level":"info","message":"Returning cached IMD weather data","timestamp":"2025-09-08T19:49:13.347Z"}
{"level":"info","message":"IMD weather data requested","timestamp":"2025-09-08T19:50:13.346Z"}
{"level":"info","message":"Returning cached IMD weather data","timestamp":"2025-09-08T19:50:13.346Z"}
{"level":"info","message":"IMD weather data requested","timestamp":"2025-09-08T19:51:13.331Z"}
{"level":"info","message":"Starting IMD scraping with Puppeteer for dynamic content","timestamp":"2025-09-08T19:51:13.331Z"}
{"level":"info","message":"Found 5 alerts from subdivision warnings page","timestamp":"2025-09-08T19:51:23.261Z"}
{"level":"info","message":"Puppeteer scraping completed - Found 5 alerts","timestamp":"2025-09-08T19:51:23.371Z"}
{"alerts":5,"level":"info","message":"IMD weather data scraped successfully with Puppeteer","puppeteer_enabled":true,"sources":2,"timestamp":"2025-09-08T19:51:23.371Z"}
{"level":"info","message":"IMD weather data requested","timestamp":"2025-09-08T19:52:13.311Z"}
{"level":"info","message":"Returning cached IMD weather data","timestamp":"2025-09-08T19:52:13.311Z"}
{"level":"info","message":"IMD weather data requested","timestamp":"2025-09-08T19:53:13.302Z"}
{"level":"info","message":"Returning cached IMD weather data","timestamp":"2025-09-08T19:53:13.302Z"}
{"level":"info","message":"IMD weather data requested","timestamp":"2025-09-08T19:54:13.319Z"}
{"level":"info","message":"Starting IMD scraping with Puppeteer for dynamic content","timestamp":"2025-09-08T19:54:13.319Z"}
{"level":"info","message":"Found 4 alerts from subdivision warnings page","timestamp":"2025-09-08T19:54:23.972Z"}
{"level":"info","message":"Puppeteer scraping completed - Found 4 alerts","timestamp":"2025-09-08T19:54:24.136Z"}
{"alerts":4,"level":"info","message":"IMD weather data scraped successfully with Puppeteer","puppeteer_enabled":true,"sources":2,"timestamp":"2025-09-08T19:54:24.137Z"}
{"level":"info","message":"IMD weather data requested","timestamp":"2025-09-08T19:55:13.339Z"}
{"level":"info","message":"Returning cached IMD weather data","timestamp":"2025-09-08T19:55:13.339Z"}
{"level":"info","message":"IMD weather data requested","timestamp":"2025-09-08T19:56:13.332Z"}
{"level":"info","message":"Returning cached IMD weather data","timestamp":"2025-09-08T19:56:13.333Z"}
{"level":"info","message":"IMD weather data requested","timestamp":"2025-09-08T19:57:13.370Z"}
{"level":"info","message":"Starting IMD scraping with Puppeteer for dynamic content","timestamp":"2025-09-08T19:57:13.370Z"}
{"level":"info","message":"Found 5 alerts from subdivision warnings page","timestamp":"2025-09-08T19:57:24.994Z"}
{"level":"info","message":"Puppeteer scraping completed - Found 5 alerts","timestamp":"2025-09-08T19:57:25.389Z"}
{"alerts":5,"level":"info","message":"IMD weather data scraped successfully with Puppeteer","puppeteer_enabled":true,"sources":2,"timestamp":"2025-09-08T19:57:25.390Z"}
{"level":"info","message":"IMD weather data requested","timestamp":"2025-09-08T19:58:13.423Z"}
{"level":"info","message":"Returning cached IMD weather data","timestamp":"2025-09-08T19:58:13.423Z"}
{"level":"info","message":"IMD weather data requested","timestamp":"2025-09-08T19:59:13.311Z"}
{"level":"info","message":"Returning cached IMD weather data","timestamp":"2025-09-08T19:59:13.311Z"}
{"level":"info","message":"IMD weather data requested","timestamp":"2025-09-08T20:00:13.363Z"}
{"level":"info","message":"Starting IMD scraping with Puppeteer for dynamic content","timestamp":"2025-09-08T20:00:13.363Z"}
{"level":"info","message":"Found 4 alerts from subdivision warnings page","timestamp":"2025-09-08T20:00:26.309Z"}
{"level":"info","message":"Puppeteer scraping completed - Found 4 alerts","timestamp":"2025-09-08T20:00:26.447Z"}
{"alerts":4,"level":"info","message":"IMD weather data scraped successfully with Puppeteer","puppeteer_enabled":true,"sources":2,"timestamp":"2025-09-08T20:00:26.447Z"}
{"level":"info","message":"IMD weather data requested","timestamp":"2025-09-08T20:01:13.303Z"}
{"level":"info","message":"Returning cached IMD weather data","timestamp":"2025-09-08T20:01:13.303Z"}
{"level":"info","message":"IMD weather data requested","timestamp":"2025-09-08T20:02:13.323Z"}
{"level":"info","message":"Returning cached IMD weather data","timestamp":"2025-09-08T20:02:13.323Z"}
{"level":"info","message":"IMD weather data requested","timestamp":"2025-09-08T20:03:13.311Z"}
{"level":"info","message":"Starting IMD scraping with Puppeteer for dynamic content","timestamp":"2025-09-08T20:03:13.312Z"}
{"level":"info","message":"Found 4 alerts from subdivision warnings page","timestamp":"2025-09-08T20:03:23.752Z"}
{"level":"info","message":"Puppeteer scraping completed - Found 4 alerts","timestamp":"2025-09-08T20:03:23.953Z"}
{"alerts":4,"level":"info","message":"IMD weather data scraped successfully with Puppeteer","puppeteer_enabled":true,"sources":2,"timestamp":"2025-09-08T20:03:23.954Z"}
{"level":"info","message":"IMD weather data requested","timestamp":"2025-09-08T20:04:13.302Z"}
{"level":"info","message":"Returning cached IMD weather data","timestamp":"2025-09-08T20:04:13.302Z"}
{"level":"info","message":"IMD weather data requested","timestamp":"2025-09-08T20:05:13.299Z"}
{"level":"info","message":"Returning cached IMD weather data","timestamp":"2025-09-08T20:05:13.299Z"}
{"level":"info","message":"IMD weather data requested","timestamp":"2025-09-08T20:06:13.301Z"}
{"level":"info","message":"Starting IMD scraping with Puppeteer for dynamic content","timestamp":"2025-09-08T20:06:13.301Z"}
{"level":"info","message":"Found 4 alerts from subdivision warnings page","timestamp":"2025-09-08T20:06:23.635Z"}
{"level":"info","message":"Puppeteer scraping completed - Found 4 alerts","timestamp":"2025-09-08T20:06:23.765Z"}
{"alerts":4,"level":"info","message":"IMD weather data scraped successfully with Puppeteer","puppeteer_enabled":true,"sources":2,"timestamp":"2025-09-08T20:06:23.766Z"}
{"level":"info","message":"IMD weather data requested","timestamp":"2025-09-08T20:07:13.318Z"}
{"level":"info","message":"Returning cached IMD weather data","timestamp":"2025-09-08T20:07:13.319Z"}
{"level":"info","message":"IMD weather data requested","timestamp":"2025-09-08T20:08:13.318Z"}
{"level":"info","message":"Returning cached IMD weather data","timestamp":"2025-09-08T20:08:13.318Z"}
{"level":"info","message":"IMD weather data requested","timestamp":"2025-09-08T20:09:13.315Z"}
{"level":"info","message":"Starting IMD scraping with Puppeteer for dynamic content","timestamp":"2025-09-08T20:09:13.316Z"}
{"level":"info","message":"Found 4 alerts from subdivision warnings page","timestamp":"2025-09-08T20:09:23.923Z"}
{"level":"info","message":"Puppeteer scraping completed - Found 4 alerts","timestamp":"2025-09-08T20:09:24.113Z"}
{"alerts":4,"level":"info","message":"IMD weather data scraped successfully with Puppeteer","puppeteer_enabled":true,"sources":2,"timestamp":"2025-09-08T20:09:24.114Z"}
{"level":"info","message":"IMD weather data requested","timestamp":"2025-09-08T20:10:13.305Z"}
{"level":"info","message":"Returning cached IMD weather data","timestamp":"2025-09-08T20:10:13.305Z"}
{"level":"info","message":"IMD weather data requested","timestamp":"2025-09-08T20:11:13.311Z"}
{"level":"info","message":"Returning cached IMD weather data","timestamp":"2025-09-08T20:11:13.311Z"}
{"level":"info","message":"IMD weather data requested","timestamp":"2025-09-08T20:12:13.296Z"}
{"level":"info","message":"Starting IMD scraping with Puppeteer for dynamic content","timestamp":"2025-09-08T20:12:13.296Z"}
{"level":"warn","message":"Error scraping subdivision warnings: Navigation timeout of 30000 ms exceeded","timestamp":"2025-09-08T20:12:45.204Z"}
{"level":"info","message":"Puppeteer scraping completed - Found 0 alerts","timestamp":"2025-09-08T20:12:45.303Z"}
{"level":"info","message":"No IMD alerts found during scraping - this may indicate scraping issues or no active warnings","timestamp":"2025-09-08T20:12:45.303Z"}
{"alerts":0,"level":"info","message":"IMD weather data scraped successfully with Puppeteer","puppeteer_enabled":true,"sources":2,"timestamp":"2025-09-08T20:12:45.303Z"}
{"level":"info","message":"IMD weather data requested","timestamp":"2025-09-08T20:13:13.292Z"}
{"level":"info","message":"Returning cached IMD weather data","timestamp":"2025-09-08T20:13:13.292Z"}
{"level":"info","message":"IMD weather data requested","timestamp":"2025-09-08T20:14:13.301Z"}
{"level":"info","message":"Returning cached IMD weather data","timestamp":"2025-09-08T20:14:13.301Z"}
{"level":"info","message":"IMD weather data requested","timestamp":"2025-09-08T20:15:13.314Z"}
{"level":"info","message":"Starting IMD scraping with Puppeteer for dynamic content","timestamp":"2025-09-08T20:15:13.314Z"}
{"level":"info","message":"Found 4 alerts from subdivision warnings page","timestamp":"2025-09-08T20:15:26.257Z"}
{"level":"info","message":"Puppeteer scraping completed - Found 4 alerts","timestamp":"2025-09-08T20:15:26.390Z"}
{"alerts":4,"level":"info","message":"IMD weather data scraped successfully with Puppeteer","puppeteer_enabled":true,"sources":2,"timestamp":"2025-09-08T20:15:26.391Z"}
{"level":"info","message":"IMD weather data requested","timestamp":"2025-09-08T20:16:13.292Z"}
{"level":"info","message":"Returning cached IMD weather data","timestamp":"2025-09-08T20:16:13.292Z"}
{"level":"info","message":"IMD weather data requested","timestamp":"2025-09-08T20:17:13.292Z"}
{"level":"info","message":"Returning cached IMD weather data","timestamp":"2025-09-08T20:17:13.292Z"}
{"level":"info","message":"IMD weather data requested","timestamp":"2025-09-08T20:18:13.293Z"}
{"level":"info","message":"Starting IMD scraping with Puppeteer for dynamic content","timestamp":"2025-09-08T20:18:13.293Z"}
{"level":"info","message":"Found 5 alerts from subdivision warnings page","timestamp":"2025-09-08T20:18:41.117Z"}
{"level":"info","message":"Puppeteer scraping completed - Found 5 alerts","timestamp":"2025-09-08T20:18:41.239Z"}
{"alerts":5,"level":"info","message":"IMD weather data scraped successfully with Puppeteer","puppeteer_enabled":true,"sources":2,"timestamp":"2025-09-08T20:18:41.239Z"}
{"level":"info","message":"IMD weather data requested","timestamp":"2025-09-08T20:20:13.300Z"}
{"level":"info","message":"Starting IMD scraping with Puppeteer for dynamic content","timestamp":"2025-09-08T20:20:13.300Z"}
{"level":"info","message":"Found 3 alerts from subdivision warnings page","timestamp":"2025-09-08T20:20:28.871Z"}
{"level":"info","message":"Puppeteer scraping completed - Found 3 alerts","timestamp":"2025-09-08T20:20:29.005Z"}
{"alerts":3,"level":"info","message":"IMD weather data scraped successfully with Puppeteer","puppeteer_enabled":true,"sources":2,"timestamp":"2025-09-08T20:20:29.006Z"}
{"level":"info","message":"IMD weather data requested","timestamp":"2025-09-08T20:21:13.294Z"}
{"level":"info","message":"Starting IMD scraping with Puppeteer for dynamic content","timestamp":"2025-09-08T20:21:13.294Z"}
{"level":"info","message":"IMD weather data requested","timestamp":"2025-09-08T20:22:13.297Z"}
{"level":"info","message":"Starting IMD scraping with Puppeteer for dynamic content","timestamp":"2025-09-08T20:22:13.298Z"}
{"level":"info","message":"Found 5 alerts from subdivision warnings page","timestamp":"2025-09-08T20:22:30.656Z"}
{"level":"info","message":"Puppeteer scraping completed - Found 5 alerts","timestamp":"2025-09-08T20:22:30.784Z"}
{"alerts":5,"level":"info","message":"IMD weather data scraped successfully with Puppeteer","puppeteer_enabled":true,"sources":2,"timestamp":"2025-09-08T20:22:30.785Z"}
{"level":"info","message":"IMD weather data requested","timestamp":"2025-09-08T20:23:13.290Z"}
{"level":"info","message":"Starting IMD scraping with Puppeteer for dynamic content","timestamp":"2025-09-08T20:23:13.290Z"}
{"level":"info","message":"Found 4 alerts from subdivision warnings page","timestamp":"2025-09-08T20:23:27.249Z"}
{"level":"info","message":"Puppeteer scraping completed - Found 4 alerts","timestamp":"2025-09-08T20:23:27.374Z"}
{"alerts":4,"level":"info","message":"IMD weather data scraped successfully with Puppeteer","puppeteer_enabled":true,"sources":2,"timestamp":"2025-09-08T20:23:27.375Z"}
{"level":"info","message":"IMD weather data requested","timestamp":"2025-09-08T20:24:13.296Z"}
{"level":"info","message":"Starting IMD scraping with Puppeteer for dynamic content","timestamp":"2025-09-08T20:24:13.296Z"}
{"level":"info","message":"Found 5 alerts from subdivision warnings page","timestamp":"2025-09-08T20:24:26.331Z"}
{"level":"info","message":"Puppeteer scraping completed - Found 5 alerts","timestamp":"2025-09-08T20:24:26.461Z"}
{"alerts":5,"level":"info","message":"IMD weather data scraped successfully with Puppeteer","puppeteer_enabled":true,"sources":2,"timestamp":"2025-09-08T20:24:26.461Z"}
{"level":"info","message":"IMD weather data requested","timestamp":"2025-09-08T20:25:13.281Z"}
{"level":"info","message":"Starting IMD scraping with Puppeteer for dynamic content","timestamp":"2025-09-08T20:25:13.281Z"}
{"level":"info","message":"Found 3 alerts from subdivision warnings page","timestamp":"2025-09-08T20:25:27.399Z"}
{"level":"info","message":"Puppeteer scraping completed - Found 3 alerts","timestamp":"2025-09-08T20:25:27.517Z"}
{"alerts":3,"level":"info","message":"IMD weather data scraped successfully with Puppeteer","puppeteer_enabled":true,"sources":2,"timestamp":"2025-09-08T20:25:27.517Z"}
{"level":"info","message":"IMD weather data requested","timestamp":"2025-09-08T20:26:13.287Z"}
{"level":"info","message":"Starting IMD scraping with Puppeteer for dynamic content","timestamp":"2025-09-08T20:26:13.287Z"}
{"level":"info","message":"Found 3 alerts from subdivision warnings page","timestamp":"2025-09-08T20:26:27.146Z"}
{"level":"info","message":"Puppeteer scraping completed - Found 3 alerts","timestamp":"2025-09-08T20:26:27.276Z"}
{"alerts":3,"level":"info","message":"IMD weather data scraped successfully with Puppeteer","puppeteer_enabled":true,"sources":2,"timestamp":"2025-09-08T20:26:27.277Z"}
{"level":"info","message":"IMD weather data requested","timestamp":"2025-09-08T20:27:13.325Z"}
{"level":"info","message":"Starting IMD scraping with Puppeteer for dynamic content","timestamp":"2025-09-08T20:27:13.325Z"}
{"level":"info","message":"Found 5 alerts from subdivision warnings page","timestamp":"2025-09-08T20:27:35.899Z"}
{"level":"info","message":"Puppeteer scraping completed - Found 5 alerts","timestamp":"2025-09-08T20:27:36.069Z"}
{"alerts":5,"level":"info","message":"IMD weather data scraped successfully with Puppeteer","puppeteer_enabled":true,"sources":2,"timestamp":"2025-09-08T20:27:36.069Z"}
{"level":"info","message":"IMD weather data requested","timestamp":"2025-09-08T20:28:13.287Z"}
{"level":"info","message":"Starting IMD scraping with Puppeteer for dynamic content","timestamp":"2025-09-08T20:28:13.287Z"}
{"level":"info","message":"Found 3 alerts from subdivision warnings page","timestamp":"2025-09-08T20:28:36.685Z"}
{"level":"info","message":"Puppeteer scraping completed - Found 3 alerts","timestamp":"2025-09-08T20:28:36.802Z"}
{"alerts":3,"level":"info","message":"IMD weather data scraped successfully with Puppeteer","puppeteer_enabled":true,"sources":2,"timestamp":"2025-09-08T20:28:36.802Z"}
{"level":"info","message":"IMD weather data requested","timestamp":"2025-09-08T20:29:13.289Z"}
{"level":"info","message":"Starting IMD scraping with Puppeteer for dynamic content","timestamp":"2025-09-08T20:29:13.289Z"}
{"level":"info","message":"Found 5 alerts from subdivision warnings page","timestamp":"2025-09-08T20:29:41.941Z"}
{"level":"info","message":"Puppeteer scraping completed - Found 5 alerts","timestamp":"2025-09-08T20:29:42.069Z"}
{"alerts":5,"level":"info","message":"IMD weather data scraped successfully with Puppeteer","puppeteer_enabled":true,"sources":2,"timestamp":"2025-09-08T20:29:42.070Z"}
{"level":"info","message":"IMD weather data requested","timestamp":"2025-09-08T20:30:13.305Z"}
{"level":"info","message":"Starting IMD scraping with Puppeteer for dynamic content","timestamp":"2025-09-08T20:30:13.305Z"}
{"level":"info","message":"Found 5 alerts from subdivision warnings page","timestamp":"2025-09-08T20:30:30.002Z"}
{"level":"info","message":"Puppeteer scraping completed - Found 5 alerts","timestamp":"2025-09-08T20:30:30.225Z"}
{"alerts":5,"level":"info","message":"IMD weather data scraped successfully with Puppeteer","puppeteer_enabled":true,"sources":2,"timestamp":"2025-09-08T20:30:30.226Z"}
{"level":"info","message":"IMD weather data requested","timestamp":"2025-09-08T20:31:13.288Z"}
{"level":"info","message":"Starting IMD scraping with Puppeteer for dynamic content","timestamp":"2025-09-08T20:31:13.288Z"}
{"level":"info","message":"Found 3 alerts from subdivision warnings page","timestamp":"2025-09-08T20:31:28.916Z"}
{"level":"info","message":"Puppeteer scraping completed - Found 3 alerts","timestamp":"2025-09-08T20:31:29.038Z"}
{"alerts":3,"level":"info","message":"IMD weather data scraped successfully with Puppeteer","puppeteer_enabled":true,"sources":2,"timestamp":"2025-09-08T20:31:29.038Z"}
{"level":"info","message":"IMD weather data requested","timestamp":"2025-09-08T20:32:13.283Z"}
{"level":"info","message":"Starting IMD scraping with Puppeteer for dynamic content","timestamp":"2025-09-08T20:32:13.283Z"}
{"level":"info","message":"Found 3 alerts from subdivision warnings page","timestamp":"2025-09-08T20:32:26.956Z"}
{"level":"info","message":"Puppeteer scraping completed - Found 3 alerts","timestamp":"2025-09-08T20:32:27.065Z"}
{"alerts":3,"level":"info","message":"IMD weather data scraped successfully with Puppeteer","puppeteer_enabled":true,"sources":2,"timestamp":"2025-09-08T20:32:27.065Z"}
{"level":"info","message":"IMD weather data requested","timestamp":"2025-09-08T20:33:13.276Z"}
{"level":"info","message":"Starting IMD scraping with Puppeteer for dynamic content","timestamp":"2025-09-08T20:33:13.276Z"}
{"level":"info","message":"Found 4 alerts from subdivision warnings page","timestamp":"2025-09-08T20:33:30.384Z"}
{"level":"info","message":"Puppeteer scraping completed - Found 4 alerts","timestamp":"2025-09-08T20:33:30.502Z"}
{"alerts":4,"level":"info","message":"IMD weather data scraped successfully with Puppeteer","puppeteer_enabled":true,"sources":2,"timestamp":"2025-09-08T20:33:30.502Z"}
{"level":"info","message":"IMD weather data requested","timestamp":"2025-09-08T20:34:13.279Z"}
{"level":"info","message":"Starting IMD scraping with Puppeteer for dynamic content","timestamp":"2025-09-08T20:34:13.279Z"}
{"level":"info","message":"Found 4 alerts from subdivision warnings page","timestamp":"2025-09-08T20:34:27.885Z"}
{"level":"info","message":"Puppeteer scraping completed - Found 4 alerts","timestamp":"2025-09-08T20:34:27.993Z"}
{"alerts":4,"level":"info","message":"IMD weather data scraped successfully with Puppeteer","puppeteer_enabled":true,"sources":2,"timestamp":"2025-09-08T20:34:27.993Z"}
{"level":"info","message":"IMD weather data requested","timestamp":"2025-09-08T20:35:13.271Z"}
{"level":"info","message":"Starting IMD scraping with Puppeteer for dynamic content","timestamp":"2025-09-08T20:35:13.271Z"}
{"level":"info","message":"Found 5 alerts from subdivision warnings page","timestamp":"2025-09-08T20:35:26.205Z"}
{"level":"info","message":"Puppeteer scraping completed - Found 5 alerts","timestamp":"2025-09-08T20:35:26.317Z"}
{"alerts":5,"level":"info","message":"IMD weather data scraped successfully with Puppeteer","puppeteer_enabled":true,"sources":2,"timestamp":"2025-09-08T20:35:26.318Z"}
{"level":"info","message":"IMD weather data requested","timestamp":"2025-09-08T20:36:13.275Z"}
{"level":"info","message":"Starting IMD scraping with Puppeteer for dynamic content","timestamp":"2025-09-08T20:36:13.275Z"}
{"level":"info","message":"Found 4 alerts from subdivision warnings page","timestamp":"2025-09-08T20:36:32.670Z"}
{"level":"info","message":"Puppeteer scraping completed - Found 4 alerts","timestamp":"2025-09-08T20:36:32.774Z"}
{"alerts":4,"level":"info","message":"IMD weather data scraped successfully with Puppeteer","puppeteer_enabled":true,"sources":2,"timestamp":"2025-09-08T20:36:32.774Z"}
{"level":"info","message":"IMD weather data requested","timestamp":"2025-09-08T20:37:13.324Z"}
{"level":"info","message":"Starting IMD scraping with Puppeteer for dynamic content","timestamp":"2025-09-08T20:37:13.324Z"}
{"level":"info","message":"Found 3 alerts from subdivision warnings page","timestamp":"2025-09-08T20:37:33.775Z"}
{"level":"info","message":"Puppeteer scraping completed - Found 3 alerts","timestamp":"2025-09-08T20:37:33.898Z"}
{"alerts":3,"level":"info","message":"IMD weather data scraped successfully with Puppeteer","puppeteer_enabled":true,"sources":2,"timestamp":"2025-09-08T20:37:33.898Z"}
{"level":"info","message":"IMD weather data requested","timestamp":"2025-09-08T20:38:13.349Z"}
{"level":"info","message":"Starting IMD scraping with Puppeteer for dynamic content","timestamp":"2025-09-08T20:38:13.349Z"}
{"level":"info","message":"Found 4 alerts from subdivision warnings page","timestamp":"2025-09-08T20:38:33.213Z"}
{"level":"info","message":"Puppeteer scraping completed - Found 4 alerts","timestamp":"2025-09-08T20:38:33.428Z"}
{"alerts":4,"level":"info","message":"IMD weather data scraped successfully with Puppeteer","puppeteer_enabled":true,"sources":2,"timestamp":"2025-09-08T20:38:33.431Z"}
{"level":"info","message":"IMD weather data requested","timestamp":"2025-09-08T20:39:13.281Z"}
{"level":"info","message":"Starting IMD scraping with Puppeteer for dynamic content","timestamp":"2025-09-08T20:39:13.281Z"}
{"level":"info","message":"Found 5 alerts from subdivision warnings page","timestamp":"2025-09-08T20:39:27.085Z"}
{"level":"info","message":"Puppeteer scraping completed - Found 5 alerts","timestamp":"2025-09-08T20:39:27.189Z"}
{"alerts":5,"level":"info","message":"IMD weather data scraped successfully with Puppeteer","puppeteer_enabled":true,"sources":2,"timestamp":"2025-09-08T20:39:27.189Z"}
{"level":"info","message":"IMD weather data requested","timestamp":"2025-09-08T20:40:13.280Z"}
{"level":"info","message":"Starting IMD scraping with Puppeteer for dynamic content","timestamp":"2025-09-08T20:40:13.281Z"}
{"level":"info","message":"Found 4 alerts from subdivision warnings page","timestamp":"2025-09-08T20:40:30.811Z"}
{"level":"info","message":"Puppeteer scraping completed - Found 4 alerts","timestamp":"2025-09-08T20:40:30.930Z"}
{"alerts":4,"level":"info","message":"IMD weather data scraped successfully with Puppeteer","puppeteer_enabled":true,"sources":2,"timestamp":"2025-09-08T20:40:30.930Z"}
{"level":"info","message":"IMD weather data requested","timestamp":"2025-09-08T20:41:13.274Z"}
{"level":"info","message":"Starting IMD scraping with Puppeteer for dynamic content","timestamp":"2025-09-08T20:41:13.274Z"}
{"level":"info","message":"Found 5 alerts from subdivision warnings page","timestamp":"2025-09-08T20:41:25.809Z"}
{"level":"info","message":"Puppeteer scraping completed - Found 5 alerts","timestamp":"2025-09-08T20:41:25.924Z"}
{"alerts":5,"level":"info","message":"IMD weather data scraped successfully with Puppeteer","puppeteer_enabled":true,"sources":2,"timestamp":"2025-09-08T20:41:25.924Z"}
{"level":"info","message":"IMD weather data requested","timestamp":"2025-09-08T20:42:13.263Z"}
{"level":"info","message":"Starting IMD scraping with Puppeteer for dynamic content","timestamp":"2025-09-08T20:42:13.263Z"}
{"level":"info","message":"Found 5 alerts from subdivision warnings page","timestamp":"2025-09-08T20:42:27.977Z"}
{"level":"info","message":"Puppeteer scraping completed - Found 5 alerts","timestamp":"2025-09-08T20:42:28.101Z"}
{"alerts":5,"level":"info","message":"IMD weather data scraped successfully with Puppeteer","puppeteer_enabled":true,"sources":2,"timestamp":"2025-09-08T20:42:28.101Z"}
{"level":"info","message":"IMD weather data requested","timestamp":"2025-09-08T20:43:13.268Z"}
{"level":"info","message":"Starting IMD scraping with Puppeteer for dynamic content","timestamp":"2025-09-08T20:43:13.268Z"}
{"level":"info","message":"Found 4 alerts from subdivision warnings page","timestamp":"2025-09-08T20:43:24.506Z"}
{"level":"info","message":"Puppeteer scraping completed - Found 4 alerts","timestamp":"2025-09-08T20:43:24.602Z"}
{"alerts":4,"level":"info","message":"IMD weather data scraped successfully with Puppeteer","puppeteer_enabled":true,"sources":2,"timestamp":"2025-09-08T20:43:24.603Z"}
{"level":"info","message":"IMD weather data requested","timestamp":"2025-09-08T20:44:13.265Z"}
{"level":"info","message":"Starting IMD scraping with Puppeteer for dynamic content","timestamp":"2025-09-08T20:44:13.266Z"}
{"level":"info","message":"Found 3 alerts from subdivision warnings page","timestamp":"2025-09-08T20:44:22.395Z"}
{"level":"info","message":"Puppeteer scraping completed - Found 3 alerts","timestamp":"2025-09-08T20:44:22.504Z"}
{"alerts":3,"level":"info","message":"IMD weather data scraped successfully with Puppeteer","puppeteer_enabled":true,"sources":2,"timestamp":"2025-09-08T20:44:22.504Z"}
{"level":"info","message":"IMD weather data requested","timestamp":"2025-09-08T20:45:13.271Z"}
{"level":"info","message":"Starting IMD scraping with Puppeteer for dynamic content","timestamp":"2025-09-08T20:45:13.271Z"}
{"level":"info","message":"Found 4 alerts from subdivision warnings page","timestamp":"2025-09-08T20:45:27.974Z"}
{"level":"info","message":"Puppeteer scraping completed - Found 4 alerts","timestamp":"2025-09-08T20:45:28.104Z"}
{"alerts":4,"level":"info","message":"IMD weather data scraped successfully with Puppeteer","puppeteer_enabled":true,"sources":2,"timestamp":"2025-09-08T20:45:28.105Z"}
{"level":"info","message":"IMD weather data requested","timestamp":"2025-09-08T20:46:13.271Z"}
{"level":"info","message":"Starting IMD scraping with Puppeteer for dynamic content","timestamp":"2025-09-08T20:46:13.271Z"}
{"level":"info","message":"Found 3 alerts from subdivision warnings page","timestamp":"2025-09-08T20:46:23.694Z"}
{"level":"info","message":"Puppeteer scraping completed - Found 3 alerts","timestamp":"2025-09-08T20:46:23.813Z"}
{"alerts":3,"level":"info","message":"IMD weather data scraped successfully with Puppeteer","puppeteer_enabled":true,"sources":2,"timestamp":"2025-09-08T20:46:23.813Z"}
{"level":"info","message":"IMD weather data requested","timestamp":"2025-09-08T20:47:13.269Z"}
{"level":"info","message":"Starting IMD scraping with Puppeteer for dynamic content","timestamp":"2025-09-08T20:47:13.269Z"}
{"level":"info","message":"Found 4 alerts from subdivision warnings page","timestamp":"2025-09-08T20:47:22.095Z"}
{"level":"info","message":"Puppeteer scraping completed - Found 4 alerts","timestamp":"2025-09-08T20:47:22.212Z"}
{"alerts":4,"level":"info","message":"IMD weather data scraped successfully with Puppeteer","puppeteer_enabled":true,"sources":2,"timestamp":"2025-09-08T20:47:22.213Z"}
{"level":"info","message":"IMD weather data requested","timestamp":"2025-09-08T20:48:13.265Z"}
{"level":"info","message":"Starting IMD scraping with Puppeteer for dynamic content","timestamp":"2025-09-08T20:48:13.265Z"}
{"level":"info","message":"Found 3 alerts from subdivision warnings page","timestamp":"2025-09-08T20:48:24.157Z"}
{"level":"info","message":"Puppeteer scraping completed - Found 3 alerts","timestamp":"2025-09-08T20:48:24.269Z"}
{"alerts":3,"level":"info","message":"IMD weather data scraped successfully with Puppeteer","puppeteer_enabled":true,"sources":2,"timestamp":"2025-09-08T20:48:24.269Z"}
